1111,eace9875730784fa5e128f19229dd5b7cd1c0b58
2917,2cb79498cc84c3ba640792fb688f4c9e4a932a5c
1058,1f5e8a0b20766fb4bbca8c7133123c74616fe770
3115,5dc0dd94c55405c87cda6653eb45aa50dafc1810
3132,f878f90c267ec45ef1091d98b7d92e77020d5ea4
1298,3eb369c6ca575b4609b8c0cb4591260e51443621
2036,92ec30d7a0e9e8b2ffb6d874fa181e47b8f75306
2697,2ff7f198c2cf0e9c7952a5e7b7eddefe6bfde0c7
1346,7d359641d5fa0583d5fb25ac7ff067aa5dfb6b88
4170,9b21bc2cf65bf1800bbadd5532cb44a31dc37d47
1257,cb2bb37194715ced5adfa73248d486c15173d40b
3722,8f24e82526849305d58ef43ac902e93b536aa646
2900,d1c2b520b3c3f0c5690c89ac1973a1ff120725ca
1563,eb17ec256f7b723c002fbe70ef350f54f592549c
1751,ac30816fe7fab9eb69f82dfcce0e2bfe28fb0a69
3463,e18f6545d95181aae300ef72ec6121ac6cb160f0
4112,f947c43b34904297f2e5fd967604631cc0c366cb
1037,4585568251fba0bbfcf88c8b52497fb299e572c7
3355,06ca22396264d6abeb82ac76cb4cb00e5a4d15b2
4101,9e494884fb088bff976ec6826a0e3674674957e0
4043,2d29b318321132dd973b3b9727e49e621700f204
830,a1a74e9b37d55e096baea9f596bfb5cbe86de04b
1788,2c664e4b45d9c138f3260f0c1fe56a92f95677ce
3926,58e602f70640eeeb50a35ca9aaf16268bc5b77c0
1159,31c1e92cab90c831473e0be9dade25a2dcd68049
1911,fb68eba85cf733456e521f207acee6ff7f0757eb
2623,f752221fa731e38ebcfbcee1434cf05104b64dad
3286,e090b940643b85af7f3d5db2aeecf00bcbe22be3
1142,ff393ebd343e52111969e8c832824e375ea2e939
1515,59b2410183c5177ac0fe17f1b4aa408a3167606f
1497,bfbd5868ce1eab1cde94ef4d079c5407c31042e0
4259,f5049cf026ed897d940c948c101429a6a9488f46
3135,f25d1fbc752c2173e019a04dd122f8a235eb87c1
2813,7225fb77dc02a0d4218ae713745f9a100e918298
2632,7225fb77dc02a0d4218ae713745f9a100e918298
3648,2f1627fd3d1132c1e45a9d82e772c2a2dd64a69c
1190,d0c3cd43225c11618c2cd62b24cabca7afc6c38e
1265,f7d6e2fc7b51721f04801d7864c0d749932ef143
1779,d5ba5ffbb9943b7aac9e66f9e8dd3402c0561d68
992,3e564092a41df77ac2fe5c943cd1c0e41a139753
1683,6aa62feb54ce195c4ff8de20864d2f407544ad32
1978,07a0d34e4e64ff1162730bec58aaac81c3ef3034
3147,2910d503cea662c1c9a6638e0fc3135e054ae72f
2764,95d8342c020ccbbc7eedced55fc639a5f55ef809
799,500b8f26383e205e706ef70f2e2fd2ce296932a9
1865,9348e91b95a5490ee62032053a6ac88ef4778914
3838,40b396a75153dc33bc445ee483ec8760e9a3fb25
3984,0512bf049a9b6bbafea645f650388ac99fc54507
653,6b4592fe312baaf1a8c8a4a969c4d4102114cf8e
750,f23ef277cfeb370740e80966defcfe53e58207bc
490,f23ef277cfeb370740e80966defcfe53e58207bc
1890,f4cb8486c7982b0c01c0e181109825187502e188
2556,ab4ed00b42907ca804d0a99c002670291e8b15af
2508,b701d904f1e4a1d71979613859ff92ece171c2dd
814,ad88a576943a8c84a498db0a70ea168a88347646
1075,2bd8c695605491c9377f9f81dbb6243158d0950b
1760,8e848844ea12acd482c6f4e0a76f066372d24834
1745,2252c9537f8d60f2a12cbe2b9a9011c970b14b23
2953,cc116811b5a39f4c421f0e32dec0b4a68e3f7952
2358,4c6b9622f6f4eef3502c644744a1a83b66e57653
693,576e650ed2276cfcf638fc91ec67c0cfd863c75f
1101,15d841705251e90a94973754a9803b07975df3b8
2639,ef409769782fd1c8541b53ed2131cf0e58851556
3336,62660f2c0ec4ab3e285cdd2d9238ed6479ccf1fc
2840,a44936889526d8b3149e970251d6170f208cf4d7
2691,4b8c43d062d14b85b445a49f67dc3a8467c82cb1
697,5fbba6e7b823b428b9404fe0728275b262379a1e
1149,06d5d4c6ea2b66543a5dab55e9f87a504f4c6d06
1186,149e0fcf54970b106c6ae0b68fb8f2d3a551238d
2228,fd6a477afcb57d27642dd9cda8069d7598c077a0
4020,1ef4ad194c35bcc6391a37ba00ce726f6fc88b33
1022,d5c74bbab410d242e3b2b35db128e52d81e31b87
3435,f13085ce323ad890447f3db938275d32695d2b41
2525,d376dea281dd547dab017d9a91c067e2516770ff
1595,dbd4e0d4279e81f9fcc3e16c9d7d78ad72ab77b5
1381,ab395e52362af1434efe553bb3b11442c3e657ab
2895,98fde835c609edb7ef87cdf1d30b71e7662df7e5
1791,08157601d8525f97cd2e073c786143585bb0923f
2839,03874ffb1cd0e63e34f235945e6e9a30c8211ab1
2499,7e7e804a38fae89fad7b59e0d5970ed1f0e5f66f
2765,89c4f05a95c08d9283beb53a160adb795007b77d
2650,d3f9b002576d34c413a1d46808d3c91aa1796e8b
2140,ee2d7c5ec93601a89d4292c42b7e479de5d958a8
3410,424c824259d7da2a641e0dea271be1dacae8857f
2909,1ee3379ece6bae49739f796cca065beb09e4e76f
3558,96cae7cc2b9a26577f102e555466d4ecd1b256d1
2125,656ff822ef55bc58e9581993824692f2c3412282
2968,f18093ac5c475f433509a4636f11c2cb2f46600b
1361,e33852b03e014941006e085f99bff9b8012ab93e
1116,49760a9f22cebaa04667df97dd9f3a1271d1bbf8
1394,5e9f82478970ef19ab29267b1b129e1eb25fa7b6
1012,2cade3f0393f6986bc3bc9cc984279f453d60dd9
1526,ab3e9444a8a8e6cf64f8836ed1e84a997b1cdcdb
1566,2c022431d8655fa2a1e4d7b9c40f344536c7999f
692,98f01f5d875b6c4f83c0d5469456457865b653c8
2049,c41f507be46268117fe0720300057c19fb504e9c
1026,087d09fc6a925b9a75f740df039571409270a47c
1725,7e2b38db6619275a81e16b236873ca4b27c4d7c8
4215,443b921092fe11f6822966beb1d1c204071edacc
1188,5c7ef345c0885726bec8f08f112076b357097371
712,e0430bf85876d30db93f042e39b1e0153a6c4baf
4151,f992e802d182da784be3c5298a99f7081745c40b
3377,d3324852207252e156d13fc6ee75d26149ff6731
200,497726f8950d1b6277485c93e1d830a90596a2f3
3782,68ad27f63b15bc9ffa709083e2a26fd5a71b8296
3308,355affac41292f40dcaabced4c54ed214f8c97c6
1775,06145d83b678cb416ae2370b2a9ac35f025306f4
671,9bb4668a2cd259bdfa8b5b91e3d9f62da54f1772
3860,4113e94c6ad3b90c1b5fcd25b59bac09218a6ad4
1996,a37db21e381dbc97dd5c52d3472aece07469a111
1618,aea95559057b6b52c3ca7ed380543d94179b220c
3968,b90db8d55fcbbd95a283fa9f28c11bdc03a2522e
1310,e9085fde7bf75f4b12a0416538eb00f0ec8fcb84
987,6c9c3d38b2ec1de1e0a7e595692787a8611a3260
1514,2006a7609c2e4995c2d0ff2fc4db99ccf80fd93e
1251,01e9e2674ca142d349832376cd0bab802bd5ffaa
2659,898813a9538c6727774436487df64f074aaaa9dc
4047,7bf6fd385bfa0d3180c10b0de228628b1a6ff5ac
1154,952fd33b38f74e63d2b1c5bd8918cb94145141a6
2604,b4ffe63619813af3c1618839272fb95b5817711d
3956,cef632559855f1abac0448c4cafd3454f81eb217
1106,ea71e00e9f13f49d44ab728fac55148f3071bfbc
1051,f2c54dd55231e27d70e8c58437c7a9078f96f9cb
3449,d616fc9a0b6e33b4a8a0400944f5cab97d92312c
3832,d616fc9a0b6e33b4a8a0400944f5cab97d92312c
3135,78dfe0a7f0609da3ef7eb313ccd724d0ec76004d
882,48838be5cc0a4ab0f27ac1cb8a52903824d924ac
506,2360979b37e538c2cbd9b55ea36a8f7fdf9c6434
3156,e44bfb3f3813f4fa64e0f0df66356ba3be92d7a2
3731,0a9d623ecf66f32ef6abf91a0cba30b6c62f3f35
4054,4ac5de928aab6c3a9975e9abc1bee65922943cf3
2918,37c604329566e2d60a9e76d0999f9f3c6831431b
2998,10fa985edb9014c185031ce3504c5fa40a7f6f7e
3569,c03d9fedc01031d0706eb6b0c4b4f8fda39d69b6
990,ebaeed568a0c0fd05af6d8716d2bd6daf5d8aaf0
3075,db8e3a7c4c2bd1142ed86a58c3895ec351473f31
4031,1155acba1084e49cebf0458573fa696b32fdbf7a
3915,ea985ed9133bfa4fab667035ea4545c3c3a18857
804,6c0cdfeb9d2daf997df8ccea091873706ef3b160
4075,b99c90e3ff5469bff8dd4b98f029e633b30cb22d
1489,74c61bad9725e0654e7fc79a905324fa337d9bc1
705,b4122430450bc11e42e8a2d87f4e0508a8db4d4e
1155,b783c05b47d65f04645fdb703ddd49c2e9bc6942
1984,bbf2f3f5c01173208719707274740673a7bb6d77
1617,d960225e209df0195dd5f1a99344fc78f693b44a
2741,12055f10ac39bb2e8f6868a193b7c1a641ec7af4
1069,96494599447fe8afb98e4168e9846811edfd7dae
1881,bb00f0d1a67f3d66943368b1ddbe99e1704764db
3304,f8df2ef1b1ba51b338363ef27d93b61c1f2a2111
3833,7ab97419ab89dc7abf9ebf94bc3edb2b88747fa5
2887,6c07ba625ef7ae2c7c49cc0381806e275904b22f
1415,f631f03ecc7eb50d6e65219de68aab4607674531
4253,544ef7f82dbc559806f874d059aed6cc8f88ca75
1775,cca15bd0e7ef47cb3e5cc49c6b54d3473fe04ca0
1618,0749adcfac27eb120c07736a03f4a9bf3cc618fa
2337,83ec9e028b93a630a40e05615bb6c344b2b4ced9
2848,ce746b9aede8263c9a2f26fcabca2adf5164a774
2267,7d3c5f48a58b2f147606f74cf9daab96b453b058
1707,239ebd5995fa2c6c442d3dbfc6211ed742545a26
3463,836623a7120aa2c304e9e3f18dc7cc19e7d41ae0
626,b5da18c2fcc43b5bf5512701cda9bf7a174e0999
1064,da4844400a0d97d8eb12c674da9ba36b0b6ea681
4078,76bd96c63fbd45529a17e4e792ce0a44d00dfcba
3223,bcba8a7a2726fd34785329d0a6455020cc098a7f
4093,db5f727fb5bda2ab1e2f51c4c9d88eb3327a753c
4319,db5f727fb5bda2ab1e2f51c4c9d88eb3327a753c
1311,a8e48f357cab8cd995eb68dd1c23ae7572db38f4
3331,9327b63c89c9b93ce3a66fd2604fda18e05dfb2d
1649,b298df7deff1109e67fc5cf21bf363fa53c96413
1456,40e18bad8522f1f368114ed9b442b3dd3e6a4922
438,67881e4b78fecce33f6f16ce7d218980056200bb
1015,314235f6ea086794de5ea7e3b9a33b7db905e760
2627,90aee49d68f434624032e210d3e91faf1873662b
2002,8804af6a29f629a59089ecd78b6372970aff9bb0
2028,bc5cf14a79ce28772b4faf8eaec81a09bcc3bdb5
1248,44564540e837055ef8ecedaefeadeda2d69ab0aa
2136,bc3ffd027b1cca4e371f3ad6a277c01f19b034a4
3160,b94d2788ad275eafa17ea584f1fd900cb383fb22
2550,a21308cce509976b8efe179253164690e0f12b81
2638,69bfda64cf2f9369b712da1d47cdf87b55410e1b
2125,db37dd1d0357454bdc02faf93b758722fdd15307
4056,e1780278e7a712a02758445812559c9e2a7d2871
3136,4b6331705c977b1353f4579b8ab57e28a29254b1
3046,fa56ef80c4ce5247ed545f51daeceb6b5467a214
4155,9d5ff3cc01e70b2aca5808aa612cc3c44764b9ef
2425,814011b5dbf49c7258047c3a72779dd1833acab2
3664,58e506282e7b8a0f05227b244f62c24b51da0d60
1618,0c4347fcc2df2c4827a32b7ebc0ad1a086d3d8ce
3317,c362620da6e148b2ddf647a5a9f1e943b5ee9964
2717,34c2e30eeadccfd1785a78848e722b21bfa63bfc
3765,9a9671b693a15ad1d1914f697810ee8fb7967a48
1482,d3d8e58d7845eb1698a0896b25024d764feba8d2
1976,c2761c10c4827f1a3b8e158dbf285217178aecf4
2508,cb67787d19014116f705e9ae1f15cb5457f68d40
1478,75ebd59892be806b787f0ab2abe6df58fe11fc09
1721,713bfa4ec7b4ba44ab525ef554b2cf2e79a6295a
1356,579bcd57e1a78c034874c7ed41192fdd4a3ce4b5
1585,ed34328b0d69cc7769b2231da2cebf3abc9ed361
2515,13336c246b35a294761d1891f028334ba5d3bda3
1385,4810f2a4231b03706f220b90be89ead8c0304be2
761,6e74ce71d22b5ec4547e72ee914ab41fe5ead29b
2062,f9a27e96264bafd49e31ae513c78665399d3809c
3328,034e0028b75a05be1427b4c804f3b6e02f72344f
1825,e52491d45f490117d3334a7abe4c6fcd773631b2
1043,3c926fdb8d7f926eb27bea0bb1f962d04e28ffaa
1904,6945b8393e0d976244a42de3c4d4d71bba1930f8
592,e35c63c4a8bad04570c7b43ba3f133afb83f30fb
2146,5de854de7bd9a22f110b6b7e1a167339ff488dae
1610,154f30d2b26cf875ce437dcaa80b0b3d21eeb01a
4219,38d3229349c8974119fd88d127bcaa5cc2177992
2030,6793de71b2eab27b264a939d9a2d17db519700fa
2115,5ba05e66c4f8e3647d2ceff406d19ea1c41fb5fc
1618,5ecbbf1f26110893f669ffd78e1322b6152fb6cd
1886,9e13ed2763d2d3ea6bbdeb86c9e35f78eec5c0d8
1963,2496074e97e77662f0bb7729917f8faeba62348a
1127,d6060c182aec623f68236c2a0ec084f87c04d4a2
2877,1a275acb143ee1bc11eef3fc1818bb2d4b55a4ef
1009,432ca95872aee45670bb80f425811c3e15906350
1526,7c581433d1de39f8ab5ff30b5bb070053896cac8
2015,ff92a6d6eeec56d455ddd3472b3947a8d8bc3e2c
3844,3614ee8c87331050992c13593a70a04c2f8fc742
2862,bb03adc8427caad76a29de6bf91387dcb97f1524
2570,6cfa1736ed1cd794fed6a314f2198ab85cdb8580
927,5e9fe9f3d4f6b23b42ce64c8bb04ced744acaabf
1316,fdea21a9dfffccd641a5599701ebd4a61c34856d
2629,c9f0ee5b70cd1ad527b0f39cf157a182d95b8cf0
4250,78d34dc30123093bcac3befed31f5537ac995df0
3882,c6ef72c7fca65b2791fcb5215616c57c5955d53a
3563,7a5dc482dd7a4d11f423de128b1668144d2ad6c1
3978,bc351a4605a7c9bd91c03505e999f20fec87e4e6
1618,75b23d10c18ce9e63d15fabe33528bbae1d8c912
1331,76bb48d6129428b9ae964ec9116f9b6dd7068481
3966,1c6f1571d9ce431b7c1ba2a5edad539ca8696d30
1618,aa086e0f4ce3e2f78d25da314d64104d86ee89ea
1048,8a9585854d44bb09c2cae7f29f280b40d52f6e74
2827,eb2e8fbf5b72515ec41ed4971ab1c709655c6afd
2693,a87fc2cf78bee3285684318bb00657d830549ff0
1612,63af6bc0d7345650e2512a21a9034d7db0f680e4
2495,b930c1162dafdbb6b37938f5568ae571957f0038
868,31d34cd0770b1995159e7b20d96eba3231e3586e
1782,202371206860033ff454d037fd709085d18adc47
1178,4e0af0b42be9bbd094eef5e3875ffda2a200c4a9
3248,1d4d72a9780a47a3b5a8929fede677dbff85be6b
4032,b710e5debac0779ac1019334112e69b0c0c0ebca
730,e5a075b4b0b528dc1b9b58c0fd7408c0a239d8f3
2143,51ce62a9cd4c966e510fcad6547e81d5de9475d2
1552,1a93160603ac2a7bde4fa37ce5b0f859de10d5c7
3461,db9fe509c22c5c0798e9dad44dd96d3a56b94cb3
1964,3b53f61e9420741b9d06b671bc6ee141394c13a7
1910,4c71b383c4257d69542f157cc9c72e7a6b2b4e56
2242,709b0ebd21623028378e1ee59a5bf04258508288
1525,5215fba2742c1d92d5aeae4c12500cbbc6339bda
2964,7c4f5aad0d82c7fb593d47f8a5ccadd03403025a
2931,aab53ae9b787365e8e3efaced2bc45256f40ca5a
3632,d16aafad15db5bd7c67213383b044058f58dce64
1013,e5722dc37a92e78a12b4528a25767a6e8bcc2001
2796,47708b7f4b54f615192b18cd94c7f8bfb2c4ec27
1386,e90a5d7e0b8101106983474c022803241f109769
4110,9b608a40009f07d78499d5da4789b28511f3d6f2
1478,55bf15465d029df6572ba46a4dcb3ef7af491130
4166,85df2884d34298a55f49ced43aaebb3a99583953
1178,16c334547e8bce10a4dcb1b0165fd93e013d6628
2807,540bb79fd7ca423e2bbc61b68a0301cf1f310792
2699,540bb79fd7ca423e2bbc61b68a0301cf1f310792
2223,3832ecf5bfe0f0b0cbe024523836c06e13311e54
1583,bac4fbe257b38eadf071dca0698620ae805331ca
1456,663a460e8fbf5baf8c7eabb77c2e550fca8b2c78
1589,850cc71649cc9783c3da41cab31fe9b3c52a8b67
3581,dbb197808b939fc2ba509344893244a41d8cff56
2447,5d4c83ada2e933c5145fe05fc012ba4a3fe7d727
3252,b3b679b1a7a67a3b034f964a5b7754c07a90d754
3642,26e7e99a31e8694db7037658662900ff8267bf5f
1685,a3af9e65c59c8fff5da9d7b65ed0d5e1f266ba1d
1261,679cb658c6959a5483eacfbdf8d71b0c1e49623e
3802,505625b69440381b787e36ccdad2c7388914286c
2058,7c8db21730d4ee50296b7b10de5539f4d66ad10f
2011,90d008ac79eec001314ad4f041f0955a17632315
1729,2d70cab33ee9999bf5ffff90cfee6a2e69b9fffe
2170,73878540198b2ab90a8422ec2e452c5a0df360c0
1605,00bf38e6d3e357e9d66b7e797d79d6b25811ecff
2124,1bd1c2fb3e16b682fe3f30456bd5f08869939efb
2072,adcdeab1773917322a2230b4782a14b7192d2d5d
2764,20c923fa8f9861408c43c14f4a742a0f15e02d95
4069,0ee86c291146015540fe56c7ba6f3b5f9d9ebcf7
1210,feb779636438a0aed28440fefa72286bbf4e6343
913,24d4c7cb30ad7c94659c1f944b7636e6eabb38cd
3243,97ffc307b37e870ade26ea62f7f586e142233292
1428,3b7c8bcb496213c5b7145971e7a6aa7996803112
1171,1e03367a93ddd01d43e7c5135f7a823de93a4f37
3846,04ed2fa9b8742b53ea2db6e4f7611e3a6fc0931c
3050,6a964ec18b9d08c1f2d39bac69e3089200d9a34e
3480,a9e573973d6dfd1a4dc7a448e15749c4fe2814a7
1461,3ce290ae83fdf55d8bb9ebee1ac71dbbf00ed70c
2139,2c1a5c5eb2ba6fd8c9823bfba5a040f3731c93a0
4061,59f9b7f3b174e191b41c37b170b7139351f0c8e1
3208,4b2fa9790deacaeddec49996ba6dfdf4ca76680b
953,4000fcf20936f2e2412ae2afa93eed2d3835ca23
728,80dc672a9a85b8a78a97d82fc410561164a98cb5
4125,f454d38bb264b8e9f641126cf8a0dfcf17b87566
1884,a57ba9e7d7774b8bc9d2d525120a5d6ef8650c55
1775,0fa5354b8684c87b58ec3309d7cee69b6a80a5e4
1165,3a525e139bed4070dc6c65b10caa297418894918
885,ace3f80bd1dbc50351227f2197bd87aa45533cb0
2176,81f5119ceb9cfa1d493f7813f6f6782044aedaa3
4061,c76e6e5a86a6ef299d4286c1f7ad17a4c06c0175
4214,82d63d538d5dac67af9250df2f1e68d810ef6944
3168,0b511b980a1467d0c707f000c4d545f10a3a7586
2652,02d26c93bdc5ed427df9e22122f93513e9e603bd
3410,c70ea1a9051d743ee0482ab0c5ec26d8498ccfd4
2505,8b21cc433b6e0a4a4e7724948bc826a5460c9514
970,d40dafc510d099c8c4c71beb8b52c21e0e6a2b2f
4160,77d2d5b0f091716d8b6974cd1e4886b924bc6093
1862,ff20fe961706cf42fc4b2ed519edb3e1858aac5b
883,c6959f8eb7ef4708850bdbede15efb9d26d29913
882,c22c5d5425be46fc518fc242bc2c52808010867c
811,b2c92bc931b9f20157cf8bd1fde0caebb37565c3
3991,3eeb69c1124feedd0437dd7176b5ef5406a82115
3095,0b1622daae363db8dd4a709612574199d5d0aa0e
3239,24cd6640874b6a364c5f2ba1161524aef5db7f9f
2535,12c63018549ba678dad10d18b492d13d52277a5e
951,f6b3f429b3dd2d69208ee32a05102b6a58c3a11c
1643,5a01795f90ea0a12047e9722a9d4c1d3ff2a0265
2837,86fda87340bf5f4dd66baca94044b994d8ff2455
3607,5ab49965be5e2293170ddd82b9a6457749f37bb2
3591,75c4236004a63189c00c33c0b45c2afdf270ace4
3148,6e1f5537164f75ee7e6efa8d5b013198430726f3
2798,c613ca964ae6cdffbe22489d13e19a903228821d
1126,bde291627341e5b5c1890b7cb4009ed31fc1d35a
1217,b214ac6af962bfc054c6094ad95ecbfacbe5960c
3014,56def5439cbb8f398407bd3b0f2a1bf7bc6192a2
2426,12e264b1a5fbb48c43a258a0e42894caad456dd5
4169,5a9b9ebdf1554898bd3a3d59d6571f20cbc692b9
3018,c11bfd7549682c4316120d85234e31993445854d
2915,41e91207ca00f0c5a67780b5fcbb14b57844d71e
1521,43f1e342a74c48c7390ecd46198692c341f14e52
1977,ce385ecec65e9ac62cec3410046dc41ec66645a5
2171,28b71c5a894a711b094f3c5369a729a8643e3701
4318,2607cdd4ad66193f00554426520f729d3d98650a
3913,99444655a6c74bc489f5378b752d9acd9624c284
3960,99444655a6c74bc489f5378b752d9acd9624c284
1363,dac309460fa94cc50d07b69a819f2973f0ce3bd9
3291,62435a74596e224c8fcea2a78d1b584d1db6189b
1761,b9c6cab7cfd5c9aa73761d458a04577d21e20413
2600,9edde29fb5b9c39b0520ddc7a318404b87882a26
1656,51cd7767dc1a2dccb7790ddd7a32404116295a3a
1229,f0240d145223fe738d5adaf63fc4f4455ee04ea1
4008,a70d4f97f14ce8a335b4208ebe3f1603106bfbde
2006,7e469c81debea1a24260f4f12ef84441c53a416b
3652,2f041a0855785bb86190c464632a9c980d14c782
4160,194791575939c474351c6ace31ca51d0419ac563
1405,a7944c037077868646118a42f500c2ed946b5373
2055,4b197b9e01b55c73ad17ee52e5c9cf3b7031823d
3979,04b46961f940f62093e2db06b28674a5305d1ae7
3942,33156ab3714e9b9f97099fd104efc6488f8ea617
1170,234de97337a7afa2cff4447f4d87a6efb984c1f2
1166,86c04a3f475902442731221e2a625fd12cae5ee7
2547,8977c70d902857f8f4d61c9b28fcd90a65d5745d
3028,1c395eaa4348ed921b5e0720812b9877cc6e9fde
3653,d7624163b467a8a779e00fcaf0dee652ffb27803
3512,0c25cac73a38ea2477fe2b777d047c3b11e7d1f9
3497,0c25cac73a38ea2477fe2b777d047c3b11e7d1f9
3971,7fa785c9ce82a1c346b9c67e9171b8ccb7e04589
1307,7b3782696bb99fc46990f2ddd576201430d2e1f4
2069,7548aa0629428c18b2efff863b9288c85506fccf
1077,1879c580fb1f84a2dd0bd41b5080bdb4ddc7938a
2644,cb518031e49814cce0cdaa11adbeeca52b708594
2842,8e0cac0c1337e3b49810cb3520efc4b4652527a6
2857,38222a05b4aac455a5990a7a370d91b841263d8e
3138,dd5a983bee11ed0c57eb2e32d6bd63f57e5c5c78
1374,915f6070ffa9d99caa09ec109533a38a5ea102cb
1762,bee60a98fd3f262f36706c07e851e2d490b06cca
2908,29bc220b6807642ab79424025dc29a10e822892a
1931,0ea6c5f113f0f0158b407cea2e8fa39e5c0b14ad
997,a1727954976ab55c2840802db05199e6f670377a
2370,9b2d39247cb94f2e4cabe3355d2830b41bff7722
1085,a659c4f44035339fe78f04fb4b5ca32d2746aa9b
2866,591edf4d412fa076321ced5c54c5677633dfab12
1211,a9314ef328e28a4a9f2c9fe86053c78d80eaca33
1107,10434b2eefd7afdd4922b54d6984eb67e549cb6a
1720,7013770427648de0f4aac72e1b6207bd6f11d562
1032,9f298405d085c1f39c0bab8116f933875a5b7639
1484,fd70751db7ebffe2e8235ed213b7dec383035182
831,81c47243d696c7eae4f5f8f92bc60314078e2b69
4314,83caf4140e5d239fdf03218f7cb329386f8f1489
1282,19c5485861099ddd4644944e2e8fdb4bdf3ec6a1
3270,8ceff2f997e9f72b202e5feed99d71957dba2e04
3145,c8fcaaad00d3e66725fb603c856b4fc0c60ae17d
876,b03e010eb91d974c515e878bfd7a269a08572db7
1273,af4e2f236d3c5d30dc6723d29cca7969f2bc0c29
3123,b0cba87fc2902481c2dcf7448d9fc3266b84dc86
3309,a2dc217f9e4daa94d5fc990215252c8c486a0098
4143,1f8c65a6d52f5ea9e9ef4c69696525f6e652f1a5
1505,e4794c568a23075a4cde4c70d2087f49e73432c9
2453,fe110663b62313e9e2a2de1b79a1482af8b34b89
839,9ab725986303f23d3fb6e735c079f5e9336c2895
845,f80e6be50ac7c4663e8b8307f93e15cac7fd3afe
1705,43dec43cc53f51a77684c7c76164ca8e12bea3a8
2040,34a4a604d634485f60dd809d0595208260e23fcb
282,cd6cbc38d5327625f8efb2fb84e94c488193ade2
2956,dd4abdee1c13ff182c5b7f553a5295a27ec83d6a
3097,86f5bcf586e1c7f6d12cba89966d9818b500d060
2038,1c52b340ef196212f8e3782888156a05ff6a5248
3887,911f2b04e9efae91a39f41dafd4a9af456aaa28f
513,8eec835de57b4c29519efd3107e277eb948829c2
918,22c1ad9ac1574b7cc81ba14ef299462c4b78395a
976,abf6bb6d44e9d7c24fdb7737f7d03b20556a93c6
1946,b17eaf4733bda3029fa3e75bcc586e01e46aff92
2215,bdbe276e30ec37da57e6a05ed6780ba29abdfb07
2888,59e10dd426ee495f14c492b506acf1a0bdc6c984
3035,b62c1f01fca2122386d6c55e4c7c0178a23a90f6
3979,1760b0e82ef4fddb56782011b41c69bc7232b1a7
3520,021c2995bab888b8611edca0c3bccf1557d0a9e6
3419,021c2995bab888b8611edca0c3bccf1557d0a9e6
976,aa3bc85c432e860989948267531aaa59a64d2d60
1012,aa3bc85c432e860989948267531aaa59a64d2d60
1157,6d2fcc8335aba8d79725449e7c03951b15ea1a92
650,5eba0138238f13fd0e0e0a0e0dfb8682afd96402
3132,e6326d2618b61075ba62c78049b005705ec894f2
1854,4a42a2b98dc9ec89a09d99cf6cacf205694fa813
1680,b61f1edeb6f9b20d76923611f38f74d24fc9c510
1766,e594b4dd49c82db7b09e91e7b18ad51d5615cbe0
2553,884ef9403c485d1e59ba1b2c1d536572d0934d34
1378,6455c93c7246ed4441df81437a4e8dcc7a1b1fc4
1709,bd2e75e162db46cb971b075c2fd507e8b4b37a44
4077,02c42cf6c4bd6b162d58d2d97a2254a58678d213
946,026a7e18f646bd89e09d31bc405fe8c69fcc5114
4176,0bdaf88e51e3230ee86dd7bbd1d9596615a6b547
3509,9b27218bde2f23adb125d8db6d9698ed36d6530d
2970,6688f612103cf65478f4267b7e728b01791b41a0
2576,eff6f366e527560bfdb2105a52ff7cecb2353aa2
3815,542f2ac60823f2a7b1976f1b9d4e5bddeb5b0fe5
2092,a7831ceb69e9a16164639b19d0244fdda589c499
806,d7d07b00560481cf6b7d3ff0a8f4eb1b321123a9
790,e8ea8eaaee9ce66926fc5a842ad5a7473eeac69e
1113,796e0aa7c97c05c5b2628afe82e7eca48b9e1899
920,b511514efb255ca8ee36f70f7852aa5ed7d6ed55
1352,585b8ceeb63ffdc1733444e1b817344d01ab04ef
1118,153f7dff378b46a0adf699ed05421964dc14802e
1651,12953fb447e4a386aa6ef5ac95eebd4ecacb7b42
3679,4a1519c138e02f463fa5fae1580ae01267209403
1178,6750e702a0ad8cf6955c295f2b649e3f147d8e7c
4065,3a6c6bd9663a196b03dbf2e0143d0695a9fbe73d
1441,d1cbd97968deada74f5bed2c95c927cc4764cbac
3002,2a36d89788506c666e60647d884d28d5ba79ad3c
2457,c78dbb151fc8a4fccc59603d497ac6b7a290c2a1
2779,5e7cecd72225b225eb68990c0b0f3179610c6697
2608,841f33640c79ab44d3106f3862f5fa7132e84b38
3369,edd3f79f25f398c2ae3891c8a0aaca9a19d25be3
2163,db5b9ed6a5b559d564c661823bd506f896afc4dc
894,946c1df51cb2e9020c60c8d224893a1c42891dcc
4064,44bef3fb1ce4f4f3a6cb47e88df9e28622147701
3892,339c91d6a3fc72525fe37ecdffa6ee37580dc128
4030,339c91d6a3fc72525fe37ecdffa6ee37580dc128
4079,683dcac4ebe046ee62667df6fa1937f5591f93ec
1609,124ec011622dfd634c51116c46efbaf098c3a3eb
3497,22639d49aae7371e22dc43554cc470617e7765ad
103,05acbcf5fe1a22d57f91466c6454b92260ce4769
4035,3e7da03df7e5dcbb9a8b0b1a3ad3b6c6adcd32f9
3109,b695181a89e8d99480ee1671ca3e7138795978f6
2532,414393059b941fc34db8d9638857bbdaaaa3307c
3549,45a13b8d982bbcb6f87dbd5e9e159dd58f07f640
4175,44bf0484ec38a4ec79d86790dee08b1df7e8e84e
3812,98fb4d9d0f43b887b7ddfff68df8bc17f80c6808
1053,d1a4c66c2b7a3eb206a0dff70d9430dfc02eec65
4003,8863794aaa3847c3b68c27ecf228b6fedf05cc0d
1086,b846178405283244ef03fe70eab233f744a21354
3106,fcc9efc353cd97828afe50f9fee2b968de913651
907,c1582744ccbc4b822ab8a7932ea05bfd6541949d
948,91ebac3fb045fef1a844b157c22147dbfb75c1c3
1854,18cd410b7940db43a2b7545c6cd14489ff0086a3
3200,1325be65cf712669fe1847bbc4189e2f9f073531
1514,ce8e508eaa4b8f5eccb499159fe5ae788c39afba
1497,ce8e508eaa4b8f5eccb499159fe5ae788c39afba
2821,91336e187c250f195f5a78317ac86f0866627d4e
4212,4104cd238338415dbf1e942e979a24b1d1908970
3976,a75506b39591cb39e9e97b58b35d6fa1701cafd6
2347,bd02ddc805e8dace9b3b5c8a1bd34a579b162fa4
3031,fe51f11d41416002401c2a5c0ca52d4330ebe0ac
3889,a037dcd138aaf048c47c6c6b3c7bee8e87dd1b91
1330,134120a6df4c9dbbce8aadec346e02c1eba8e659
2322,eb094b77fa6d34ba9c1f447b585ed7477b35b504
2934,c7adc8fca34818c8947cdb060b8563dbae293e6a
746,b449010dce841b22ae2e40b1edb579fe4809de17
2815,60ce88fdb276b0103a70552d65c95be02da3fb0f
1854,2c21274291f8e850fc7f81d75efb22fc852c3526
1533,d33b546a01ed5153eb9761da30e32d1396452dc0
1333,1f979f58f0474c0e15553bc2e29637ff8edc3605
2972,abbb929ace38ec460829e01de39f713a9f0775c1
2125,0d5606d96de76308ec90f4290f5c5d8ca3e2752f
3529,6bc54177074044844eaa1608ca834c588efa51c1
3414,3ab3c3d98ffafd47d1a7761367ed83cccd59623e
3065,3c70e255f6ffe12a79e05603fa729c7442904dbf
2328,3f33d6433b31bb8fd3877060865c864874088c27
2339,9197c012454bc86b5f4b0e1b6d80aadf740a37d0
1974,c719228118f76239c7f5c522a8e66ea854c1bfaa
2191,f7b2a1a99e1f5361c96f82a8b54b92feb38537b1
3485,5f6b54b42423e5d0a3ba8e96a82b181051c9dec3
3744,e6a869cb877d354d9691ec0ed43abadab967b3e5
3746,1611daabf35490a194a5d5171d1e1cfe765046ea
2238,f54dd69db8d0ddbaeca580d38b0b792b390ff1aa
3145,7f568223617c7cba688d3136e8bae2b00d45a6de
1445,6e9fc1b0f666f703d75ef44ce217a4f685d21018
1653,dbbd3a784ba921bb75094a1878100791c14d1080
1921,9674c02272dbead522f3258300a7cd6e50a4633b
4114,6e7282db22225b055e02ee4f7e7dbd434c9b6646
3431,f93e4158437e6912d6ec8b32ff4cdfb42f90524a
2565,0e685088d62440d5c8348e7bbc46382b8c9c6343
713,d6a8bf2af9bf00b99214e5b525cc26fb4bb1db62
2168,e03f919ce7363ef4b828fcc5694dbaca36189bf4
1018,526ee2b14a9571c8cc4dba8cb6911a14961bc858
4138,e281b4d321db6f1b31f94be3fd06c700d6394b26
2726,97e3a8d375a159e0861dd594ec01eeab040e8c07
1989,a4bf0f1cb1200f26febc5e049040654a1f4aac0e
3025,19370c894afb56b228c14e39962599ae01fc4b9a
858,77504228f99445c0a1978487840507742dc1fc31
3566,9ba7b5741b95beb41d86289f620faee108f8f236
4252,c4a0053a773229e71114212aa19c665c99987472
1993,97a51f0bac943d7e6b34627424b5d16f5fdd50a3
4079,50efb709f0baa01bdcd309ac926250bf8172669c
2010,3b41dcd8b256d723bda238f1378933c49740a236
3179,faf2bf9a738aa6a8fa464dad0c5644a5a9b7fefb
2159,d6e757a25ed07d5401824b7b8c5860cfd2ee6556
4184,b877aca630314023cdb870a6a9cdb2bb33e7d1e4
934,79315edf407f3e356aedb1ba9d2cfd2ae6b844d5
1249,c005e77a6f072607d59fa7de92a13a5a0abbdeba
2961,bb081f0ab5e1ce59ce71874ab45def96c3d98c9c
1282,dda3c9b8f6da52e083d9f37f9b11e60c4f689c74
2161,32b69f853d2426fab413995bd678632007c53a1e
2530,b0f3decd87c713991eb90111144cd71418b2b30a
1672,ef2a69497382ff04b475dac5d4bcfcc013351a6d
3807,5bca6f4c158ef6a26057171c4d328ce9b0475f89
3389,257df58bdd5c9e78af8876f829aabc8034928ec8
2130,11c9461ae24c7f882eef8cd4d808f3e63761d725
1454,9d0e4e51f616bde11578b9e2a265dce0addd9694
4299,23c955f9d827e4da987116e6c44380fd70e4e2df
2007,f2d255b4015e8a28d3720c4077e2dfa8c570390f
1684,8644a5a88ac107faae8278f1c1dbbe235603c4a6
4182,30a8480385d7120008de97495cd8669ecb3663f2
1712,fce7827495a3635a053bad291a0c5b70a1106f0d
2538,4a9721c827b8ed48031432ac4b61fc1919faa25f
960,b5cddc22b5692a9eb7a1dbc267385bf4b4359151
3809,4fdd8493b398565e6c0665bbf9edce45f52c3cb2
1655,bcf05ae3771aa9d0fb46078c4189b1a70eb4e491
2240,acf2fd8f77b6cfcd15b71ba772a48ec295932321
849,19603d42d34595726a4835d2fb09113df7c69935
3469,9e49a7e9f9ae2fd1dd5f9f831391a2457d2e13ca
948,6c780e8e96e0a983ee3d310d26b4411e50295a56
4071,69f338f0fe91ab87017710a4bb39403ea311ae57
2499,4d4419083d5515f8dd9d0d50f4c239ea46e621c1
3818,4d4419083d5515f8dd9d0d50f4c239ea46e621c1
1572,224312b7dee7cf0595410f8b54ea3826d7c64dd8
3014,4e17f9b925e9a32683fc9b4b603feb2e12e89939
1496,6c1006c0c2a89e3116c4f550674fce70063bc84c
1702,a1133de37eb901d122d2c0acb564d68fa7eb9e91
2112,049720e69477832b824369f62ea21522c969c69f
1164,f88e5e037360d8c594a7b82939daa583e47f2fd4
4187,1f387571a866f601af05f1c2dd413256ab329698
1041,fc784fe57de9518930461a0c2b667fd050310bfd
4057,2cab4876eff9291c35cdfa45a2c92d48a80f93cb
1636,68f4c3de90c3f4cc8e1a713ea3de5cc5edc869a4
1209,1224b126b71b045d9495815a531110b4f9cb9386
3198,2ea2b181b77308db84bf33ad1a87c1f22385e8eb
1313,e7c9ce0ba2ab748ec289d9e47b539b0428dc6e84
2237,5568709bc39ada1e4d36e69ccdd4c55ea0ca14b8
1104,8a1311f7aae503ecca7477aa5613902371e51f3e
4164,59e744d63e2e88d5017b46ae57ae598f2f3e0847
3466,0505ca507c464f84a7e346dc3dae2d27fc8dd314
2379,5f60d371213f1a8eecd4f3ba590341ac9c022f81
3860,1e6764828049573a7d7dae36b9e346fdc7754f65
2320,91eed930fb8df821fd6854e1f5bb12ea62f60196
1737,186eedc18e8de919167fd76277bf38871ab312f6
1060,7abba50cd9d22deece4c3c3a9fafd3985e91e2f7
816,aa320ae5e39687cd7512486360752ba7b1e05f17
1510,e1964cd09923a78a0be3cb23aa244cbba6309b97
644,7300c116e85fb643239bdb81a98d3bf2bf3ba145
1649,466fe81c2ee0157298dc9ffec36847fccddd32d1
1142,c85fe4b0408b4dbea254924aaae20188cebf976b
953,313595fce7aec019d1164903ded77a60fa207642
3299,011f83bbcb2d81e989413250c2fcc12ad6682a43
3267,b540ff7ecc06417e906386d56150890c4fc887e4
1518,8bfc64999a3af45a806befd4d365a81e4024d94a
3493,bc51c922536076ccaaf79d776c966c0c1f3a2854
921,01947bbaa63f2886d4e54d608861588b1e92b371
4156,6567cc0704041f2b7b1f6fa9f7e264a568fd5975
2467,2007055be51230b488b314ef542506f3f0da5bc0
3955,9b7e40f7530828609b532b830f9a5c689924155a
2313,e881d29d478e27b2f7957451288aa409eeb321ba
1403,446fb82d496ad410e58ac5e3cc9a866a6d62a2be
3463,304441a349a96a903c77fd9408e96773956bca31
4021,304441a349a96a903c77fd9408e96773956bca31
2008,1536e75e6ee93cdcf0009553d088750edb27bbf8
598,d20e11dc21ce99b1b7cbf2e93f2bddba8fc6742d
2708,1e7e2cabf31f4194b2716a422c64b54f4831458a
4132,b27c688681422e77f0b83623af28e4d27f25b206
1813,3a772cc1f5fed0c45bbb20cba54550259998b9a9
3813,a13473a03ce3e5ad2a8107f82a7806a849fc5dfc
2088,af8e13dbb4b893ac458feabaa2b1d0e99fdff7e3
3874,060c816d042f540d93728971aefac90c54f957d1
4029,060c816d042f540d93728971aefac90c54f957d1
1829,2043d8af20accbe5bc4eae3c7d81094d6f6871ef
2651,9be56bcdc6f1b4fd9399cc4bafe65f4df5a5ad82
1055,1661ce412d59e772f7dc3299e1c146c350fee634
1599,41c28a659178ff2d81219cf304847bb671679702
2886,5edababe75086f2bccf43ddd00ff90add26c61ce
2495,fcee66b6c4fbfd60563ede5c6599ffddee1c9303
979,25715eaf1d1068f4dffff7a66fee4c3c82361679
2173,bfce9c74020c0d5ba778fbafdec561a127ddbf0b
2332,bfe8943b7f6664bac23a29041e48dec15652d0e8
1453,0ab89031cfc66fa530cf7271d7fcff3f70e5d7aa
3426,9a0ef749f89bca41c0bb5cb527e980ffdcc8bd9a
4241,a8993ba268a646f946d2e1d2eeb5f55a23fb0684
2309,ed3b21b34fd297bec860544b7740d3832ac9b8a0
2660,07b9b9dddddfdbd3852d8dcfcea92c226ce7130f
3335,4167a381317845a55be436889a1de3cde34618d3
3836,93234d5199a445e9ba7060375cd009a5becaa812
3939,6677fd997e20919eaf75942bf6a069efee232e47
3530,bee2afdce1c5791594c0387bd2c908e1afa6d240
3480,bee2afdce1c5791594c0387bd2c908e1afa6d240
2231,f6f26e170fc279fdae175466878b93b093b515d8
3484,a14732d11dbc3bec7dc981421c86651dd338bff8
993,037d4e466c695f7fdc33f9da5dfc74eebffccfe3
4106,b180155acc33fb4b7883c10eb313ee06a31bb50b
2261,96798742b5f9f4754c0ded6b09fc93479aec0727
3798,4e467b347943dc9b60bd63d2a8ec299d8045ed3a
4038,07fcb0996c4ce7b46e1ac6d605546d182c49b6f3
3741,7af38a83f254c484c3ff073bc2942b6e0215f218
2732,7b43cf0ca8cc5b864dae342b4e3c3a0528635c80
1047,dfce666724788e005343f376c184c6322cac1242
2923,24d50896c03457b6532daad19512dfc64e759f8a
1229,71839f4f0c8855480bb24487f1a1588d2cb3df3f
697,ea2f90a3749f2b2ea6112222b3087ca67c317713
1561,5d10e0f66783f10eab59828b360fd95bfba68878
745,6d4ccac86b461f7da3fc72cd66dbf13f8c8d69cf
4060,742c44b413a367a4966cb77fc1fdd06da93c77c4
1631,82e16c60f2b46c2a4a5bbad8a84fcecff7374b18
4162,c64d4fa729a41e0b8290817cb3dc3569a1b24e30
2102,ed4a2b1bdd48e61ad1bfa0186b47a1b01d041b98
1178,acf12933b640d085b1a7b6ea7c2892d12e0cfec0
4160,5e25fe99d8185d60593ea60a9eefc5a4dc7cf8d4
2573,826f4333a2546a72adebf93e5d045420d0413c69
1375,b89693de5396289ecb91243ab7272ce77190c3f5
3117,f7e7b150e56fd1d92ede89b83ce865894493699e
1438,72d4727d674776bd87bcc9a12a14c62a3260e67f
3310,8fff21f515692f4a6f86ae79d39758bb24428c76
1918,f4aecdb137e76b43740a14964e5459a38a0ccf7d
4153,c2a60387ec352fe39a81e0db23c00aa58e7793a5
1046,4965e384a430f1a8030310e9c0e5188b54a1f4ca
2936,536027ff8e1fb87c5ea1f0a9a5da57e4165fe90e
2507,4ed1e3e5ed7a10ef95e72787a5e3c74bb70f18e9
1001,88d6d6716b96a6447535fcdb127bd219b912ad92
1812,5efc1f64f2d8e3da5616f7f7e3da6ca6f159eaa7
2724,5cf613ce6eceabcbda9c72700af8b21faa4912db
4048,9be965fff5a7a00d248ae35ae4757f85010a7d71
1338,cd356b532b7ed6aedd3c9ea67ea5c183c82d722f
1694,9676657c89e6e37c22c0bd0e45325a43793350b1
810,1d64916466db0da7c57a00a49f3235e7b190a074
3641,976c426ebe23c84a021a762524b2ccd22fc4f2a7
802,8db14360355238a76c80c704cb139323e6f23724
1272,21d44cedfefb1b4ce1ba01fadab1d054330f55d0
1525,50ab2a564d33cecf5be443af6d0d6ffc7b4a302d
3122,a4d493b6c3cc6c65529b7d236efc230d3c41eaee
2456,e5c58e8b679ea7008ccd40ba9ee8ce44172ec095
4013,3925890c361bcf20770595e9d58225d615fc71e1
656,189aefe0b5ac36623d1522ddd544ab21d83f9ae6
3576,65b249f8c49bcbcf7aa818dad6de20b9bec70a02
3549,65b249f8c49bcbcf7aa818dad6de20b9bec70a02
3977,2bedb5f62cc213f4cd4d436e0fb068de052e132d
895,efef848e813519ca23a7bc7a982d82668998e02b
3805,2e1ac0b846c84522b1e2ce32775bbeefc778a669
1098,d6363e71c5712f004a4cbe90d3f9672e14165385
1281,c3c575772cf366cbad89ea2c403154bc2265abc1
3827,fa0582857085214c9d6a4855b594b672eee4a75c
2790,8050e16b4c8893fd5dcabc6857ae5067b3257d78
2699,8050e16b4c8893fd5dcabc6857ae5067b3257d78
4079,5261a915918385a204d09e4b85bfc70f9bbe40ba
2497,e220d451382f603c781c0197c00da5ea29dcbb39
3434,63d78f4d101c6ff1507257a488036db5724b6b81
3016,fb26564c6c96ba4c4e72a8048a0d5d0962f753b6
1926,620fe36c7cd31b0ab6087f0acf7951a199918d1e
767,2ec977f263a1674a2d13314560c7b872b631ca64
3141,341f1ba1ac982285514b9c9992ca8ad099d06bc0
2688,77ca8245cffc82353343b4a384e18d00871428ba
3173,ecad8f15e46caf317d434be35a725bc86c5f7f47
1392,8f6083a62aa34e2f37071e5a887bc3811cfacfe4
2736,a4e6d832263f0ec6f27bc2aec48b946de865dfff
3124,2c35e1e3bf8bfc3a6ac933846d66224b45e353ae
1738,822c84d96118c703b0985c1bac5af53578554d35
3110,ed57c5c7b577394f945c0495340ed3edc2a2f1c9
760,056270333d6047ce837d6708ccafacc241ee39d2
4158,36d182f7b538a72f26b507b2d48eaa5294764090
1928,aee28271d3a30d91a15dc83480ed7508f0a3e437
1929,aee28271d3a30d91a15dc83480ed7508f0a3e437
4213,a5cc40da9344a806d1fb18d7e7e364b5e0f796fa
2405,351ed2a6af3d7456cc261655ea63bd332f1355bf
1776,564f68583151e316e94ec6863589639003c70be6
4259,610bdba7f653e22a8d2fb574af7446be125d5d6b
962,1a13dc52d64e61973dd5b66bf820436647dd7133
2971,bd1826cb8a56f7ef0251462f25c4e7a716696c77
4145,08a03ae77c4588626c9557dc1bfb926d0555a8ec
1295,fb6f6ac9229e9b5d571911a6ace36c7b7f2256da
4177,2ed0b741e493e8badc9cf41745f3a9f92741a4b3
4149,2ed0b741e493e8badc9cf41745f3a9f92741a4b3
1979,27b7f68690547bff225803e8edd16505165193b0
1290,bb830ad3c008c6b039ff97c3df2486e01e255e48
3395,dc749fd1d0e87a8607c6adcd2a2748458d7b0a41
820,82e3abcfd8b6d0f26f91224fbd3b2c02d383b4cf
3914,44f17f96dd79b2946fcf4c97724ccd9ee6a5683f
1184,df11dd9597533c3dc6b89d3232357ace514ffef0
1114,9bbba47d4c0fa9e7934500b26c27fb53af87c685
2311,6be174cc617d2116b94b196d9127774308d27783
2353,6b482651c4e2e99073b92482baa4a8180ecc51eb
1156,e7d2a18f151320e0e47a8a7961c5c72240987015
3432,45d16a016f19e4ca25a95c3491d9e4dff8d3913a
1238,02c0062573c3b4b390acabe5b401d661ce2b73d4
834,d9e7bb7022d5eb0434d8cff361db82d3641c203f
1870,2581ecf9f09ae88e60b2be3a102361290c5823ac
2331,57b3c75f01a17eba56a3c47bec9b93d627a8ccab
3623,9d64ecceaab422291c607ab1bd7cf77041b3d7fd
3388,6ddf511682f8faad446d75f09ebc37f2ea53236a
1827,fabe530b83ff9b4d65d12eb0f375caa370351e5a
1347,58ddbfd7f28760e41ee443660db23c21d62002fe
3445,7b1afed4461b59cf278d926afd1101817ca3f6d3
1916,425f99173ad62ed00e16f309524f7bea93bbdd1f
3426,cea8e37e69412c1236ddbd0a8de900405b6701f2
1837,dffbdd4c83eccd85783fc156f9edf53e88273415
956,81315487c98bc72c8060bbb56af17dbf096e1976
1212,5e9366de6cfd0eb8c672703d0d5b9c3b79d8273e
1534,0be55fd1c132dd8e4efb57b6b5b8b1e82d409e14
3299,874f963e5626e2401bda8e856fb96b8bd773b2c7
4182,11487a25f957d8bfe79d21e3f1633fb911e69ae6
3414,7b7fa410115340e6e5302ff235b27c25ff61eb8a
2727,9c1aa67674a336d9b9f1687d3a4f171aad1da5e6
4067,1d6ba68a21a9bbd0ad966a0d78ccc271fbdb9689
2409,09dd259eaf96a27dddf6a6c5f078a72efc9431f6
1443,ab8abbaafd12358066d241deed5ef28fee4f86e3
4018,bbbe84a60edcfcf0666ab67aac4cf20d3d095a7e
2721,aeb38c9427b04cef416fb352735e5375abbbf01c
1622,8ba1c5976237424eea6820b35b5c4032188f4875
926,827dda52cb38316db1f9375bb09b0945fa36f14a
1542,5d694c5cf24f778ce61b63494ed664969e629e9a
3526,9c58481eabb1aedd8d2374adf7ece19fdf50b39d
4127,1670d751050caa2d54b6acdbd62cf211b0a4806b
2443,fe1b1e6f142811713f07fbeaf60a9e0c55917b25
3552,70bd1423dc7331598358939d6d1250a972fc7245
1496,810cc9e064e6befc1f429db7df4c8e4241db3f64
2800,5d317c547a766a7ff2805493a6c04e3909ab6ec5
1716,f729943ca0cc9c7e2f90d1e2c6117d62f2c3dfc4
2856,f5a98c9add512ffda045116dc4eadec21824014d
2156,a7e1228a0fdfe76c3cff0e749e252dba8d387052
4039,930daadae65d0263770060b1e08d3d0528fdae3e
1221,7a299b27f59e008a62f0848e064648abf156fe38
818,b54a10617f876ba5aa7f9bdfc135895a9d4bf68d
2120,d01739ad06f8331acb31d1c5d295d7d6103dc377
2541,e3f447fd977d233eb1b0a615033776648aa5409f
3779,ddd6d5d4cda84f142f01ea4019edf8e6a2487a00
3342,9af51d82f7e1147249875f102a46527e84c0b5b3
4135,c5975fabb40dce6454d5e1dda01008c0b2d0d891
2403,46ce282be158289c91cac4a26448f74bf62800d2
1449,e7afda9a0ea229b2890a039eb2330c55d8bbf296
2913,31ef8a095945a654e40efa10b435544b22e4ac7f
2332,aba9f47589d8a11b8d6ad428343eb780464496af
2994,e9fcd0aa250979821a4e1cb757aeef044866bdf1
2877,6a51a45aa637226e5dbfddd6799f424753b0bd87
2359,b65bd86430e4183f66c3ea6483965840c1471add
1432,78d11869d604a8f29dc66dcec555af94acfff239
796,7624eec528567b627bbf2fbd10d85c603abc7813
2166,07a08bfdd6d57740af4772fb1d7b3b04c9d2b881
2305,092bb91476c292067614dd95bd7ce5763ce27ad6
4082,6fcf7899d0fd84c34e2138f959e4bd592b36d530
4141,901f276e5fdb245063d735369727587348995b26
1365,28f0849b88b81e2703c633af5082744f1a7bcc45
3495,5e5af4f02a27b80d24d8b5f30a367a19e740c441
2533,664401fc8841afac138d49c03d849b4681be3772
3969,c436c2719dd5027588616b08de997e6842c59a06
4164,2cad4e60b4350f42c296dae7a03d5aec04b41e2a
1448,d7e17ac0dcec67ea093dbfc80f5efb3a98207a62
1146,11e13fd0c110a21a777dad91c4a3d308598d2bdf
3888,5d2277d2fe2b503bbefe5bbfdf51df9454361bd5
1925,b691f9878900bbcbf64f8ad0e0097e727ee4998e
1518,0a58e9a65cc3ff7e58d75df631c92a7bb78eed28
1472,8495dccf35b85a7eca9b70413eb7cd70c1dab3b1
2426,22cda45af42e1cdd7ea9894448bd77260b6eb162
1434,2bb0a632114a47a12c9a3845e07900600655680a
3182,a100f413c6ef53fa6efb5cc213677de3cdff5cd8
1074,159885e4d4a67c284d9193e68a2293f422a52077
3654,633eb3fa5f8b82c63fd74f218579b1a48b794067
1669,e141f8e460bb0116593e271a3302ad0fff690edb
1028,b21d1aa8250105da0a02e4473566d06645b99932
989,8c5da35215a5eca178b170ed604cda2b1a7602b6
3572,ece855bddfcf0876e44e12b534e905d794ab0e1b
1284,65e3d2c69620c2fb69fcd958e6126e4a0b569dad
1704,0a7761e10ff12ea99299c2de46817981afafff67
1695,21bb3606e484c4904348cb0ca5ee4ad6c27e4144
3861,6a1d86ca7b4ea9629ac85a1e78d84ff1e311421f
1618,9004d2c3d46264f20be999a93649c2fe80a345b6
1253,1fdf56ddbd0d1adc196d90b02763f4e1507e1a1e
3996,a9a49a2cba87984c96391506270bdb01e24596b9
1372,442977c150b30c20360d4b9110b1e6f655b0cf0c
4024,d8be20caaaec507de1265d3e9374859f59cbef33
4194,a326c1cba9439f62b79ad276d6ca11e2c8bd5b6f
3422,4786f0afe58367b0c5bffd3a10835c62765fb086
4143,293ce170cf1e976ab6f95295e420111a8af21aba
1166,24c17e8a0e8e306ef15e0cb9cb5a36c3e1fd49a3
3765,35f4179d4ff148f340a63cb29fad71103d8d9b41
4195,9758f80d31a332429d1a090b847d62fb2a4f3988
1755,7a516060213f5ac1fd559c124d2da0c0287757c7
3235,778f8eed07385aae5b3a353ecc1c3875b2f0c64e
2705,1d0bd25e526a534e67444754add49ab81bd7c8ed
3060,49d2a7976852e9663721a026048b74aa665c26e3
3570,49d2a7976852e9663721a026048b74aa665c26e3
2147,487d69f27f37f54ea14a0df820886a82b5ecc0c8
3334,a4df034e44682b4aed1ee8bccc6dcbc1e80c6114
2640,b51ed6c9cd864eebe49ec6774327ceb39cb83a3f
1233,94d92e17670e89db3bc53168b08b26527e98dd68
3967,987e3cbc101cb01d61d1547b5f20141ff4e1e479
1527,627bbd0d73af4890a8bbc56a103dac31c14a9dc5
1079,dec18ee78ca0305b549f8593acfc7aeeff9b23ee
1172,1a44d42f359aaa97ccf093d7ddbc68d9cdce80c6
3212,82dc52e9105075a1b861e2e33f7a2cd6c76f6267
4195,7cfaa560b167baa279014b01664aadcc9f3d01fb
2825,0242eae26703305c9c8e3227d287117bf254f39b
3271,0143c31d26f994cd105bbab67da684fedaecf373
2702,3cea8022f2d8c247e543a2013b9a7dd028174837
2493,e83add540c44b43b39a314fd42d6dfa371f0e3fa
2496,a062f183ce04b48d5d0104eecc524841d2c0def8
1178,a3b4561f1ca9fa0dda78cd0e5cb8fbbe861bf954
3975,7464821feef961aa988dd94d14e89841c1079719
2363,acc86aee561b090490653f06f9edae7966631b3e
3662,a64e894662a82020a84447fde2c455e483d3f225
3424,f6142a9c037c893e13d116feb06e680a9cdf4477
2001,c2628625e5ebf790d1273d8f4c9f74b2e603fd4a
3827,240c563814607bcc2932dff1bcb572b3cbc0ea94
3525,ff23fbf286198b35796e5453550d407ae898c83d
3295,7a06af5664aa31f3725f309eb46643004ff58757
3081,1d68e062378ae16298c52a3a66bbf3a52fe08cb1
4014,63efe61aa797cb65b470019b2a6beb6c74826e61
2746,a9976f54332221f8867e3b6234939764762c6f01
3944,01276f04024d2e0d16f31fddef3faf54cdb18d10
4052,56bc5a66dc4d9283719bb144728066dc9ccf790b
3561,d17efdb94df6fd1d437ee6d0dd89f3cce2034182
3419,d17efdb94df6fd1d437ee6d0dd89f3cce2034182
2035,e1dc7433496d423f7a24784f2e9abdcd1ff13d6f
1531,16f2f59ffe03af8ae16e8ed4460278c42e23b39c
1923,937c6353b6b119b9e567473b0743227ad1070c30
1944,937c6353b6b119b9e567473b0743227ad1070c30
2855,1365b0467e771bc72972f7b501a5e898dc6a7e04
3884,a9a50207fbe27e95ddf50b0f0ace1b554c6eb3f8
872,86db2b719573c0492d207da37806596180e73e5a
3162,2db7ebeef275d31b3842b6ac8799c7bb9cbc6585
1024,fdefe940824910c0f85f14465d03ff78547595a7
1000,377154a2e61c9098448a320bfe6c9463afec2ee9
2422,93431d919618c5dba47f4da5a030971517789b14
2144,3575ec9a0bad54d371dd6b7d728ee0bd7045eb92
2027,4465d83514c1295a7340a667a7d594138d4c9072
3573,08559d1ec89f646c9612273920ab1adb55a887d5
995,dc84c7f219b1089a652fcacd037344e458f1b837
1433,f554272b197d42a8b123f2052d98816921689657
2182,58abb99f512e4ad53e4ffe4307136f8700fadd10
1435,860416bff54535b2d934005e585eb2da40ce256d
2763,ac5766d4d0e43d7256c79000288fadd5459894a1
3860,7b24163d58d309bed3b87dc8a6e698bc56fda581
1128,feb8e9f849c4410a7fdfd94e83f34e37a224bc9f
1213,78ec9bbfdda4a98a6886c900b72f76acdfe5f506
1517,b8026d65d3ff9c09591ab68e201f7b6224ad78b8
1749,40aa9dcae012d96fc17d2eb07ee36bf6aac78cd0
2433,d5013a4489dae81c840dee86eab467ef8ef70c00
2052,818feed4d0d63c9676d2daf31a3eecc596cf0ddd
3084,8f42d1eddb4c7fadfff4f8db9e027c419af86dfc
2935,23c1c4ebc59b84c658f2a5d7cfade9ff737b2461
1574,f1753d0818bd1fdad552741612ac1f004c3ca2d9
3617,750ec4a3d456a58c732114fb809499338e715eaf
2374,e56337a62e7d2c0795aa109c385611b85651c1f1
1469,0999d349899b8025bde31f3fe8aade5f4dee0546
1198,5316a1544c728189cdf2e33aa5003c517930a0ec
3199,b61ee1e6f090997a03900d352c293c7e5a1859dd
2067,3c2a2a9d9993aaa757729010632d815306fe321b
1670,95497775d3cad5d2800914bcefa381d54c7ab090
3144,ef9ec8a8b9316b0805587744836a4b987a1d0757
506,1eb478e6dcdb27e36190d8d3e59eb370d253caa7
4109,ee1bc42254bd75918c81326955ddfd9bc0b13f86
1351,de24d5d8c50fc5e04ba649405ec8d27e03430a80
4202,3d533722e75d0a55989ea65ccecaa63537f30d25
1315,bac9fdc2e644493d4d6e7c55e4276753aa0aec31
1262,03986eb85605dcb6000dfe4567a7e516b3f3b6b8
2860,2eefcb9f4ebe322bc30830f79e4e365113ff181f
1085,f374130ee95709c1fcef8606cf3ce228db60214c
4196,4ccf7ace1c88c91f6e104191e59bf8ecc4bb5524
1042,c0a9b8ca6f112281e8f76853094c28db4a220c7e
1821,1bbfc94496ac0382f176e6d05465fc3f9a52f771
2950,0feb1669d0b86c56991baa0c21d7151e52fee4b6
1059,660a4a2acefc2941064b1a66767b15a1d3adad83
3679,299393b6c657b069c48d76c7e6a74d810c006fc3
2735,a1cc65eea04f9bcaa23d0830ae1bd8d21b1e1c0e
2994,d51a83aef7cf60e8962e29a682a84b60db740119
2875,74a5b5d4a7dc447db67d50d7de61496235da3419
4157,4f00b799c89de46297aaf534505d5d6a06aac88b
2828,a13db1bc664c212177353daae9e204fd9da679bd
1806,35facf6f64405f792ca594e818c6cc3d14f18f95
2953,562ae5ffe790244862f3398d0267fd0205c21df8
2565,b0a7cbf26c13db6d6c9b83f1ec2d4796f93dd245
888,6d02e573d4ead1d7c730715a7dbe52b79f3fc0bc
2066,ce3afc3566008799ac92e33e790fd970107df3ee
2798,b169ea1d64b9971742d6f1ed30a486c8efffe973
4017,20eac9b2672f80eb24502a176a9df2024ba70fbe
2106,d0c77bf7ba2bfaeb329d4e14fb461e08342af881
4055,449c8384cf4cb60454a4a4a902994c0d149f7227
2448,428321d4670f8d4cc59159b0d2a72e6c6a504992
2172,41f0a91f0f42cf58f2c49fcc82920efd560e98a5
4217,bd34cd70ad7511e2c0d63159aa60b63ec4d2e44c
3793,bf7ee51754f83a18acb25aef8b1820931d12007a
3471,ad1b87d4ba073680ad0a7fc8c76baeb8b611c982
1030,abd02b8224d55c6f74587f75d42e530635aaba04
3135,9852f8d82acda1baff61bd4b704b4da4981b5b92
3145,9852f8d82acda1baff61bd4b704b4da4981b5b92
1158,707d5f9d8ff4ab5bee3e6e76d5d6af564be28f45
1616,93eb0b1d65cc8411d8cd21f039428b0dc05f7d1f
3608,82d762cc4cac8a922c5ad86c6863a806e798e684
2973,ee0477bf7368f915d72011b611327609f11ccd1d
2247,7064b837d3ce4e342560e210442f8f338c1a019d
2427,157c5729b03c4a9e6c869b1bdec58304ca9a8a1c
2477,55c47098809fab4e112e70a6954edf3d4313f8a0
1600,572bfbb908981d53da7b20d1cfa35ffbdfadddb7
2791,3b6d97c170601bcebffaa9dfc09c3f6e7c9e3bfb
1199,84318bc9f33d412233887aacb047a957966e42d2
3811,39fa0d455fad594d1f819f2f9b936aea799fe40f
4089,10706e39094363e4712fa21ab198a8e17b44481c
4079,10706e39094363e4712fa21ab198a8e17b44481c
1722,10dfd5c618e2422de9a83436219115c265e795ee
3017,eee177149db9d169357e48658ca2b815ed91eee5
2665,5370da4ae9ac05994117380706986973dc61696b
2291,118c6f2327838b8f8d940bb40500552b1699b6a0
2596,59a5a64accb97e3b8c0ac453fced5f2fea2b11eb
2573,6e5c09d4e9bdf61ca91ffcff22da4ca6a84460f0
3633,4f6658cfec4f0c3daaea84baec90850c59dce689
4256,255d5329cee46a6479d4a3662e19ab44313e5f4c
2871,1d350c171ecf46ab96f18c305f12796c533fb381
3100,0c48fe9c5f9e2df8e2b7da0c8f0dd1017d142243
3650,0c48fe9c5f9e2df8e2b7da0c8f0dd1017d142243
3654,54750eb6536e8d649770851b60f35650a8176c42
1446,20dfb97c0bb44ec892028680cd7e5b8c6f0e458d
1934,43f3b573485eb54de1b657193befb84b854706a3
4154,9ad61e895f95e48a7d4caf73d8e852d7c24b4faf
1038,bfc532149911d8fba7b52c8063d5496278114e19
3412,aabb0ce0447f886d51761401ee6d9cdbd829b8b1
3653,0ff37c730ed42f7223afdae851de758531aeaa8c
905,0c48a3530efe6386be74f0d14e0fb1cf09b53fc4
2012,f1c66e42a05d71f7559b4eef4df15361851cfde1
4050,7586f8550d1255c9085a9ece4d03acb361dee76f
3250,5e158e44725019ac379434d9da7a55efdd9a2d6c
3066,903d1d7bc38b0184a655d336595e9b118176ba16
1391,2f9d4425ac0355f1866ef09f2f7c009f5b5ea9d7
3310,f5c87fc97c405a29c540f8f1f3d07f94df168712
4098,a6e015ec925d3baf6a28b93c223bdb7fc1d2f968
532,d983edfbaa449233df6f6aa510beb38455ffcadb
3238,e5a3c9a335df14cf608fca08ea34c985a0061b20
1618,50795094b601c106fe21dac9dba4bf9d947277b5
1250,c19bbe5e847dc0a0d35eb3eb7b9f06ec1cbcf1de
1579,225dc761d30b6f77110186b166be0d54add1c2b2
1642,46abdac090dad98b87b33b8d9663c897354bf64d
2745,c0b2afc275ca2d2d1f64ecac247f0fffe348acbc
3674,7732c5c806691bc4c8c17e4d3daa0ff855990b79
1366,9c4d36691393bd0f024d7de5f79c2492cf9469ad
1102,124dccdb265953b49be090acc79da1476a7b34a2
1040,51d1288fa458a33788737f220d72ce28a8afac1e
2890,dc60d330ea2fc66215adf86086a727cf37e7c3f8
2578,dc60d330ea2fc66215adf86086a727cf37e7c3f8
2291,90dc7d3d94aa08dd721f76652d91d844b513286f
1727,d4a93b7469dc2cba3c84cbf951db593a21237eaf
1608,6e4fb6d021b251aba0f9de605ae82de8365b5fdc
1492,e279200b8112694a273073eb7b8434b8129ba1bd
2781,e47b0e50e3cd28f4c55c585aa04bc2101b26bf51
3859,a7aef7ce719ab1b6d63542c41d49c29e684f6f85
3078,f6b48f2963a187642998d7765a90c90228203c55
3505,a5dea2c7c08268cbb112ffd18523b101de732ba1
3865,9be5e7a21c3aa234ed73beaaf57d1698a4aef6b8
4091,ec80d45e4fefec425ea785ee0cea049a71023f15
3419,fd8b7cdf9292b305f02386d560c25298ab492a0b
4102,51fa58480b6a50716761531556222b7b56552ac3
3657,a249156f72465e3320fde609a4958af886d68029
1374,3947fe1e667dacfe9b03de05d9d9abb9a9077c18
693,867b207e50098a71c0449b33f51d0ca423036aa2
1080,ba6c3c3133207790fdc926c4d9586d26bedc7453
1723,26e69f6b1f4d49aa69243d5f0685c8b2d0d9976e
3375,c15e09993c7c0fad13b8b9d8dd46819657a373e1
3194,448e2e61652f46b9391e35d50423c7b2af876bab
2581,66a12907278bedd72b11a36c9797e81677428d0c
3199,3fb02d68da416b30996291013ff6486c81101e3e
1513,eb24530ff5da9e3942dfbd481deb9ab3aa37f44b
1824,6648866319b99bb30df016b51a99a1f773cac752
3379,77451cff6861523aaadb6b0bcb9d4c9b54008971
890,1d3ca6c1704e40ca7923327ac4f8afaf57a6d366
3444,5358546758669c04fcf109210997424eadfc216c
1241,5007159fd23440a62f35d29f90cabf2aa3d0b22e
1868,b959691cf35fb4fcc6f4ae8f417c49d6624c79dc
2940,a4298c6b7263e788c9346ca0ff4aedef95aa9799
3430,6dcf8890eae63976406fa83afeb8e2c080e06381
2460,90075ef488db97621db9dd19ca28d890ee116094
1035,0d2e94f14072425edad1b0bb1adf893d2ee25265
283,aa01ad7d1b8f3cabb8f793cc07bb293ccb7ef605
2288,7d07849efdbe8bca1797da75d9bc29ce34ac572a
3108,9abb215c758edd7250881bcc5d7be70d7392769a
2322,a8c0c816969e2c4ae9d179ba6cd10ceb04cd2824
2043,5d2515dd6702c3909f06fed868f9856d5a0e14bc
4178,022eb7853c986bcd5965dba5b083f2840d1ca5aa
1918,ebe095cededf4e5aaaad2fe7bcf414e68ccef84c
1338,bcd40568791cb7c057a20fcaa784f6825b87fa5a
3345,8333c9b563dd3426448a0f86440bc15d3d9ffd34
2316,d34533ad1b9c5d58575a60650076e62e088cd9d1
3553,047a80088c9cabf5bab3053d9c78f15bf6f89c86
773,76d08757cbd00091c65317cd161fcbc3c839a73f
2468,389879084548f1b54140264fc72d79c1a0993842
1260,923bf1679f35a602e5d45ceb555782a4e4c353ec
1057,5c3856504b7e037ba7c89e1b75017622bd48c4ec
2739,c42220645fb9a7a6b7256864d2d9715c8e6461b2
1659,9b58a2d4d949a4560b62bc2baa26550757232feb
2492,dd7a358e69ce8ee8d6e5bb1304d7441945da292c
3100,fb42dbcc9cc4227ee5c8f250e38444d8b8921a95
2965,93ab207d59de123de85f8f72199e505c0a25b5fc
4124,f9a96e4988950a16569d82b2dcbfd8b99174f028
819,92e4aa35e7ade1e7f42756c250c6054b2e02e63a
1289,ead8ad0a81116e1c953ce99e13649224a7779519
4314,6c9fbbd4dc5b9c39e62f23f9b553d7e5e236d24b
1662,9a0160a73d09b7af745e10ea99f07f497e488b10
3367,dff9eeccca9b3800772c94048307354bc8b6dfdc
1204,7eafc4c02e45e6cb710413990708dbc696df185f
3164,71f5057e85e07699c92bf06cc108e958c4fb24cb
942,3a356b5e672dab1a3ad52c7b8d1b396bc3f5965b
1463,e7ce43dd10209c32fe4f5087d6072bdf8eb54166
3339,6c58c814622a62bb617561bc3bcebf6624d10450
1207,487d349573f269c69047526a8fe80febaa3a5e9e
2415,a82e70895f1f3c4713f82ff69107a365de12c4d9
2801,4741cc2e0682d1fb55f351ae9d84a0129852f5ef
3268,348e5fc2588e44a5d51f79029f828db35328eb1c
2084,016940c822dc219d0281c86dbf90ba866c5cff06
792,bbf2cb0686909803332f07a33a49c79e29f98a72
4006,ab89ae63f28dbca482cc085ffd4d86e1e622d4c1
1618,4fa4a9d346b9cbc76710ac67bfe44743ad034934
1466,9867dd96cf338fac9578fd818225db1050db68cd
3034,8f9ead03a030002a3e4d66da0a1b417f4d47536c
1775,1c6071233816ab4df53871fbcce13e54cc4498bc
1285,60e9c6c04f96afed2c4196c4827e0c223bc22836
1548,e440118f88700ed4efd8e6b9e14fdea854036549
2985,bbc676c68d1635a64b9f05e6d156ee010b23fcf2
4105,a15370dff4c7ec534d6a7182582e3ed4abcb79cb
832,ed00ada6caf7a742fc64e66d7d2348204c9b0139
4267,bee4b41bded0918de0d3714b36e53d9de0b66e8b
1741,e1cdeb983c8cf01fee4f43e38b9ae960b9f2e8ea
925,3f9218b95a539f0e527e2c9336d5a7261f6e2988
3057,b63cf30fdaea2e5aae1a52b524dc95ac098f627a
1507,2edbb650bad4b53cc1f01d281da3f3b65c81e0e2
741,039483ae780ff6bc2e95bb89dc27d1081325e753
781,20c9bdb06da0a868e46a26cbd5087078815a4c99
3001,7f0f4a9d4b393aefc9a2c73dd86dbc10398305ba
1348,94a8dc24cd99fa596a1ec4542a12b17abe1b2496
4085,d833c43f192073886c87f079b5203674c1175a55
1370,812b18d0802298d4f83bc39fe4d7421e88b327e2
3936,dfb7e24c95818b95879779b5eee270044f993328
2976,6e835f7013f674daf501bb16b8dbb87b18d8c8c0
2214,a55084426b8ea77f6c595fda7965369ddf642490
3464,e85cf34c92713aa697a1cda7a9c2b3db139350f7
4199,49eda5a31fcd67f3839bdf9d878a2e5e8ab54e65
2583,262210c59ed2ca032bda75a4b74a27bdc78c824e
4175,3620e6486dd3b2a26bf65792a95f5a26a6d87a65
1185,91d93e5151115fba4796a98d2df66112512065ea
3885,a84c4785f61f21555c447ac92d0092deb1eaea4d
3447,507ba74f4b349afa37ec962a8b27443abf373398
2737,acfb0ca0cc7382651f095badd8c75dd05080361c
1821,3b1ab26f186be67eb6a0505e66683f77210b1ae6
2662,e0695aa419f9e513f950382c51d58b07a8cbd300
4138,cefe8488b349308d7e240bf2e1738e88025b1fdb
1757,ac21c6c2c6c77bcd41aa1c0b9f46554ddf93b8b5
1841,cc7f68c201f41bd74af82f6db1d34eab0fb148c1
1907,a9d95b839085905bc2a1e3e79b9999b031c3f96c
2910,003b5912672e217cd608c21cd2499b78406e4ff4
1406,4f3d704274d91e4d51e0273b86f1bd4a285cdd4f
2806,7275a3795d9f59df5cfff09bf462b03decd22ad9
1644,a5fc39b6b55c0d479a86ed12f57bfe55a5b38ae7
4299,b528dc1cb4ac27abe832bede3fe2374fa49d5b46
820,09801e0f4a36b81202d725e9396221db80a69535
2833,18a7013fb58d373908e2929685bfe40c055f892b
851,494daa54c30734276c803752e9513b3cddf19549
1195,677d688d8fd315d2f11378b64c581f144fccae8e
2858,5b89db37dafe6a47e6260a51e4a0a57c9aa01113
3894,f586821a60f6b9294b7183137af77466f2cc6714
943,26c01d458633b65760ba57f3feddc64be9113470
1421,44f01fbb045a07b9e62b163571c36dc0349c7ccc
3405,052db3c03d12f7b9a7af55edd8154df12456b594
514,9a206a997b44526158ad6a631a570d1021665011
2070,72169e0212a9d68ab27e41126bfc0e95e40884c4
4245,62788e0336656c4619e7f76d7c24f938924e366a
1826,76882839a74bef1bc855f79982c4605487a4dc3b
2982,726ccc7574f40f274e130346e79080cdd2edcc5b
1959,cb97cedf99c5360d8e12c560d5f58a189d027650
3247,3585ff113b9268ea155189abf84a592807d1f7cd
3456,e4bb286616eb3e9e10a4f757582783b8d0c562f4
2820,29d23ec56537dcffc120ea5f9f7857ff67c743d5
2699,29d23ec56537dcffc120ea5f9f7857ff67c743d5
2462,cf07986509892782b168f70cf8cbf81197d894d0
1427,2a4d1d7dcee811fa881f4a0a50fab38c741320ed
3164,e2eb85705acd0decae85ed5602ae05064bbe7259
975,080311c9a4920f98fa6b8c082133db0b7b58b142
3305,5abfbd012e696fe46a110418cbd00fbd5cab037e
973,7b946b45bad25b4631ce865f75b9568f62e35b7f
1649,2f3b5d83e9e81634e55764965f66cd6740bef7a7
2908,faf70eb51b4fbdd2c01bf4fd4fe02936beac4a90
1272,b6d7dffac6a1c5149786ce2bea06006780e976d9
1947,bf647701b0f66deb43be14644c4c2b38d85d8204
3091,36c9765441b02869bfd8ef8839966d57246ec7c6
3168,f5321ce5a7561d062edae82b6ffa07a69eaf827a
4253,012e271a4ee4fee6d9044e003fb0330e400c9cf4
4015,074ec217e3716f9cac55d7e035040113148bcc02
2056,cb94407df7852277ef5d86101524451561aaf00a
1938,a990269358c92f8112d8043867c0d612b0611d6f
2632,df8075005234ac7a9232f1d68cf197fb8711c969
4171,4157842e20c2088eba2d4f9894d4c4540696ea5b
3191,529a36cdebe7a66fac7a84b1f41246bba0443fef
2251,f09bb77db079499da2109efae3b8871e17594006
2879,595fd3a367925e75afb6a4e6cd361c1ab5e8fa80
3420,b16719b438a8d6384de32e2ebf8d617d5b8bc2d6
2426,de8f407c6b56ac4bb3a14cacfb63f36a1861941b
4257,71d18614d4e4e46c22d88f2cc3b3203c8ab41aee
2767,7fbdf4513045fc258f91da5335b4ce23d212be02
1434,23b7df1cf07f0c76633e62e8797c15e1cd9fac69
3169,9521ce12fb69b694c99d20e09818811c061a0d92
2083,a0eda75facc48cecc35bc8c576db5859d9b2bada
4314,e6d40048d249e35406c17ee02f2797afd8defa8c
833,f3692b6d93ed4a51a0b137a0ac68394e44424e27
2587,db647ea1160cb286ccd525dccf31a90896076bf8
3048,7d8ec4c43b2a5be7710a6c508a2da4ba3de14029
3015,eb6b2019d9b35c43b59fb0e9d520b4f15c5c9c9a
2380,b263108189ec5133914b802a76920a391d7e48f5
2616,3a5691d6edbab83c907f1f8fc6ac0d4ea6e54b5f
3593,be36ccf5b396ef649999ea55af07dea646ba1653
3492,2697be779807536a377ff353845b2d110a273f42
3027,0564cf689972d57644bbc560bf250517839ca381
2699,c7343e4115466f2792ea3a1cddb8b88d6da36d2b
1050,dab0409134ba08b88572b88f0b7c91329c92e2d3
2509,b62527494a73749811cde80e3a1e2d7841cc8cec
2417,3dda12fb1adc419516408e22b6b25841431a6f3a
2089,da6032642f6b720de167895156eec35565f1e710
1267,0d785f079f9e64643bda44f36742c5c9f8e16c20
1178,d6f61efb235ea0c4d2da7bc008f81c3f8ec24902
3082,8d7db17bf5011181a2748e0934f716f75d66efa8
3826,c49cd725e868c2b8d52f5719675a2355a658de6f
1292,3d23fe1e7ece84403e336571a8a3bb782d4bbc94
3123,4563c6186d6d1cc3311443f3b5b2119d43446f03
3468,4563c6186d6d1cc3311443f3b5b2119d43446f03
3496,a3c555688f523ef99c0b9961ee25272fefe3cc64
3470,158d4b4ae53423d61211dbc2af7ebe4c935a4a9a
1892,a2a8cd6babf8ecd16c58d1d66b731b7cfa5aa042
1068,5c046966ace6e83e9d65cd94e55f890738dc7b46
3584,a25226dc09cf5ede672bc9d47537a7eea3bff96f
3155,9dcaf80f8e6b80dd4f6ce3b118be1b204f1cff9f
1283,c192e6488851a1010f3d57041121a87c5d0a846d
693,4cad27cfa97a99889e54d934ca690e0676ebfa46
2769,ee1e1956eea3dd28797ce9db655ad8946b4308b0
2795,a231a34eb89bdee46e75e8721c4ee265c3f47509
957,bd0cba37bb9561d22d3b9adede95426489fe4351
2697,3a8f37e8d2b8591fdd430e8b3186faad08cf29d8
3670,18652c70c69581399538e9d9b7bea6eb77ae6664
1618,bfc27383a6972071d1c1e9087a0ea6905853180b
3457,4305a6f4737d07396ae13fd95d7c1da7933b38a1
2794,a1d584fc646bc18bab765c2ca13ebeec7f31692b
2943,2994d98440cbc124646d1de6500ee0599d7eefc0
2637,52ec149530c6ecf9d220382ec9f5067bff405213
3333,06ceac02bb0c76c64797ed5b8ee5fde3c5c5e38b
893,5618fcd2dede44eb3e4c7829cabc2f40be109e50
1820,8c7e23cc630a3127d80cb6764d4d5e05d6d765ca
1981,d0805e5acf15e4fa9b98ef8475759205a58c049a
2997,7845855ff4a5b3c13fffb08bf71f18094427b9d4
1169,6c8d2f94363e8fe56ea2a9a6d5e1396efcb63ed4
3510,ac5ffe0f75b37ceeb27ff41a0431ea01508e0f76
3163,7ec6c358a9f306205e2c63c524ffa14195e785bc
1152,e01066ac3a668761852a5d1f57503b7450076dcd
3986,9f2b01bc53ff54fe8dc0a2f96d97d2a5dec7f1c3
963,cff8852f1cb3fae02d788892ae3f6de6bfaacf64
935,cdaf24783accbad55c89ee6472d3930d1a781fa2
1395,e0c5aed90eb3f872b565eeb7c06a3d5f73676d96
1801,da9086c8b327d331fdffea65ae25560615f34663
3361,17b310a182fe30b6d9aee008b8776d1090fa2d2f
2328,0fa0ed22337273dfc1c63cf605d0a4e7fcc9e79b
2247,9ae896c47e8c1565f8c0c8f5f10b1a6db6ede658
3073,f75d5d63b40e40db6af0b6c26b9b41ec101e75e1
2619,6886ef3d9f660f9d7450ac6a672386801c6e6429
1287,50cd8184425395ea34dce00d37fce50c48af9af2
3985,c935eadfc1abb25abbaeba63fc415507297c3979
3806,23dc5ce42e783a32fd5713de05e9e330cc429731
3765,23dc5ce42e783a32fd5713de05e9e330cc429731
1596,1a1e5e336dee8e0b5b8358b92bfab657f82cae0c
1758,1941fa99fcd7d0c0d4c8ebdfb619b315e6102865
2744,e0692ff0018f339ce4c7dce53b3629f8c536b185
2286,111c50bc35cf53597f71e8acb651c994df5265aa
1999,02b8c40a58713af53ab0920a124474bd9fbab4eb
2507,e59573212a5c450ace0e8de8077bfef6f148fbff
704,1976cb567395296e84245086b2e9572bbfb206af
3730,3c6c5766c6663582e5cd8523571a20fcc3039b3a
977,f7727c7592c4e40e01ae5217702958f655794e61
1410,968e7d7cd9594e389b1c40a2c28ee6c97d0668e4
3316,95830c900eacd18919bd4e47e561f0f52ff335ee
2689,2dbcc56d01624cc9d25aded20320532628639ad6
1135,464a9751d5169ee28158fc18ca895aee69043502
3047,d7b3e80f006e4067bfdafbb1abc8af2d33799eb5
3434,ce4de27fc06ddf96d009f7c46ce6b5707b4c3a5f
2832,d44f3826c3f615b65ca0d6c49926323dee59449c
892,5009256faed76c5da228df36b16dde11877b37d1
2579,ac922dfed5d7165a40f0f646153279eb9bbac13a
564,2d4c1145ac9f4466c057244ab05a6b83887e1218
1275,9dc85f4d95a477e118e4fe74a1059cf253d9813d
4141,f182cc15c26cd0c0f34ac852eab9a237ce41ab95
3013,72e3709d15c82636c2b6be6d167e5b6874cd85c4
2033,3698357dbd3597afdaa9b167fff30e29d2a9f0aa
2709,23ee9bf6599688ac3d91494896a4001f00ded732
3774,e1e1cfa3c4c3f1dbe3e926a058fa961a7f19ea62
1145,32de59fdb89c07dc49eef22b815e1298c6806a01
2039,84110e194e97e32b6dfd2d8819aba755a90cefc8
1888,92fda76f00309bfb6dc72dad5ffa910657eb2609
719,fa030b29ec67c4a727b2b3bdc4a597af4ec2ae75
991,cb3decb7ceeb26943751a5c8da83f35c4bbe38f7
2271,b3df0edbae3848d62cb45228fb93b129b9b63a32
2937,0041490399dc8d9880ce05e1bfaa6ba4c5f40942
1414,1f107ca525251af96c13244968ff9e28e4d8cc11
3815,328a67d79a5be0a3208f9c41b20337eb32572f9f
2746,d3b8b7dd9693a95a3afcb8abf7cac1c9f6de35be
3612,d600cce9b3e16b11829b1c5786f7385c3473e3f2
1998,5b8863e064b5e0e16590eea241f9f9efe1fdecf9
3271,3a4586757432e706f267b88a07963706fb3139f6
1248,96dfd92ce243f3a4ab05737476424447a946bcdc
2448,2b29a47c4ed5f48df43d936668b24a46e4925c5a
4246,45c7126e04bade358f300724c56d217bd792d6f2
1635,95e73003734156754768c0ad5695983b6658c202
1739,1ebbd42107c4c192bdcee44aa3f60a1677cdebe6
1052,dd16ee5226b2c43f5b4b7e0776e8d5721cd2644e
1008,96b72ffbe25a903b3bd84bc40aea2ea5acbb0fb8
1998,53b51f5df218c4008b2e2b4eb475b621a7ff4dd3
1893,cbc8368757f0cc0255963e10685cd1d575b50547
3616,9e652c18eb6e77a8324fd9183f2a54cd1e11aa3b
1601,a70d7476047d211c3e10a63aa810b553a5f10c88
3645,17fd39835429d0bdf3aa111b41479f1ac217f571
2989,316b6ba797cfcf69693d917fa805cd635ef98815
3609,1953daf89d49ae332c077bc2cbe2d8aa239cc7fb
259,545fa474b65b1400e04f88c3b50487f675f0cb69
1178,32c2d8777ccf13ba3d448035d3a525a273b94c71
259,55518cad25cd680aa317dd165edfedd91371ba54
4117,195f3ce377cfb79ffc41b5c5448311bb967e759f
2569,ba4a92fa5ee25fde33143c97bad3a864208d54ba
3870,1794df3cb8d79bad8b6277aea6b6bf5ae447d373
3815,7a4ae0cdf19c594abee8b22f04750099ce712678
4037,ec1b6b90fb967b73558289a85d9da5422d444354
3913,df0eb11b670fd95a939be7a3f23b8ece3ca49f59
2514,9e80f9e0db2893a146cf5f3a6ac7bcabab2f4f56
3317,9ff36fe789a54d6a600ce82541f7e939e8272550
3014,523261f80750b9602dc1e42a6497051d6713a088
1598,b09f8ebaddc56af5103d0e4a724b1fcaa3fc3d74
1215,cbc7b5ef56682267be48a40b5ea69630d7e42c8d
4041,25399727466e6a436adc223046e918f754acd185
2724,681603436743fabcae61c8d707210f73a2a810aa
2142,e4f9ce6fbbe4df0436be481f2833650483eb851d
1335,3f6c36dd7b7fa9ee88da75f5ef472c80836f1026
3318,9cd545b90e4d0e6c7f7ceec44126205c925c60d9
4196,518be836d2437df131938c4e9f3b3d7085171127
753,d125ddbe5bf9045e4a91a06e6dc0743c11e71051
4144,0edeac2c6daee890c0e7d7fa3b53b8bf9a5bffaf
958,b7e87b527bb5ce3132d09bdec746a496abe9aec0
3285,d73d0755aaee730f98ce9e1727a2bbe88e77dee9
2186,d01ad26d72850209b6bc176a5fdaa26f5245232a
1299,679964ea992bad3b61e30f947eccdda5170d4f78
2563,05981adaa80c0b8a5de85fa182b921f64ba53660
2016,d2c4c9b8a11413e0772b854b17e6f794b0b6d5aa
3060,2e6ce2d644368f49fce750a3f174d452a6f1771f
3062,dae2db82c43691a27cedd685bb1aa8b8b904ef6b
852,1c337e0d856f1f37ebddbd54be887420f9b137a1
4086,94aab6cab15f412fc7c61f02fe6e4b07b2e5b191
2775,4d9848ecd53c12130e84cc6e297f2df9e1c6a554
954,7dd4c9b9538cadad63ce6b48843a1c82a5aa913c
3431,d1fc5527067468d68b2fa825f4ab33e9da34ffe0
4164,db3555a648089caeab79868311d32a77500a1e07
2548,f6a58b3ccaedc50c78508a96028d5b2a4f646196
2710,f3bf3c617549a13777f59642d9e49f53a13ce989
1933,98784c9db3274909869e60916771fd95ad25607a
2862,a3d62f7ef39082696c7fb547d2daa31cbeb385cd
3942,ea12d710f97c8e32a6a00b57b3161ecc8252a2fd
2221,24a6dd63f46b43d45d1d938a75357145d8b90468
2193,aca253328b831dd91ac317970e93f2e61de258e8
2645,16112a18501b4a3eb688cabfa3ec6acc1f119c0b
2797,c36de4c9c7857515b1c5c432755088512ed1d9ad
1712,d1d156056c89aa795a454744d222268de61b6ed8
3076,8c1c2fc834f7fa1d989ffc281cf7cba3d18daaba
1935,6418df81c1e766d8cc7e285cba6e0cd1e9d680ea
1224,553cc762c20a045ea691b301e5b50d5a96b67fc8
3026,e6bef22244ec6c365257929b1a9f464aebfdd93c
3670,144855de215157c53fd6ce0a429cc6ede4088551
964,deabead753ab6f766d39c9898b226c373e9535a4
2499,2d66f98e15e54e0e2358b34c8892258e4e697f10
3818,2d66f98e15e54e0e2358b34c8892258e4e697f10
3580,52d852b8f8e102b4335f23e3a66c6d31a5f93844
3039,133c33f981f5384e714fe73360a6563a3041446b
3098,a3c717c81f372666b952e99ec036696b36811565
1917,c868bfe17fde754df37747186c23eee73854806d
2780,8b38da7ed16158c3b8a8951e7e1f26b3485e968f
1618,78c6a1c005cbdf3708939366dde51864570ca62a
1189,ee6a885966c0bf2001693d208a891bb6de13cb93
3341,20dc88436593b604b163ac2c3ddae9e98d022ddb
3044,4824830b82e7834248ac2a4d47cdc85b4145e0d6
1628,7dea6f0b6b3ad278b568d1bef8fcb01279f58397
1349,d107db53e2d6eb0f5e3dffa0c3fe38399743eb5f
1451,b60ef42ad23af019a6cdd6a12cbc64af9fae5f36
1497,1de438fdb4c252bf370770dfdc46a74afdeb5a0e
697,bbe5c3a8e1f7b06f391502356891b11f691b9b4c
1001,c6051e028b8ad71c29cfd336c0bcce8c1e9f8879
861,aaa0880ac4c211fcd916afd08770a9462e90b009
972,8c99d1405053c2982701ba634fb841280f6d3984
1428,eee0b8305a42b216a7e8d180cfebdf507f84bae7
3484,274fe464ef4d96578070183e37ba7d5da24cb6fd
3755,ddb2ad543a9c9bc8fd084b5457cfa37b752b81ea
3360,8a61eb05e58ecccf9eb16e94b6885d8f9e42b00b
2778,3b09d26ea0764620ffd9521ae0bcf20df67c6ba9
1153,f5d9a13a3c0dbc6a95263293cdd142084adaacbc
2273,95132e9c71d91e4bde5feae28112d3d1d030ece9
1717,f78ad4ee051150946dd6404d6a7f533e0c928d79
4020,9219a2477f38a578885a8420ae10b8fbe4722694
4128,eb2c0a942da94d29ce29fdc947fb3087a9406584
3169,d55a3696a78aef15fb8822c3a808c32bcadc0081
1357,9e748f895b51abb05862c6d7d232e896b031ef09
1591,a2afa0f5472931f462418bddc9f792dce0030a51
1957,bae9d2eaf0bc441f502f02d3f8c395ec193c33a8
1956,bae9d2eaf0bc441f502f02d3f8c395ec193c33a8
1958,bae9d2eaf0bc441f502f02d3f8c395ec193c33a8
2317,c970f36afc9891606514880c3c41ffd2686b9a66
2442,03ceed64ea969063035ba9bb4e25b54c7a647214
2293,33090307bcbaee2838fa6da35bea502deff780cf
2230,29d5fb6d06de1a746bc4183d5bb6f5ecc4423752
1618,e7240b2ffeaeeb56921691ae226b9f7f6bba5171
3542,96e6b08bc6ac395fe0bcfe06d7c9dde58ff48fd4
3458,e616ea42e9f56340c78bf90ca14f2556e6db9fc8
1637,f79f0a582c84236d9d1ed9763a903123174c8c97
1526,af3daa31dd6d966ef05646fdd57fedeb224c9225
1988,edc5ec1d076a05591ab8cdfa2881eb317f98e202
3329,793d378cd72caf80597ab35f6c05d00224621408
3988,27db8ac719943e07e93b2dca9b839c5ba1b26f75
2663,f7710a62b3c5d5bd4f7523084c7e2b63c1cfe395
3292,425c2bc01af8fae3bca3ee9459472bdb2b9790af
2729,02de5b44d85e69414bf7362b213fc266034a1109
1732,aee12477265ebf6a18e2639849e62619506db5d0
3524,1c4f4ed6084dc9cdb4002077c8bb25c5c75b62ed
3419,1c4f4ed6084dc9cdb4002077c8bb25c5c75b62ed
4025,b69cb21540b9d013cebb3381f936687c519736f6
732,35e82d987661cc663b11623c32cb0dc62c6b39e5
3771,ae7c3dc8dc5944f451f7b1ce2c1379343756da53
1536,5122128397de1f75d8e79544fdbf30dee7dc8208
1255,cea3ee874dba152f7bfdf1a6d5b86b0890d360cb
695,952a8a848212f422ff800a074ce3c79bfae9530e
1230,519df5154a9120dcfa69e55b91fdbf7701764c27
774,520c5b6b76e93bf1d4628c880f9bddea508f67ad
1748,ae6e82588b5776b6fe22bdfa8dea52a240337f82
1167,f6b460a9e0638def7dc673df0fc18e0dd10d05d5
3940,c840e0297d7134b62fc7b2d88887a2842b03c928
1513,fc34136db2f4645731d2288ba20fb14ca6172ce3
1398,5295324122b5f0df71855cc041c46d1a519b64bc
3044,b0d008a2c1af3489e22a85bc66b3096e2774a5b4
496,a89bed0e701dab30ff37a2524d8f6b01334d811b
1280,61361aaedf996563e2889988dacbe9b7d3d48ebe
1555,14c4c0d7ddcade140955f90b9c44895d04af28a8
1918,6d99c396fc739411518c5aa4d4584cd32644abf2
795,90335186f82431558d90c21bad28b1e278dc3df5
2574,f7e8c63dbec46af99d39f012714df575ca5e0cfd
3297,52225866b567049164a0f1dfb73749c0e3be4e68
2942,8b3b4ebcb4424b4f40625adca09e2514918b19d9
2788,bf7c063c9284c9c0cd4f959756444f9224cfc0ce
2384,369b81c18afad938b9d33915cb63d5591cbe38c1
2151,98b86a94ee293ff7efb2db38b83fa1d6623bb17f
4298,edfbd97f6746f13447900b765aafd89f3f29668d
4134,a49bc25163e6b5e155f32f49578cf0f1673f7c1a
928,5cd154aabd2a28423b27699d5d05e1e93c1cf132
4036,461a77f0f19fb27a38b61f5ca17da941bd89ad2a
2195,db886cf22c2175cfb3e27d4104c63356e15b9e76
3754,5eee5b1f99b735596ee6e9b4f402c94fd450fcac
3172,847c78cba0a01a8287b1ef3a6d6e5c9c394d7f32
1575,270a0a6ef530dd0bb5df20452601b78ee0012681
2152,0fa9dd8da1d3bf712c160fe86091b5607b25be60
3507,88a2d0828a2f5dbf8b2b80928d06574568f58fdb
4220,5c6a3dc55e73f3f67a6efed02e5a22d84464dfc3
2730,16b51f3c803ebd8a0c3b8a725f5f1948cb6f8d3b
2835,71c478340ba7d4983a281479f8771a0ec8df11a9
4124,4bc173f7c627721b7fa1bade6bdc6083542fa4df
3739,d24d06a4807b5d2c5573dc95267e145267d11da7
2059,00251fbf4be391b1f07aacb039c1360fd3d9f0cf
2338,e770cd8dc8bfb3bd41f7b012626fc010466654d9
3096,645828cd4e978f5333a69063ff8fc5502d457dab
1161,466b2dd953d29ebba53b1f1f3d9f3099c15693b5
944,74ea1eba01cf09e8ee35a17cd1eb60b2713c8a19
1136,6135b5cf6010abb6beafca22eeaad187f54ff1a7
1747,93549c583d45158d472f7132f357ef941a206528
1975,c7807d748791ccd7dcd8d4e5d40698244da7ebfa
880,5caba492b1bdc512c560330d78a45fc7256e3757
3217,417dc2b2d3f8a0234c1ef9e3bf8386ecef79252f
3576,c0e5bfb7d7c8b3d72d57bbcbb62eb36dc89ce1df
3549,c0e5bfb7d7c8b3d72d57bbcbb62eb36dc89ce1df
1843,20f7c2c14519092b727904d57171b4d8a0a4732f
3515,4f43bf68bccddda7ed0a2c997c29276f5d9151aa
3772,78b04b3e68748c5fe09efc4111476f400f5896c7
2257,c178b819c0e93800d61b945e41f5011ecece025e
3253,162e8bfd8b03245e0eca07549d42bb117872e63f
1639,8c0ef672d31693becbf3f8db0ac2af36cf3ff00d
3545,3fca4404a25b898dba8286a456d4854e5b0a215e
1422,9880bc77c335976e31dfa469eb34e0ac09738174
3077,1351ee539855d541a2510a0f42c8fc0de5e12bb0
3290,7a6f5c6e8ed75196f49c8f1f1ffa3e6407b45d4f
619,315f7f41a831f80d9813e4c54978da428af0e5d0
1874,04528985368f7886aea22f77df25d3081378918a
1312,de158d525777b2f271cf473f74961fd91933c577
1429,6865d8e606fe51d3109bf6f637a2fd96225612db
4046,9f8febe34865cd1bc57e5ac675c0b7b809d4a25f
3033,34b11e70a84c2593d1530578ac4ca0bac0c2e867
2666,6138aed6d08a40e0288dae5013372dca51b7b1c9
2346,06aeae4f1380579a4ebc7fe29120aca77748b9a0
1854,4a47264eca578b981a97129efb53349a9a1bdb77
1658,242f6208976e48a061932223c9d2a01f6346ea15
789,d952abb94e81843964a812dbb05d79cd072cc58c
4238,1faf1dc65f90d399fcaecc5d4f4959b53063d71e
3935,5f3c06871368cf6658aafcf8eaa022f1c4c72de1
4108,d30beec54045b80b0721d7fde83f7f785bf157ae
1769,050297459b50fa2ade91d68f645da737bc2bac78
1269,95b792b8b1a303742318dff56634dc4d8f099076
3451,5fd9156904a60548e120b07f116f378359623fca
2732,3c4b214e69e80518d2666b0615f1f6f15650f06a
1178,57f5b8294f17206244937ed650c97918fa3288ec
2014,4bf56d9dde399f8b1227eff2409bc59519db75f3
2482,28d1d0f58a263e486943d4cdf042793238ec21c3
566,165f290a24fa6b68a95129be074337b885a42926
1568,ef914ae9b2ac2bf7ddf287c83352937b402993cf
1524,ef11da51b4625a6c3094122d071e4ce38ea43312
544,d80a6a18dbf78a734e2793b02498eae1fe80faf2
1638,2c5ba44175200c0fa753f83e8fa9f4e1fc29df54
644,d7c90c578f3328d88454c37cab312dd12ae460c8
2672,14d26767aed833b33d87f3c186e015e2d1cff6b5
644,fa5d05bbe396afec5ca246b07882fc3041f2ff36
2431,5e6df0fcff428debd2b1c254563d09918718ce2e
3347,1e1aad84768e12d48858dd42c6212dc47037e234
1330,c051bd48d519d3272813830b3d65376ea7f86392
2265,158d967a33ef2ecdb26e8791d247e7144f5cbf62
1675,73e3a6cd0271ca4aaf641d30f1261c149e31e774
2179,83b9558e1a61a5141d0ffead5c8c3238edcd6772
1461,bdae034bb5ba88e2f3e70356d1b09afc0844e6a0
1276,73c97fcb8ff50b1adee4bac43c6e5d0cbefcadd9
3198,b92f7771b1c9f8394635f64013c1c4ebfc9da555
1618,ed2da3f7ccbded7881ed5a0dd89349e6d9ae4d59
3449,0d32db72e4c99b41087b7ce152fa20436b10755b
3169,cf9a5340e36ed53fc9f0527d8e239520cdc8f349
2543,ab55791bcc1bbd88e61c2ba71c98e1f3e305e9b6
4122,8b436f48c06d188ce2a3a1bd09dcfeed4e711011
1557,939693c9d94bdf96fb6e1fc715fcde09ae7fd4b1
1216,bd46171cfddd4cd3e251472b11e1940c4270f927
1251,bd46171cfddd4cd3e251472b11e1940c4270f927
877,890fe709adbc29e5559ca0208db93d1860bb40df
3640,9175dad5807b333e7e2388f37b5aa711e9671192
3101,f3d5f490b9bc5fdbfd3f1300aa1bb2db091ad31e
1205,ca78e2c80f0afd87908789da895f7b2589bfb4b9
4064,72d91199d8e2fa496d3f50a22112956d682200a6
2071,4a1f84dfcb125a5161c46587e26b1d302059708c
3393,e2ad806e182f9695a6899f965ba36783b7ab604f
1987,5e09973c2a27d46a877b5a61f06ca0823b98d6b0
1570,e5702c238ebe4b194e8f8fe74a0ed141fd91660d
1731,59b6ff01d0ec0f3aa60290805a5e3b69a7a6e0de
3568,036e46193f5a7dd29c07f44eeee612389b2826fa
2606,8ab5479030b2d7b5a14d263dac7b1a534a069450
734,ab4abef1449b752b921417de12bc6728c55705b8
2359,fc51f28212c6fb2e4d3ab6890db7444e791b679a
1218,abe0b6237eee0ca3e6129a176e2c7c4b8dcea081
1490,8a101112d45ca58226403a97331358cb65894528
2999,a0425a5edbe284656fcd6c9c129c2f075801964c
2975,a0425a5edbe284656fcd6c9c129c2f075801964c
1748,09533f5df2c786baa052bdd987aa7c43af63f013
2132,ca885a6130d4008b4025084e34e9358837a4ae94
1143,7fa72c17035a085a44b74b7b06c8c79df63f2463
1866,b30cecdf9c14c6c2081b77821f9c956534f488ce
3816,f10e0b63f0ad6eecbec11905c9ca32503544c5e6
2003,fab3c341834ee4fa4a3b14b9a291024695a651e0
1885,76eba060a7c427cb0c2495c6001e6e9ae2a880dc
3086,7411fd9f0a18ddcd966e48e97da14edc0c17f5e6
2896,d3500faac3e35d21c8ed06f04da2d7230c855e7d
2004,e54e37345dd29e09e34f4747ab2fd8b89dafd602
1277,3c18203351f949b15ea887ac7787c8d7d06d7330
3414,349c7942c7caf266b78e91a532d2e811711b2f77
1132,50116fd16577ee2b64bb1096088784a723342caa
2128,a5a978de36edaf81f7ae98979368a5b807c08860
2778,e24e6b9ed945863be3e92b1130e915972aae495b
3649,7a00897a598e638643e498f58950039072b73616
1668,6d3b3d1cbbe186a24f113a40f43f68b52461545d
627,b303db3fd2c223ee865a47ed420b2d204eb8649e
3929,d8181b73591409906c526ee4b0c42cba3605c4d4
1034,a0d774c19b977848560ac1fd506578bc3fbd8cdd
2334,6c23d5a212e1c58cfa2c7d64410f6d0ae1a19c9d
3988,f9a24a9b9140444e7a0559eb727b66bc036792de
1775,57e12acd9d61430df48b67d375f6a5420d022e96
3154,4054b7d5ac2ed3447e8b331a1142716153f443c6
1184,f66fc9dab964752df5bd7e6b0024300f86e1153c
4312,329bea7dcd9be5a0d2797e1609999f12c338b313
3949,71aea911ec03e6fdfbdd0db4407f71133de409b1
1425,d3b2bab0f3b3b6154dfff8b3b0afef9e4508d150
1752,1f6137f8b34662b4faa42c376283a048584773d3
2815,9dbdc3fff03658f804ad6118d75d1159f0163130
2266,b7f3ac3f520de33443177b3876f1fb1c16f678e2
1505,3b3ad657bc6c6d5e5673ed65b0ab2234cda4e4a8
1063,8cc4acafe955ad7ec0ad11475a99cb6b27fb75a0
3507,c57535063bd8b337644cc3d9eac155b128f09020
3898,0f2fd36f3f592115cb21080b0636060f40dcdddc
3385,c4e0eebe182c4f79b953e3a6c1e9013b1a30cf90
2207,01354de9970c3eb31cb2de56b64e0ae1528c75d0
4088,88ad135e3a12b22173101b29cf32a2005a109769
2924,ca1ec37169a96f89b50265ddac5badb96128aedf
1363,bfcd2cd597994ac36e4840cd4dca6cc057831c5c
1643,6c514561b08d84aaf5d5198c09c9365a0b7393bd
1131,f831193b107eb15c7de47f72d5fbccc98df35aa7
1510,b17c388f42016e3cccb46edc40f802704cf60d51
2209,67216c395f86cd43de745851051fdcf6eed7e3f3
2053,ec3e4f86eea9a3f353f3af0c4d60d791a823dc29
1785,440fbb0cce41e216292fa1a1721ad9cecf5cc58f
4143,915b177013d5a9b0e08409f082ed1722729ca6a4
4091,bf6d9df44fcfa19b8456955c6d1e78dab50b25cb
2696,079257cf7b69692431556a4cb689c9b7588433f9
1184,378d5d762d53b01ccc27f1d1f1741b22f58f51a2
2540,036f50f46cc78ef338afe01a6a488c822bc6ac86
3051,f7a2652225bb9305d17585efb04cb6aa85e744cb
2568,f0381a24b45839b34a8882c04701d24ab8dace8d
984,949ecf9bbe550976e83af15398064de3481c013a
1714,641a61b6f1eeca6f6ea650e32b856d0448574c0e
1973,bef3b2339b8c41d5f8286d388d41177897415748
4033,4330a487a81f6f186097f17532f05a93fe5fb48b
847,53b601b6f6f0aa19b902c818dcbb5f6506b17dcd
1962,4d9e821d5fa1100258af6d7da2f2c88b1e441868
2652,d49f903e0d041ce7d9e8e2d0a9066cd666f99da7
2005,9c6998f9ccb23446780f92f1888e21dbab8f6217
1479,663a566a600107be1a61f51e61b087939dce90b7
1420,cb9e4699894adae3b547328f0b6663d9672e687c
3167,0c1e8295be360be46518fef9bd0c486ac42f6d6f
3132,7b7a628d475f0a7c3d025b8a7db2df5c35e19c91
1550,62900f2aa6ed7bced4258e293bb2094e15f6635f
2658,59f98dad998121f639cb9601b886c2117d31c4ac
1309,f7fd3b40b2408ad4948751c58cecdafb3f1e1e80
313,aa280b5fb3a86e9a7ce9d2d6cbc567eaa82c082c
2963,9b1e423c296b9bd9271540f009ef24ba67a104ae
1618,c2b99a6b2c500f79f8a7ec44c9275bb1ca67fe6d
4316,b649bb9b0c59033501e7f30e64fb10a315ac4801
3941,2da2fb501e2c3d893106636c4584d6bdd3a8d317
1458,d77eb3589e06a8a6e1ac6b272f4690d47d35c0f3
1497,f4b1c647687eb906828a8e81375662c251db26b3
4141,071841c19259daa4afb0d7fd60fb175cdf8fdca6
1272,a961312e7cde795abf12f7a77c05a315b943f52e
1342,2dcc08d97b1e48b909cecffb1a46274ac4234065
1144,1325b447001f38ac8ed0b3f0b6db8bde304c8eb7
881,89737055e94379a070db8a3795f912157ca56928
3979,c1018e3b8670e9f5bd93b9a82fb4c6104fce7cf8
2589,11af4ef34b48e5781555e612c3f112ad6d7d8e25
3138,d783a3af2890c70b1b472f66f1eef5da1a15de9f
1697,5578536b231fb96386ad21b8eda5bbf460f27ff6
2761,914240511b3b8f540068e431a0d5c1430e1f6222
1105,20fdfa276ba5cb6ce8a0acf3e51f476a8ed018fc
2881,8d0966f569c55f25ea2cc167f8a60720b64bdac8
697,bcfb130488cf6995ef8449866b0afd312de2c59b
3627,3b5865e5305545e19b3805e1c7c70d1131208a7c
1891,d40e16492979ed6b44d3ef98dee8dfd3c540685d
3886,9de35f6dffbf4844a274a5e420b412ab9be49450
3456,0ad6b0f2a92bc6c9fd6c600967310810456fec64
2208,20463b6b7525218ddaa240dc3735c981f95b5660
1407,4ace5d24dec44741f08b917ed875da34945955fc
697,cbfb7eb0ae5831ea67bc41c0768c89448f64077c
2884,1fd137867ec6f630c7db981243921cb551355ea6
3029,478197fb4a6b75f16a49785c974a1a7a440774a6
3325,36fa63165467a7f9c3027f0d6aaaa541788e3048
3457,2b7071236d635d1f7ed2816275e570138ca1f3f1
1569,07cfeb213906365e082fbed462e5ec7a90787071
4023,84dd52abba03b4994fdf398dea63cb2e6df0fd45
1794,5babaa543baa6d0c7a0e434ef1fd5efc30af70d8
2044,7b650fa16ca82c00b65b04db24fc60fc29bd4a6d
1226,fb4a7b9a87e6d59b0d4ff721db8065a13ad6a380
1924,0eb955f160b57ce3c253e22c4577126c178c9cb8
2365,222c69f80ec6eb23ead62b7fbb7ce58bb06195c3
3871,c61a04c83e5e0c2963c0b341652202cab44c7004
2578,4ba4ef2b81405dcd7fbd10f3b925f263ed9d72a9
2534,b65a30894a3833f0f98134076cb3ec622d163078
1125,0c554fece485b2300d5ae30361f9e40449151ec2
1618,6a448894fb5fe67d9604a82b278ac22f7ccc790d
4235,7c7558651c68f5193e4f2952044343a0059fd9c1
4070,0d3e6b31b406706d64467f3435db06aef7802f1e
911,98e8d7ec4872f17f682e39f0ebed630cef97ccf0
3753,dd66718b2adade33cf64db6c4376958469e175f9
4140,37cf5ef8df038005af3f3bd3edd7534482f6d3bc
697,1bb695693749422e43968b3abd3aefc2789af61c
1770,93149b6c1c9dd720d6fb42c545c991164db9a1d4
1876,d21b7dd455649ca327b25bb771953047d8f3ca67
2010,d6eed24f2ecef2ce8a3bd89a3815940b07e9b36e
1178,d2f90ab05c14cd6ab0f42a4ba29f399d69cef845
4325,7347458615a48b0695ec97dd5ac2e8b30b34a4b5
2712,2707d079b31804c4da78e8cb08697274bebe5af7
1706,99aeef2b3b3624f7d81b11fda59615da0cb9e023
1645,95704248c07343040f3389a2a08b4f26045d1f69
2119,dfbf11db6dc642aafa8a49241d490ba4e0811e09
1193,4002b6ee59cec6b6485607566858a5988fc4f007
3959,beaca12dc346df325f98cd01911b4ae7d51a23e1
4080,bd39ff00243119221e4b9d2f22743d829eb8fc4b
1493,c5166b5ab5426bab2252038da62513c363f0af3c
1283,2bbea70caf31c88f1fa9294718afe577347e1ea4
3048,bdcc5aee731ef67e4283189ef26717a667699c8d
3327,bba01fcfdcaeaf08814dcebbffd276aedaacf03b
1306,aea9241f5efb24ef47cd47caaf1b6a12fc9575e3
2181,527c8ac758c8e4e04c625959f13a3521120af188
2936,061ea8dd32a86d5b47aaec3b7ac5b5f9f9212ff3
2680,96123dfd7b5f2adca79e1bab2d1fe9f99d1e1f31
797,0109f8c4cb63fc296b8f9fbe40cd9e9537f76647
965,f9e0f7447b0ba9a764ecd6ccdf30c51b6e5da866
1231,c3ee0ff17dc49bb35e412f62e61532e8ddd308aa
4218,47063ec8ba29fbef84b00bd063371688b0b9d25a
1501,6160d927de4dff44d9dc98efb9511e43ffa26671
1484,dbc43ff8153edaa77c0088468bd46ec79ec55fba
4104,f919fc3b742dae415a59539ab3abd08c6b8a0400
3321,ebe2c14289ef43c8d3ba6f08fb03d4aed61c3a01
1318,9738fe3cf163a0f9c45d11e4f85337dd0208b40a
2664,470b2105e367a8014f220307765f6bcf3a2c8f85
2075,7892713fb2027a3e87a54fbe08431f3f95f72c82
1497,29a885a8b635f9b4a327698e0f860c047e3c5a70
2930,15328a2ea9f74ed69d49efa36504d83837766093
2018,3505a4289fc9114f214e8e20d5cb59cfd78b16e9
2430,462038addcc025b335037b29712c9579c1c72538
613,1b7768623d4c796e8e0f5f874d2c7d8fd842a5db
3511,38478197a5be334f4baea1215c0233d367822966
1618,65bac33c1998a2f55318fe3ff05cd2773ad8d3e4
1502,74fb288ed73886640a52a80d263e9dde5b31db88
2006,4c05bdb44dd6c9eba704f1568f076d218a430565
1604,5b12faa8a7445bf7fcf2b47ae4fcc4a07ba88513
3772,49b744a4a7c42fc2657ce34f5bdaac0752612e05
1961,40f4fe7866c8ca67958b9e300781678c48c9c21e
2391,2950d66e094d534a051e8143d3972baa6b37aba2
348,0f9ad3d8674820a7dd5383dce9d680ceaef7fd9a
3861,18f00c5d23c09fd30dca1fcdde69b6aef997525d
1551,608379ee6e85c53baaa4daa79b611ae60212a8fb
4062,b726dbab43c7c337d71401d995d2ac8a99021be0
1261,fa804e71b08ac4f697d15e90ef66e6a2c6e4d1a5
2016,9894783a3d745be263cee50662f2144756d56dc1
1618,b7a803b2630407b096c47646666db2a9c0f6690d
4019,de017f585a1657b17fd4e16089f610a54fc368a2
1134,aa90ad512473dd95c744344d85f6315002d6ebe1
922,e91ab5e516d487d53b95c106c6e0245c04700ed4
2933,f7c8477553c0714b938da1667d9d0d7877703b2d
2165,eececc5be2d8c8043f32e2ff7d1eeea0879f61f6
2706,7b2d0f65f9dca95ec27d1520ea47fb232e76b1a7
2017,db9b6de4c0e75d895bd30b68a67e6c80602bf35c
1095,1cbdcbbb13557d662d94b90f6d6dfb89243dc947
1308,5bfe5c8e3a69b79505cfc7a6398554a5d3771617
3507,a272b1f7b96fabc2ec34da2de594b9f53afdbbb1
3573,e6236742afb9b2c169bc784e908912ef15d8a7a9
2809,b7c7067b8b7cc0ec1a4424d78d5dacae42065924
2699,b7c7067b8b7cc0ec1a4424d78d5dacae42065924
644,fe130cef5b8c4b5c0c1b62e1f1ab2ef0a0c811c1
1270,b00766d2f5aa2af482d64a7207f4e4a98e61085a
604,4c9239a4831d0372835a0e8c4de62d0304cfc425
1983,ef23196aba51296375bcdca95fbdf34eece9f742
2025,64dcae2c394472e81adff359e75f83630f35c65c
2076,8bd63db0a8579ebb81e1748fb5c49352f5746649
2685,b60828605b6bb75a30849fd3851190ce31ae95a5
1321,35540cdac1c7950125f65cbb48cbac5e0f0985c2
3206,9dc811b340d7f6eb0689c74369d53d1bf40922c1
3970,a7ce004f6dc1dc0dd17d1ea8d339dea88e9c544e
1595,f8433224a95715722abd8fbaba2b870e19210fe8
3592,7c3b7630857152435654dd340ee5d5874f3be901
2834,f8c1b770057806b81afac5665ccb8dd103d3b0f4
2013,46b2aaef19eb48e3eb31d61061576653521b6d17
3958,a30246a6ea6f43757195375b7955ac21f26607cc
1516,c54c6d40367d1338d559d1ba82e6f313aee70760
901,749137efb43a19ee10e2e1604a3ec7a949239459
775,f6a6633e995c6d263aa4519d13d4f0dbe0ae939f
4299,a66839b36227bd87adc17889ed15c3619e0b694e
3135,e91d32ed17a315d517a209938dbcb3c0fb8b7942
1955,ca7229dda7daaa5cc65d31e0adcc27a0d3e19e64
1684,81c4c48f3d2b09d9880c01786ba01f29307c265c
1124,c986e9575e1a2413cc19350cde3d56da96f7b944
3072,8954403ce0255750f8b8602917b082152d362f91
1354,f849feab0a7cb611d9c7866962b2672c53478a66
3522,77c205fb93729226d7b96deaea3962dfd67d9135
3637,1121cd3264ab7dc8680007530173a45b93b3133b
1871,7d66ed5d45854cc5935b1c337505a76f938abfac
4182,8e533c229632247e0b333d9cce0b79a8326e381e
1786,e513f9b160211d19ba2e790e53a31afed72001a1
4197,9a445ef238377ad827323777a416bddaf93452c8
4224,839edc9b98f61a03282006ca681291fa6989c36d
2110,66c24d35689d78e23c9af99dbd33490fd8a1d7d1
1932,15f015374d4280eff8cc94ea9e4906ad2495d64d
740,1a9e1376e1aa0b62d84fa5a9e6c8a94be2b271bf
2578,9e8244434772da9300d39ef18b8985c62e393a71
2673,a4878e976cb9b0c78bcc8d8910fbc277a92ee2b5
3387,41f0c7269a630a45f2137c004f95ed6b0a2964ec
1353,82ba9c27a95866186bb5653998a134d666aedfb0
4113,cb3e95936576278a486eae07dda93bb71c0490cd
1775,a2a9eb1afc350f0a907a46f47ddc65292dd5115c
3322,35fb1eadb7287e3904f1c1fbf9a021db30f37f6b
1399,4c62f238769aeefcac643b95b456030de808b3f2
2431,85cecb48aba469bc8dcb5d3a292dd698c778c51a
1793,0e2fd71e7df7db98ee3d2a84d0bf02504bccc369
1408,a6b5c8273ea992eb1eae2c54b992e59a8aa74f73
2696,6d9f6311fa76fce417071acffb35e9eef9976c7f
1742,d8737469f3f62be172b1c312fcc33dd1130b92cc
1809,763ad67a6123bf5bf8dabbe72d7ecb00e77684d7
949,c7d08482255ddf40589ac180810b0e2a13286461
3142,ad9a2531ae6a5e4a3e9785df44bd68252e053a26
3567,a3d76829c3b7d34f15e18ee7b832ae975b83d22c
2649,1e3ac58b1e1b12aa4ec824c831b3d8d5c89cdbc4
3307,a760df0b20425eef2820b2526baa617c81358ce4
3114,88a3793a48b9e0c74109127e2e31ca6fa80bfa55
259,0aa26c7072611d3045f6fe8de230f0b273a6cc50
878,8c8767337414104a9e959e188af7a40d374d3fc3
1938,977c3cd78d7f9e04decffd14526839f8deaebb97
1842,35665334612f619a0785af2fcccb12d8115e528e
922,768aa6b3f9d6d6ea9380520077b2571100079dd7
2029,b7bfe028f9474ab113baed9561cd02c955136c5d
2885,a4ff5cf10aa5db13b97a9a15888ac902d7275fd0
1108,f4e34fb912c2e5f1d9c63db4aea7b8c6f4be1957
2122,f4b64cdbca08db9cfd07b11841a0a42d643c0c8a
1133,acaa32919b9d3384878b19f6c4501bda160ae270
3269,c33ebfa44614d5fc36971da84aed5b0319ba31a5
4053,68983f20519a1998f611d0be35e4b24e9ba08732
3137,d1cb3a5af912a46128d260bcf555a06a418c9794
2431,5a22867362fc764e7f15e102ee0db83ecc53d0a2
4153,abc89e34c872c1f2e1755d96cc8c92b0b5f37aea
2185,c74e6279680daec10d15e9777953013ea9567dbb
2410,06ca1762a6a79a4ad5ac4f12a1774446d04da62d
1194,8516657cd323d981ec96ec5f0d5ae32b37c77c19
1420,5d1202c2c6055f40e03d70cf5ffd1c529593e578
3153,3377dd4d38e64607702efaa781a6e659ac007853
1595,d3e9242b8974c59dac4da0d7ebd7c2b238b61c94
1191,476ae8bd9d077eb3f586c7fae9bae2c8bfe896e0
722,c8fc6352c047aa67cd8d139037aab5a7700b60c2
2912,a41a1a90c14062878a489152e300f3868b594b87
2850,cefc56d2b3cdb15501f2f164751f86ef66183b4a
3006,99db3dbf81027ae5ddbb5e3ad8e5ffabbb87c18c
4149,bfe7b6ee3a17645b0a6f6ab0f5e9cf979eecde64
1850,ad85bb3c8a5cee670d8b6089afb7a84f1fd4c37a
1696,bf5dd0a8046b9cf77c9724bae16cf1b0a7dc7287
3424,6e9f11117ba0621e7ce120e1bb8c1d7271c9fa21
3590,6b162e4b01b1a624fc59f93a160b37791df45026
3677,0303291b90685cda69c028a9da473de7550bff08
2442,d12eaeb6696cb1180d189b500db528d6041522f2
2878,ec1c3c21151f64f7fcde19d17d844cbf1d301a27
1618,a6c3c52e04acfa27eb41012ec5328b572582cd65
1288,bcaad155305f52830251af354080299b7776fd29
1027,fd19ceae8c0548dad992a1b5e6449416d6eaab1d
2975,80d312bc9a0d10c67887cbda49ac6c8373615403
1793,1ec26867328879fdeea03ee645fa4a71199c7557
712,7c356ebfcec10ca77063d49508c777f7dabd60cd
3455,f114f5a5ea0e820c84bfabf528faedb42c1ffc73
1483,bceefbffb001f7a1eaa9ecba4541cc82bed26188
1258,ee7890f3384b5c6307fea64cc07732854c76f59a
3004,4f08cb5c133034ad5efeb918fa866bd0958a9ed5
1314,af2bd86ef6915d9bed3ddd3b12aa1e4987024219
346,d88f18aa2134b8873460f632937b2564cc4c3321
1931,94b09a03eb00c7c8522962da3e390245e0327cd2
3178,882227fd25398ffb903e55de7665e3b158198596
644,d0f7b694cfff2243649526722c3b81618655d34d
948,4850c9aec5a13f16abf3f88b0e66377f3058e238
2387,bace22481934c19c9bf2968a6243967e9ad93834
1787,b6d14177d310af2a5d63bfa661218ba1a5cb5acc
1343,2d6761279fbfa3de8d7b8b8ee488b5c89f17e2e4
891,b05f4e35bb81b436fc4001f43846a117eb484a12
3090,c6d9372de8960810ca494247b6dde47cac993c43
1231,6907a62fde2853a12fa59966305fa01628aae3db
2146,4096d76c290b52902f9e25527143214d36c1bcd8
733,edf26b4b2b755648296e1a9304859399d10b7c8c
3390,4110d9fa9e787ee17529cbce59bba997f8c8e604
1117,f748bc49d4a67be3441016747799733e6d520139
1304,2505be23de26b2497984702b9b3efd6294069f3b
1336,c763b4739ceca8ad1ae083d114451dd78a31715f
3778,ff5a2206e259328ee875fb9f7479e87226cfa310
1036,c3fb0f5c26ececd64548e755b95066fbf08f3896
3210,8718f6deeee4d281b9d092be01b83297c164ac97
986,68009339b024ed555643be6178f866f3c63547e9
2990,bc701b5e226c114328f452ecd025b76ec39cf4b8
2411,e43a31c42a9292f017367478d1dd685c4e3ea77d
3479,70deb325f729782a77c9bb368332300d4dcc99d2
1647,f8c3ad6ea19798e28de4c5bc8d76b05beb17acfd
1815,3b23be77234cce48e30b2fb62c045be20b497d82
2130,d374093521d06d4c3b55feb7e126eec4640185e0
4057,a06421064cbb9f72cbdffd806ec2ccbf16b6dc2d
2978,5fd3a41b42fb9f800904c9251dd2b52353c1ec87
3619,b609216befda834cc57763ff28a96caf0aafa530
1178,2883d0bf783378e8ebba004550384778f5009f2b
1543,1430ffc0ff279a47d24f5ed08ee26a4f7923c9c6
3211,c003703936215bd425ca93d4231ed7afa469deac
738,8e6ce2e31d2b62c4c589f1bc172f2103474ccca6
1025,8867584397b364c28aa797d9dac0eddf2fc5fda1
1447,4e4745c256a736e1af3c71ae416c7b083cbab5eb
3874,af4355d270aa00c28ffc2b21ed7f739dd049d86b
1641,9e5e0afd7107d62dbc5e0c78aaedd04b971c9806
1369,59ee072df59aefe342a17747f777818e359e97fe
3672,3ce534f91bb36e4c15779978c1d929bc360fd5c0
3295,895822fcb31772a9fa00ed3ce372cf371acfe462
1295,30a7fa8d0b731e974c1d11c920b573980c0c3e59
4057,bc0aaa1c3fa7e69f1b60556bc4a7e138aed24c2d
2081,48867e2c54a090481c748e9c701b0b331cc2d080
1648,a5b45e7c7ad792f5f8a64dfa6cea5feae82d6d66
2488,b065fc3fe70784403db2d692576eef016493e6e4
4139,6d844513a8851cfbbc47e3e6df18c9f96d87c182
3364,de80f586f29d1446a734bb7ac70c4ff127315f6a
2893,7e2d843425791ff52332b736376cb8017553ffc5
2207,b684c952c20ff18938dd867fd5696bc124aea69e
3218,73093f3da3308febd244b6dc14e23e88a1c0d2f5
2559,6456599ef063468a5640bb38b6f54b700babe7e3
2041,ccba402db94145c46cef874fab177628eec0281a
4074,8296225be17ecb3801e1a1769089ea514d0742e5
1769,1360927b5d17edeabfe1119b23d44529ced123af
2131,1360927b5d17edeabfe1119b23d44529ced123af
3909,0c30c09960e3b370d1ae9c513f3587eb2ebdf2a7
2385,0a3ea1d157e2085f14a1b8f90b84fddb36f97b17
955,44c6317bafc46c0cf716eee1097c0fc79720a609
1241,9d53bde81eda81de702bd86660a9d45ae376e6fc
3579,2bdfafbfc6b343f04390cd122ff67ef044ab46f7
1259,c0f9f1dcb75ec3683fd4982afca3cb0296febd3b
2275,42cbf31fd86ae599c93c3d8f671671954acde1e2
4137,fdd00bee0aae6350614bb867aceb43aa6700d720
1719,8a1a07240e362d4d9ef206d214a5f42d726a6f39
1291,3be6fa5f65218c70cbecf2bad44d7a873c0b14af
3726,534562153a9658ff7ca9c156af9c61060e9077fb
3204,4a70b6ca6ef4ac980b7c8e7a18c9ad936f2a0173
2341,8b7029d6273882fa9001fa580fe31425d8fb74b9
3661,a4c235323ed9b28c4a78763a7bd9f42237fa7e9a
921,4964437c800b86364814e6290b40f713ddccc141
1856,9ff9f35e857d9fb04b6a7e77b6faf634ebb16467
3926,8a61d66169f1a2445999d907e30b5a4f77d38b35
2503,0bc6d021cf55302ea7907d3684ae7aee9b7a4950
4129,aea1ef6b4f5d369aa5bd5c2a067f27e274cf8502
1830,d9e92d2916cf8a5f16bf2a8abfa2826c09fbe0ff
800,07f94fc6fca29f2d498e15f23a6a1ac102d9241d
1389,ef2150aaa8546aeb13aa2f1d537d3c08eaec9464
3020,8ef6038105b4a239c0745511e6ff12176475dd30
2290,8ce05bd457bc2225b5f524f9b62e082b9e0166e5
1487,024279d90c22ad7ccdd2524e3aa2a24875331b58
3801,c2aedcc66486ddc721a32dc4984547f049aa5541
4118,db06fa0a5ab9fe0d8e665c57f429e4ed188f75e7
1650,1e3daf1545ee66b0467d16f135bc263e132423a2
1781,e65a42eb7681015c8b4c55cb00181d552a3b76dc
1831,5ff4bd860374c893a2b1c476f767856d0876f8ef
1190,e3e8cca6e469d0dac2668b80709e1c1e19ff73cb
2642,54ec13a0df647e9e46d884a0372c2483cfbe13a1
3621,10018197faba4bd440d894810ce2f66f2216de66
4068,c08fe94669e5cf3498289beed5675d8ea0467ec0
1693,c6f55a10c87d917b6a843bbfa161c98cc4c45e7b
3313,5cdce293b202bfdf604bd283ab601b0de8ac32f9
3125,bade22b0582f31f1f4df28ddd3fd79f76044f513
2652,997c1268f10b3707c6ec5b1011de1044dc6a10bc
4022,4b0cf69d6656ba145c45bd9addb23a7b8563cbb3
1178,910ae2318ffaad5590b5a80a881ab5ddc54de338
1526,da81785e5a910aa3c7b739b07ae91ac684e4ef31
3299,0864ea46f0fd712cc66899c870d2b813e1b13eb1
2125,6770819fcad449a29815bc68a5e5d1d5effc3576
2137,3fb5d2a65430ec6ac153502ce68ba8801934617f
3484,6b447d14c9932ce2a7ffa49af734a086a7b30993
2882,d8b6323a0b35a3a4dcba03c065acffec21b1adeb
1531,7a6306efa29e097c477ef18adac7b9a7e07827da
3478,2003c0eacfb497c97126dd6a59bbe210e147b37c
1467,c38ba3cb51497e53e72223b6ebf0355ff3bfc0ae
1897,cdce20e257efb05347a3d2a9b04caabbda04c754
4058,d8a54eaf7d9a8c2529f6b9f687302c4197102e77
923,de42e82e7039f9b49bb629a5df9498a7e588d33d
1990,42abb07cbe220ede413300eb895ff7f24ddd8148
2582,d7ba12df016a74724ac5b4c0a0d8b8d81726a5f1
1939,ea31bc21305ddb2aa17327daa2b43551eead2762
2427,7fb66beaeb72631b53733ebfdcb4d63af27c91b5
986,2ef92575e1daf4917fc279456cbffe9fdb451986
3120,588f37926e2d1c636e8cbdea95affaf5794fc975
1514,acf95d0677b3adcf4ddfa459289ccb47ebd65e8e
513,5d39f8782f1e228d6126d749240000b52d6ed164
3359,9468dd2f526273ad78ddc1ce1d7fa64b7979840d
1927,cd341f693d58fb33f43f271b08fba18ec1632b49
1814,0998150922f97da2740495031b77ef0fcc6b117e
4261,2d4c5984818a8232b2405ada96c6c9b4fde00245
968,ef1030e400a72d984a04092956f1a8ab1ca7a376
4196,d92272659962eef217bfffeef138112dcd7a5784
1659,352514e1fa01ee4892ab0f06deb1ce16a03df493
2174,76f6c9e41e9e3ebd37e8a5c91e206a7f36b972fa
1292,2623c1c511948d969b388521ede862b1e98f4cc4
2078,8a9ec63b18d4a2e818d3b4aea4c2a7141e07a7eb
3858,e8ff3fae08b0ae9107abb31e96942c50c06fbf33
1404,b17cd0b0da24b55a41b7bd4590d5a54dcd605d73
3241,5315a6868e823cedf4d825571ae60b98d8419896
2402,8e04c074dac343b4ec63384a6ac09eb1012c8716
1303,3cc4fbc975547bdd3b59965fa4712f2c3601fa90
3374,5a34aa0d936bf1bb08efb164b6fd994695cc3dcd
1673,1327606788ec736911924bf3c1d767006557a731
2549,9e1bb652f715b2f7427f857209f75bb67bb2cab4
3522,3cfc47db243120ac2690fb897b60487905337e5c
3559,3cfc47db243120ac2690fb897b60487905337e5c
1748,fb2817f8f598c20f435bc540ed177e2f7a283bfd
660,95dd841fb39ca7d373fcacf6eb75afb7d03999eb
1381,617e516c0eebf7ef969423ed66677b8de086c7fb
1296,8f1d0151bd2ee075749fd97afb36582bc654210d
2861,1675883fc002045af2cd883aa390ee0ed623dfb2
3679,4431219e2fb18fa31fbe5298194c82f19abc506a
1119,9840cdc1f4720c523f54ce8fffe873dc5bb65cb7
2574,a0e435a9cd29da85cd19f84bda9ea2e4b44540e2
2854,a6023e79b2092e5de22e94f77095cf96ccc16dae
1419,4ee89bec1b7afa7777f0b36d4fb3561813bccdff
3983,94b82ba539c8a09c48fa89b65933e62f1701c76f
2326,855e96a4fa3158c80e1b003ed26acd6ccb6d29c0
1872,d12586969157970fc8e6f2ea09f57f90d5dc95c7
3902,ee5ed1e10c655c8201cc48841b352dc6ff180bda
4001,e7ea80cf913c7fcafc3cb832b1a8175b7f87926d
1618,b2c8f43bdd8ed1aaed55160aab59a4ff22ece16a
4123,1e6403a427ad504adb1452504b50ee17771b60ea
4169,779945ca83b00b13835184b8da25548cd5e0e0c7
1266,3c2d6b257bedfdff3c4ce9a02517d63b79dbc5f9
3454,eaf2422c28278f49ed42c6599543d8c6818e6871
1839,4794d1f602605b77a0c0ed5dc6325895189bdcac
1091,4cd08bb584c9fe03a612de3cf4424273a0f9c028
1546,f393749604925188689e7bd8ce04c82328ff4699
4069,27f3814895d721ef7d658c7860a016b76a8be476
1252,f5dc0529908fb0d85a88c841687adb6e305eded1
1912,88251d5acd80f7a0fb3169eed17f9d349c25683b
2417,d39195d1a7a108f0bbfb4a2dbf1b83b841c05685
1666,1a55ca2face2c3dfa1ddf8b22aa3efb5bd1c042c
1176,de3f4c6a703a958b9e8958c80c290cec96f83b0c
2184,eedca241ee4b2bfdedc29ebca7881fcf925bb8b2
3916,e3dd390351d92536ef39eb632a5ba78190f13979
1536,f43af1c7e725a1fc44bc2a46df680acdb20d5a2d
