1349,197dd5a887d4293d47006b52114f6cd81c1c91f0
1084,a134fe3879ba14ccd7585305f6406e22ff5cc0da
561,74993fc6e83714b514ebe54bdb16372c2e61be58
1257,52d3870b7e6091bb1fd380ff79fa3fabb9e69146
1224,5900e1bb3f687276dce16d422e55c4bdf317e3ef
1506,255a1711af38b6efd8cade6b2ac22fbb4442b781
1878,5da40c05c970d611259b5809b8b60086688b6105
1575,ef18a7b55d2471cea1453f848771868c8661f944
1795,4c057d03549dda4ad20fb5e094a104bf0b51bbdd
1531,be052a0522fdb5387980f60c232cac1d022eaeda
1539,ab320fa38c77ddbaadf8415ca8c92068fc0f3c2e
1211,d3fdabc24dca2a3e63da643ece2853882d74863f
325,c996c46abfb9df298e4c480a699b36549d6a4c8b
1599,29316c157e00be1a32e762bf316eee76c6bbeec2
2247,1cbeb422e2f82354ea0e01d4614c6bc151611352
812,3ce21555dda80abeacc8ebf5bab3325577282e3f
1687,37d2f05bb3a435688078b68b4ab7edb5ef138a5d
2136,6d3eaa719cf31153f66ac193e422f489378cb0fa
1389,da53cb51e580529881c2287f87d035dae0dfeb97
2300,f9703023bd598bbcfe2063ba014c7f886793c215
1776,61ef1da5671338defbea97741633c5d7a27c9c43
716,db3001cd3e515c2bc928eabd5bd6538ae52973bf
1077,00fdc82788bb8988b434ec72dc9e4b0a9e42f482
917,f479358de3a81465fa5b7a928ee2e01db07df8e1
991,bdb717c79471b8cc6370639e94af45cc92c8dbcf
1953,6941c0900d560e5397338e14c5e360df368bea6b
1176,39e94e77763a299f4e70aed5053f3c5c6c42bd56
2183,daf399105d648bad1e9b8373916afb7e8825c596
1809,6798c1a382d7f0d4f3c1f3d56e976e9853a5ff0e
1586,92d55e7cce7bd9725a366ef927ff158e7b0ce348
1020,2b8d4fe1d03bb197d88743a567ebf4da49128a95
496,d2ba8a4b4ddd4906f3f23278c63991bb2ebea8aa
1380,a5cd927723a9b1d18cec5eeb161ed086af6e499d
1618,81929f9069af8698f0a408a0d14aabe5270be5dc
881,c95c6e819f48ea5115174530b4b9850b060cbf68
1695,03b2e4b614b01117dabc36029ce67f9f1414e58a
1519,781fa42566894c1e32bf07c0300df4bebd0496f4
1694,aef1280661bcac55b81923faec5d49c873b17872
1623,1e9f42f7cfee4a67158d79ff4bb5d533f45aed5e
2282,c0c5b6a75b44b6b1fc34f1ed98d60f559f8a1d67
2124,502af3acb9a30c560b93245de564e6c9445bd47c
2294,74893e6081936ecbccaf7062a5c1248b953a86f6
748,a20da66112a05ecab911a41e73d4d9a9ae468a29
129,a20da66112a05ecab911a41e73d4d9a9ae468a29
701,a20da66112a05ecab911a41e73d4d9a9ae468a29
702,a20da66112a05ecab911a41e73d4d9a9ae468a29
301,a20da66112a05ecab911a41e73d4d9a9ae468a29
1844,3eed13a22913756228489dac34cb4e262ecb6040
1279,9d081d92b9a875044beedcd97cf38ac6e58abb5f
1288,79dac055398444983f535536f82ef101df9d417d
556,201805925b9ba3065b652b5be9b1bae6b8fbcda9
1672,c12850228b1d91bbeffb3147088014e275fe9dab
544,72473fa073605fc0b8913cc35fe893454ed9da7f
1493,8b1ec85c4a3e0116e8c2c70eaa069e0da0ba4a29
1450,7ff6a85c9122e67040b46c76912a4c29d8a660ac
1679,fe972f0d3402203a05d9e36415a998ada7f928ae
1214,cf315f83b26abace0fbcf48673b32f2781e4db29
869,9e321da1ec472bf379f66c27cbad038c3cefae98
1908,6510384e1d4d87e0b5ef637255478aba8623fcc2
813,776080fea5f6ea3250439c2c2663e12b177b1b8d
446,4c52767879e012204857a0afed6d325b87d6320f
1744,354458221a53d713aef6f396143754841e189ae4
837,dfe96fb7123c2c4c8563257a391fe9433cfd83b2
1831,0022cf141cbdca232108458a31dc3c44226cf2dc
1764,26359c54f2b8f9e6a2c6d84ea511a222ef216441
1247,50412ad5c438d74f0d99c53d32cdd7f13a0e0fc6
722,c40366cc1a1b637d6ce5795e820682d593af6a8a
1441,fbb1fa5fc13a8de582f76c23e5d1a1a893a0c5e6
1507,50b8d45bb55113c46f263f93421f492413641605
1740,3466c66f763ee5028d81b62e04824843879a061f
1611,f9d864fe064c8e051a221ee400d527332114928b
435,0d808a7a45e9b4614a0df6345c8d184df91f2b35
475,37c996e4eaa0cacc8879afb6ef4e0e9dbdb52af6
1007,f272778cbe58acac69dab48272e31c9dbe11b782
1124,043cd4e93b6c290468db0d75a22d7890251e6b7d
1658,9029f2abe884049664fe0b78efdf2c31958e758e
1630,367aed32cff13fe314dbe3df04cd3c584a14e057
1817,b2813fc922cebd114b3871f148568ccf3145fb43
919,bf2bd9516feeca543c6cd2f79cbfeba3423e34fb
1770,c2dd2e0b3e17c649999135693e03bb963eba7945
1836,dc4e6377f49b5d3b4e92fa1a3b56bdac442720b7
1257,b1b042220a0faac30c5bd4724d924012bb77604f
510,a96e52640914a18b75fe60c1326d195b7f9f27df
1022,a84a9a507b3316e6ff240c78e9af3da697b03655
1504,239e9cb62df7a53c7b66a3c09c1d76e32250b507
982,efda3a2a27181e64a6f35b210dd28f1a867c87ff
2001,1fa0a5fd0cb63bc42b101408be432109a99ad6f6
698,b6ea7cbedd9f776388540fe0579d7e58cb1f01c8
1522,efe57ef065f6dce7633f8bef44a5960e9008d85c
1150,2828ca373bddbe09c202f40891721005fd178fa7
1963,6b83971fadce2c395810c549cf3b72e85bd59f84
1715,95a39ff6619ef808c2c201fa47c8ad29e08caaf9
1564,6dcb15ab122dd7f2ca106b70d46c8daab5689d00
1397,2bfca99d8add4ec8e4f518a76640d9722ae74a22
701,4275671ef00db5c12ec199f57668f9e1ed95b223
1470,14c9ebf2fa1e0b92c168106d912ef85f8448cb2e
514,91456a7d2808e715cbd91cece38842d4c998cf74
1935,5489db523723fdd66b561c946a29b4f90dcb8943
2200,ecbc5fc64972518ea7bafbde993704b1003f2d5c
1828,69ce4af1fc7d3c7ff611b93c080db4d1625af60e
1301,ec8fc6afa07d62fb294d9569f5c193188740ab0a
1951,8fe9a468ff6a50277178edc2eb3597abe42de115
722,03a58e4ee38a24fc1bd11145b6449d0e9a180647
1128,190df087b6670d2b0ac1b1d16cac2cba14560131
1973,619afa70d0d6367c8339cc4527a393dcff0cb4af
1551,97b13c896cf35222f3326787bb9624c003f9eeab
1913,6cb8a569de47ea61f966ce28cca667cf7d682754
1754,de5ae9a7d9a3e8fe8994f5e458287016f75d5b45
2254,6b404c21305bc925a7849907c17bfd9c9186dfa9
2235,8c901769d56fbd17f9188350bc70c2cde1b01f9a
903,661d0f123ed040e68b130653fc43384c7ea7fdf2
2055,b713a8c56ca1ac4d17fba8f2aed80379371e7beb
486,981d7179a4adaad5dd636fdf0542215ff7382cb3
587,8e098475588f074df77d49f5e31aeeccd868c530
1607,7d8d8c38878628e11a8565733fc60dc206822b40
1326,0781187b20437789bca5498be55e06d4886e88e3
1487,c8e3fba0ddaec7fa9a5a9bfdbb0687769741adee
1387,dcd40421fb3a212a66df76e5c882f5db19ed3479
392,8c8767ca4415b3abbd41df9b1c40740d0955d410
2037,1ba98871151af0328d62ac7670c8391966b25c3b
1546,f1d92585ad720d3b1e15205bfe0e43616c377d34
2243,8625992bd5b56f10f5eb022e2d2fe2e33f1a9f70
1582,daf5c30db6dc71f44c3432cef1956e1792fff9f3
1645,602558a65a290e67dbcc64e89f40ac271dc94207
2012,b3ca5664af5aea3165e3c132740f8b01ee2664f1
756,30f165880983094a8c96f8c1de95c7d85a3d1d98
1523,029cfc4e87df021217e458e359183a7b7cfac608
430,019a9d358dc99a1b5821d4ad119803190520b35c
441,66ba1b150f87cab3e8b4cc49d3fb122da8526078
469,17829dd24d0686d07a135a1be706de151097dcc0
1630,987dfc61ab210521e59b440058650667cf8d3c0d
2075,382746a7a096ef4d86ca3f11e1f8a818a1e86927
1877,4a8798110e3e0cc904f89c48cddd9230a50608c6
931,d958a359be157ac7f09e2e3d202c8dda29923e3c
971,318f523590c18784ce77accb5b4ff35668235469
462,7e9e315f991307ac92112b0a9eab00e96ee302f8
966,d48f5a721e97ac3d6d9b1940d7b88a51e00105b9
1705,d7af469b7da6da23067148c5641732632eae4af0
1576,43523d0a83fc29a93d329d8157cc1358ac1d33cf
621,bbf370f1e46bb57a01a01681368ec3d76667c07b
1852,3f4896f530130af2f5d19308065e1115d624878d
913,3918599025b3974b2ceebea7a13a9ff40d15e780
1086,aa2b1ec74f47e42faed7c90a6687195b06ee8da4
1044,48f700e170ff5e7711144512c2f2eaca58b4c1e5
746,fb3974073d26d7e0b48674ae581ef64a89afed3d
2015,5971aa81b5a84e79b3be6ec811aec7e5ff3a049b
2002,31f5440b2847ee4387252bf8feb6e80aa92d93c8
910,0bd3446763c0a5bdc41e1bc548d53c4c59168672
1295,a08946e0568822e55419d98b54e7c41fa61264c7
2275,c9ddb0399adc6d70437cfc50d32539d19cf18704
785,13e6ffcbdd4f4e5f21b9db498a3a80d227e6fa81
1759,3cd055bc7893549afacf5fdc850ceb61abecf72b
1713,5da04899cceb148355c33870d624292f4182dc54
1979,58c15ceae841e373ebe012dc1981dfe9c988429f
1019,7311c12e927f669e76fb5cef9042ad8fecd25251
1036,875de28989899c53ffb8613e77bc037c11ebbc5e
2269,33e0b0ffe81bdd92c7e7c0d27a6ac42910efb206
1182,9e7b2ddf3df39c2ff34e297e1d0f33e5467ac978
975,506c8f671e7b0a49040366596d549239cc912490
1329,1e20f07bed66fff1e4d2b443a5ff2215102743c3
1817,77f69b4316ee33da6cf994c33e360a21f00ea593
1314,4fa7a50d904ce276a09691e94dde48cd8a5af989
1980,a50976608093ebeeda7035a25b3af25155eee492
1801,1b6e4c1e82c8958b1fe4e4bad7dd26d2bc93a135
1520,03a5651917b7525e4dba0a413a3245857fc10bbf
1616,426ab2c9ee82636cb77059348a301d2cf94dc5ba
1604,3628f03a09a164558a94e7e4ebde469f40034c2c
1790,a8408e1fdbd7541f9a2452c9c5f3ba06440b3212
887,41e77da44c0318e749bd2383c8f1633a18d34d12
2271,24735fea13fa72bcd5674d647a3f571a67712c8b
1766,d26342a263f33dadfb611c8f4928b310a3e568f7
1272,0e333ca2b14d1b46d153790af5e0031c43a5177f
2319,89caf41b021dea73e87c948174e1e86da51ead53
759,3dbb8efb4fa17a916cbfb4e3b072ced475b52d94
1044,3ff8e3ffd5dc0739bd2c6c30f164639c5328da14
887,5b031f10c54627b78e1588b13975e57608a63a6f
843,5b031f10c54627b78e1588b13975e57608a63a6f
1387,7253b22346e1eaa27ba5630b2810d1bb1bc84b9a
1653,7f44e688c04d2c1312df280d5216452f4d4dbc5e
1233,921fdca19658bab0f2672bee1fd8de45b9383cda
2032,b83031cf29ac39a5ca2b7003eb4d948b682c46aa
1994,800c5881f93718e79e180af738a79dbc90645f23
1228,5581c295f385c3a3f775499dade0fc75cafc1fec
2068,a2a573fdfc99fdf67f6d94501136266d7ba2eecf
1249,012a80276e192685e43bd093f248cbd982e4d712
1318,72bacdd236b6da73688e80344b3f5ed42022af54
837,ae76ca31a84a1afc9b42d2861bc8602e8f474456
2064,dadfb8dabf3d6609957c126561860c61418dfd83
1745,8e29530790625eceec436b3950544b965ad9a613
1459,2c6b72d39e9291c9cd82f1c830516261ee16c12a
478,461f79be2c892f09b55b15831c6f099d8a893568
695,8450277a4b326bc6bceb399010ed5cb03381005c
964,7e896d5e789ba14afbb41fb899ad3abd9ff7ffca
1784,17edb6c2cfe42d26c7ec7f888a1512023ac87e8c
1152,79c27983c7baa4a51411a34dcc1e772aca828b48
1825,55f54aea17995244abca00d52c164a3cc0a5e3db
2074,8cbbc2f451031cb48544fa2a2d5461664b7e4b12
1583,748921247e134fb8a3a882c2769cea682d93a93f
940,719ff574af7e7542f176aecb3534e406bc09a151
2144,19cbe8c9340f29043e3d11952e46c50bc9d52c28
824,826430a8bf5f048e3f03aea3e70d428a3ae161c5
1151,a693a741ac31bf15e6e4082f0c37df538d9e0e6b
1435,dd95c21871b49bfbae4133b7aeaf0865d9dbcd8c
1470,c5eec636223d9aab49113d02c4a19b66c15a9442
1486,efea62f00bb0705cb26a23c4b82f5bb19f0a60e4
2212,882573b1040c139f3951a050aae9e7903e693c50
1254,fa08eccb4b21f253e46ba3bd44f5b0b077ddac11
2084,1884750c3c6b95e495065e06ecf6b554a6d4c2ad
1798,eb3499416ba066132369756d7863e32a90b56e6d
1692,264d3a41ae4b0eef3dc0d3ca1f1fe5a84ecf3b52
2072,fcaeafff5558dbbaa5a2c2eef6d7b97545bf9432
1168,f676954ec87c06a28647e4990dc2cd1912102b80
1547,9878f64e1644c515d1a2ba3adb0ff084ff58af0a
2212,91096def7a5ac2e3b647cb6b9ae017add02c2189
1378,db9bb6175ca8ee9b461de654f948777c47de25e6
1925,3e42ff5b65d473f9635abc7d3f53af46b20c8b6d
2155,8005c77be2eacdff390c7b286531e9c77216f792
2195,15d054271e4a87565c70dac2b28609b4a0df7093
1926,f8f514e46f72e2864971781f388e4cbe05a51635
1725,beb6eaefb9190caa207fe04a47a6d9fc9bbb1888
2037,23ce4ea43d83e3a39ab637037bdc3b533e107df4
485,6d2e2168cec8a19f99728253e56609742b0eac8e
759,0219dcb54f7293eb93b5a40d2e404995b70f92da
1333,8ee19596e84a9f2393c773d850f9795df365647e
2095,0cec8b5795efc0f148d44f392189aaa22db0fb3e
2045,47a457bae627f99cd5c57bae039879304deef854
1453,81153ebac686cbb8a3af454202e5a56af03812af
1959,fd339443754fa116fb27858a44a8c28d29b9c6c3
1762,803fde3ed56b31961aec91297323350dd9ca384e
2087,b3e989ba4f0f55819526c9c98a1d292e80c245ec
1830,151ff320a15b9ccce2211b25d4b4e74fbd740d49
1311,7e779a2e224a85c13752617fac34fff4a010fda9
2114,dd52aac58aa1d81444e88ad33c4ee9e9ce9a3442
2303,858bb631d17dab78c6382eab4bd57950938c7b71
2002,2bb2c2059c66537ec071115e93d0d826a0730c90
1257,a848235bf7b42117a024c3fe6ac98868e04239e4
1156,e87563effe5902c34714436da11a25967565f937
701,f0da31e8d5900264d0128296e4fb295211d6b15b
1833,1745e6cdf39c8b5b5d423d44abe4ac5929e0fdac
1348,f0125d3ff691d4641f9491749940b2bf6a668031
1116,3002e95bf087a02ecfb7118817d26f9f22b913a0
1843,7f00b2f4fa4ef0e20cd677324ef69607b9d76bc7
2106,af7aaa6868aba709503e05c040fdb568668e5451
1593,bd0598813b50d9add21907fdf8d5b70e9a4a1d57
1187,539a8370e0a449b58a150643bd54b234053e6673
1131,51edb0ac1a04beec28678173c1e4920d7a381ca5
974,ac5b314d9c91a23ae25141a8dbde41302dc5dc08
1825,991df9ad1da902b809b24a5fa034d4c8686271a2
1916,65328f14d1cc719dc70cc377cd3b853d5ef48eae
781,ede2876dc9fc2c4dcbb6624906db91a8cac6108c
1775,111323a8c98f91537487bfeeec5fc213b7ea8905
1644,698faf9f7c674a10f71fde883e4bfc6a8488fdfe
1103,e2d739880560ec7135318dbebfc4faefe042d14e
1246,10d74e1d2d17e202c7dfcb7c94ce1a7111c24f65
1223,a0ca8766bc22316398c6583ff9ecfb597e4ffea6
323,93b0ec5f38c51507869d844f3f4879f5643d7618
1505,a987ab9f01091c2e02971f56988de8c614b8f435
2050,f3e2711fab03f1b9b59403451d0fe9be9df65c4e
2006,b89b07fed34d3f3a41221940ed9f070ff0d077c9
1855,4d552adf336ee3b4bdfd6c435d6f50ad78bc661e
2072,66505ede1196467a612e8aaf99c1b3816f3d9885
837,2029b6425eca5ed5aab68cb5c329ba7939139713
1965,084d8958f15e7979b91d8e11db87388caf80c834
1047,d43dedd8c1a477b2a5a1cb2b2ac54276096feb67
1847,6e40c5ad28c670bebd52cfd8751b7393712b2f6c
857,c455d41d84e312b8b45c54588863c9bdbbff1e14
1044,77717f43e7d301440b71cfae6ce345376eccca4e
388,a5011d87f1bb9bced83e70365766a2f44b825cee
1120,a3ba0a8ab778099c86015faf50b9065b5ee16bc1
823,78f0baa66008ad0889880b94b6bbb4e0394d2de9
1516,3b91fa9bf324ed61163cdbbe2703e3361ddc6907
834,29bc23fbc1f8a00a34fb94857409b5af30eb07f6
1061,65680e1f9f7723b66299e05294ca7a91b1ecba02
1479,fd3efd745874339256f07c01084fe8be879a21fb
2326,0009c3f36e5d08574a5665faa27350ffe796dea5
1402,2f3463bbb2565166a15ee3c543f5fa5ec88f7a6a
701,434123f965af218e0bc5af77c0736dc86f23a23a
2209,1c5c409241a2b8b9e64dc8c253791b497a66c369
1686,8b60df525e6fb4ba4f0110356f0aa849ae303b24
1944,20b031e8c8edd2fbb25201fb3f9f5dca5d1aafb4
1741,64d8189c02043e89832e48ff851f5a32310cc7dd
1643,353b4e0141b9d7f0b29ae97401a453cd1e813a0d
1972,bce3a1e236ccd803650c53486beeaac6219a0395
140,1ce5092ddaf168ee5034d9e281af0125aa7eb155
1028,bbead48fcfd05486d94aea7fd2247ee1a29e58af
1728,a17c74fce1f86b074e4d37fa7c33e5c783d1e6c8
1366,5f77800a402d27d1de964c1c44df558b0c863231
837,f88cdb366da6a882d24ffb307ab881dade07ab7f
2147,74f5cc04dd19604f163a383272fc298f36f0f247
1864,df93c365b1343860b1e80f4dcf2df244ed2a92c5
1878,47b7ab8ab8f1f17937e80ba3fdc13d54774a0209
557,8a9bf024ce28214e951240e6f1d710cf551fd089
1270,875efbca2a27fdfb78059c570e338df61e0d337b
969,8528a67c56fdf910920e1e7f48e49643a5d087e2
1,f7fca9e8d8a0f4922744ed83a8b3f33e83c418de
1196,4602d5dc6a44b771d56ce04008b3fdaff7dd1bb4
678,2e5693675c7b7bc59761c4fd4ce4fd196b6a8625
2277,2574dae6c9201a17533d75e320c15e62a60c2124
1535,f1080bf6685169520d1a87920d5965796755e825
1096,dbabd4900416fe8139631e2c595f601106da1943
1797,3897879e2f2ca1f903465ac2a23340af70844a2c
987,f06f38a388df1bb29307b8d36bbda661bef15080
1427,5ab2f36c1cf4f1b7e8a0cd90633d5e353cabd6bb
2238,98a9362af69430d0cda82fb40f304e90e024e9d2
1043,3049183fd541087f6159455368a9f67ca2b8f556
1605,1413b33b9453ec22a0d8093e2d88af462dbc04fd
2190,3d494dfe1de6745e0aba59ac56c2278d3a853b16
1802,2778e1f0b2280befec069859f300c550d9d94ed7
1003,51965880cb4016d388f5f9e462b2bae380dfd4e2
1257,58e1a66c08c04bfcb50de523aa3a50d1537a737a
1140,6d2de199f202138c9941030cfe377a838bdcc1d3
1483,cb0fd4e4993c8a5f64070c23f274c4b4d5e04751
892,d04363beae014aba5cb58ea31822291c998bbe64
330,7b6a1184ce7927dbaa5b2c33a95ba51c38b9b758
829,a61689ba68f105c9ed98e65708fd466439e97a9c
837,64a29cc97a6b6dd6fd207a6952a4de347d08197a
1796,9d6a7348ac7a1babbbe71e80f94fcdc2a21f7a41
1346,7da953ab7307a7ff281d5d74fd9abf73f11ba24d
1617,a5714022bc2056d0e79eae07aba22e52f5fb67b0
2248,cc2caef60d553ed992c3951b50e35cdf925cac46
1504,81ea5861ab382f017fc35a4f9be97167b51ee820
1678,13acd4f15dca7e6eaab300bebec832c7f47d0337
1183,82cf96f1f15301aa6ddab01b800f5390bcd55e8a
678,26cb1824a347de70cb526897524e10eb047ed3b5
1444,610fd33f9caab960a018d999df86a4438edc0d71
2181,ad61fe1fd351ac2ab54efb03074efb92dcdcaf9a
933,b76bbd780a4667757c0c312f24c46bb99315864a
1630,3df6248c31c64b3a9d064889459a558be3a1d917
1662,a17e34a0961be970ba85f27b4388bf892c3b0024
739,3fb18893fd1004a7b9eeb32e4bfd0a3f26976ac5
763,5be1d73cb8b8f47b162fced3d4d6239792973da8
1587,dc1064a853b13c4efbe1d6bcfa0d958a6508effb
944,04ea213c56df5b4b78a0d9fee94ac29609a16d19
1998,9c6664ad54cb7cbba569df2347a92ae2840e50ef
2037,6c61681849c9a1be5e5c88d1f5f39528c8358de2
1102,4edcedc2938f6a00091ffebfb17efbd1f01a2637
2041,3f81664ac1659fa0c0b5ad08a7e3bfdcbfb3b06c
2281,3cef88b198723003dcb91912c312e631d8987a48
1530,f70e6116cc75dbafeac9b5a936635810e710d7da
1790,fe803cc0bfd083e2c114381cfad061cc4ffaafa9
440,f1f7b9b57649c84e04db97b1ea94b496af01136f
2022,54300542cf9b82dc595d65a67b9436542a44e797
883,277940cbef71a1b1831f939f375a7f4d79a155fc
1941,4c04970e2d6c5b0f12dcf0a13bba6a6c0f4e18ca
1119,548ef19a8bd7933a516a7149ce699783b02cb273
745,22b7e82ac12571d1752fa172db49c7fe379a4979
2257,3735f162b883c8ded330240e02af1ba46e2d255c
1236,0b11718259a68cf3b0fef5e9f121290c61b0ba73
1073,527f956e098fac519840037e8bbb84c4f052b819
1550,1ec3a78343fda15ae67468cddbee556622e54463
1133,ccd017baedda5c50c6a10809957af68d529bc88f
1173,c630a4fe8e4d4d6f75455476cf8cc49d6e90dce7
1717,ad2a4a0c9ea491a457c1d614c856b40dbd84d969
1623,d8832cda83a8479741d6d423e4ba728bcfbcd46b
766,9c3dbe0aa60d5e74c3fe301dbe34070c4593f168
2185,6b8ddc3e56c7c9ac4d65d6c937a553f9c2d8768c
2249,839bef7658bd8a3d8823fa54eafffaf1fe596d6c
1905,1b99aa1afd07221eb06c3cf0a16a9cd7b2e45a8c
2076,839fe7d74eca40462b028975261501e0e757d940
1095,a35fd349f359e5a01d5e0e06fdd5637cb5827672
888,5efa5af7dcf6d7a9595b8c17eacd259606c7498e
1013,09a39e7573d1e0d7d2c74228cbf9516544b283d2
1027,b63664788ec582ee898cf18a24a27f154960d154
866,06fd4b7a5bae2c48630c4197b5253b27791cc601
1592,c08558493c5e66693986336aab5bb3ca5618ca59
2198,d8c18044ebb7354033b4175fd859a203a149e2f0
910,bf6fce0baca35ae04249d3835e6e4b8ff5a1cf44
1619,589366ace100ce93dcda98b539f5f6fc7eb0d4f2
1011,e7aa9b9036fc514738ded6960568d250f8b3f7c6
2144,819846746b355bc83c2d298bbd6b881a1ecbfc3e
836,0a9394ff373ce8471fd487b8dcc77e710285fa5a
2294,6a61d15967a7a0c60d49885918d00e0c8fe13bb2
1257,3285eb38adacf9721438cebda0f140684fcd88ac
732,017ccc53b1a9127e23177efa87d8749030b17186
1769,964bb179102401382623f1388efd17968cb9ba80
750,0e471a1e9a6fa4165e5cb9770f44a73bf5e129d2
455,542dcef151918dbe07209d4246d0edec0dcecf7e
906,32ff2933254dd61c323a60c07af02e2bf0541d78
1429,653a54debe4cdb9d6e59673c227bf3165845501a
1424,02f90a95883c146077ea248ee74b94e94e349a11
2088,2cee4d0f8d884a0b37fecc3bcb3f3f82d5f1e427
755,70496ca8ff0d8c6a47aafe0a2e127e1dfc79f8c5
1412,e6a9da45d77ac2dce94f81ef3144e1ae6fe2215e
848,483af903df97d3715dc45130cd7ea101e6e9724a
1038,b5f9fb633c26c6225d8757fb343016de99752b7b
1676,60eb581ce2870339c168177d27fdd771de18b8c0
1257,86585bce67e7839a9edd41b432ba0a3a55ccbb93
1792,d5cbd1fee0ef81785c1153a3e3bc9d5ad2640e3f
25,46cb310038ba0ebcf44e57076100c64c76c46b53
1392,487604633565944dd1c06dc17b1ad6cf3db502b5
1484,5bc13e239aada79b30709165b4850fa497e53657
1112,93055e223254ffe1bd1ee1794290ff3729ed4aeb
957,067d3513878d8ac2befa12c53b2b54065672658c
1080,06b6c455b0de8036ef152949184a095942b05e9e
1423,d809b0f23af6e52729647ebf5390081456d268f2
1677,95301129cf7002d4f0e9167d71f997b1d7c9cb3f
821,3984d582aa5eedf58c8c5f8da5c126bb3c80b8b8
820,3984d582aa5eedf58c8c5f8da5c126bb3c80b8b8
1872,9e2b13b8c997b7e132fb2272839ad7eb4965e2bb
967,49bd6362078cdb554f2d6da1d0334df1ba809539
1040,47033f581c059e314a28394b3b46d9a10370560c
124,04e2297a4f35a1d328eb1998f2669385087ee326
1416,0a0b66570e08cc337d85c3cc6748d9851f2072bf
2273,2b03f49069f8325ee83bc631cb12d298a716d484
1298,8b02d988c442fcc07cbabe6b260fa65c6c81664d
1561,812ebf64c5c073e29fe1e41b7d5cafa6c6731652
888,be7392af6e460e70670fc7fe06761d985f27f96f
1984,c42fefd0e7408ec3da4602b267e3c30f421c95bc
620,5f3c1ffbc7caeed46f37b6a9a7db5232a7a0d4b1
1985,91bdb1b56c5f4903463cd5252e28c403e51db061
1139,f05811aa3013d15f4e9a2ecc7d3845a0c2fea26b
1321,908e2013847d1490ba2f8693fbbba34219d9559a
1844,2d3dc0bebfdd190e0730453dcc90f087acbe8632
2102,5504713fa29c7d1429e036301185de14fd74c7f2
1844,e977afdc192c545cdaee1a184ddbb8b4564a964b
1567,2810076a99887f7e6fd8939d0de304f90e2daaf4
2119,401904e98649eef78da6fae8ffe0e5ede210cc20
2273,0433abb514e8d24bd9fecf3ccca4aff2e29e9c4b
1257,0a9fef73c34eaf0408ca3bc009405059b78c0f76
1470,1073f364a2e20e76a23f07ee929ff43b1102bc2c
2100,9bb920788dac9a83bc02e49a5941e01ddb40c9ef
2204,75c3b74e52085c053d96004934005311d837d0f5
1644,58ded990a601eb4e755735ffe7ba149ea52e07f3
2012,589e738bc867ae2cd8c66cf9290054bc8605c10b
1804,8a5edda57d5a648f3570c2f858836a685a4e913c
1115,d8e94698ca2b50fc4be9a76f6e97915e4e3961ef
437,0cbb06db905c94e6ab206b98eb65500e719a1db5
1503,906cfe7ed12eece584bace62ddf6dc5d7c978ac2
1283,c05c077a754a1fc8e912dee9c721d05513b40fac
454,7336d31516316d6d8f413748b8c0e705c8837e1f
659,0cb4ec388cd3abc1a39ad6a79c9332402476c0f3
2060,240c98363cbe9b7ba306746fd40af7c93cc4cb77
2021,3f9988e0e0254f66ab78040e018d998becee77a5
1520,2baac970a4cfdd450ded942a689ebfc4107023b2
1677,db3a083b4603a70a819099bfb7ad4f2de03b4286
773,2a7f115cf118b5fc35e2fb20c87746f3bf4596d0
1495,01f3a72a46b0aa76de2a9d5c07f170b665029162
821,c42fb5baefdaf00f9eaac342351bb0b6922cdccc
2182,d87d236db4ad28297a5e1102585b5b6d2ab092dd
2294,acc7a1e7a1f09e1cae7650362b263aa2dd60e2c5
1656,6e3ba1066865d8718696b359691a34487ee07d6e
1789,93de93609f3d4d9eed317e6092dd8f64f3553643
1411,b60447a10e2310599aa4731caa1164707c7ae4a9
840,371fa309165d5c0da93038aec6e1ee2f33a1a682
1590,ef615e0772a2234e8ee5eebf9a2d69942c205fbe
1713,e8b3ff9a5a45251b3209591139251b32edc69e73
1499,232d8ca4aec3f6ed92c46a1fba1c8e0241bccb37
627,5c61ea8e13dfede11da4cda2352f6ff0b1f7fd81
1266,877f9f5c555d4915697dab6b5392d0f9583716dc
939,52c715045307740b1cf34520c8356e9bcbdb47c8
941,374b3e075bff3158966b2f3950e2c243356d8cbe
1773,86f43ed59ca63a74d4ca3ab66f2b5faeb381e6ab
510,74b4772778d215cecf08d770d717e6ad5acc7245
2180,873de8432c598e9a1b69abf1d012c6aca2563556
937,aa70e232bb64319d2798f078275bedbef5d76302
1434,544674a82d94816c7eda57fb283fff9815b5c5e9
1257,7b976f5fd715be767d778feae285401d61f577bc
2,475740f69ec06bc55f7b23be0f0ed7360665be86
1452,ccf30fed51e8263ba4b8bc0599890d90cef937fc
2067,874aeee55e4c41b2c5eff1f61e25240613df34c2
1242,436815f1460495e52afc4610fdea68ac02a110c1
1466,cc7bc9498c1c32b90fdc5f04f2f53b4ba2597b1a
1899,4b5068dad5bd1d77e027b327cc8d6832a0b5d21f
444,5c0ea9c63d116094e013a7e353e40b07c4b0f71c
1748,572e327b5c8c037ecee0d1d8a6d63f8358fba888
1001,572e327b5c8c037ecee0d1d8a6d63f8358fba888
2034,e97046e4f46c4180e9ceb97124b8fee10decb56e
693,5e9ae8a5d2d8f3b9029ce45e4f64c55ce9eab5c0
573,c283ed7d750d93fdca41d1a96650bea07c18b8c9
1187,2c1be30132562bbf806bf217237c405e1125d75f
1197,2b27a9e6fcd36cd8b3e3c6a138132150d348c033
1425,fc1e6fd2c822ba27afc16b8385d77e28d36d4f60
2286,5fffa9158f06f2a6aaa1dde00338275317a2e581
1680,ed5aa3eea4f2b8653151f75eb8f49311a4838dc2
2066,062e4a5ba26ca87f370de55ab6fcb182baf7e30f
1596,13edd9338f6473fab07eef22cda65c6750df0946
843,db064c2d7c5387a78748046bd7a5ac64ec1c5150
365,c28f85a4fe0fc13d46d3ad56e5e6b7b2c1004dc3
701,df5d06612eacedc2007043d4e6777d847d849989
1371,cba284ebda218687231a053967a14acdac1771ee
796,3e16e071cfa9b65ddd1368212c14ad60397edb5b
2137,40a97e5782ecd56d1a89fe866f5288ec76c6f218
1118,33d4b760e2108176cec57fa2417a68707c0dd55c
1573,f21c5b226c88f529287c4d499e81275018a868ad
2144,0af641a656d68c268cc3b1df6cd793c2b33f42ca
1483,2a0f2d29f64a060cff0897ec9f52093e8280079f
1067,faa8af7eade614a51b83178f4b0bb300054add0f
759,58d15cc9e91b4d97cdd72893adf17b379ebfa5a9
1961,99d070d0f09bcb318c96e35afedd6b1203e7434e
720,3a3ed1c9651005d22d02664d878a76170cdac4e2
853,c65d802044d711c332488f94370b879534c39e9b
994,2c5cfb96d859461ee14e93364ef179a2cfac6bd5
886,2fcf78314130f627bc386d82667cb5203898a473
1044,ce479ed0a77a777c7f0f9e441e066a287de176fc
1142,b49285c2034e700c31e59cb1b6e794b47b2752f0
1832,72132ce1612155b08b312ea3f507d7721e6ade17
1483,1a5abdbff098492e7b840ea62b92221efb93b4de
828,ea819be77100543482ac0742fc262871d8004839
1779,41a10017cbec26ff6558b6b2e8d01f64916229f4
1713,10c9134714487e18a231d962a4070f048aa0b127
1972,0bc9e03e1e49ce7e689ad60e16713b110385180e
1204,4fa5c19992855ebc2cd46728cdb525c936b971d8
912,458b252f838c99596ec5bdc38f2af878bdc8cd0e
1715,44517fc05f62f6f037b4c2a5b9c8e8a0e07736a0
388,7a355db8d87febac1ca40d5f1c49b0ebe730fb39
1219,0fe06b648ea390d1a103f0dbf7cf1dd4817316af
1986,a07ffb9fa957c939dbdaa7d22170156ba5228ccd
705,401a52f320fe3ef3cfa6abc9031f1eeb3e4eca0a
1008,6c4c59a84d7525115646eddc9910023ea16f3be5
1509,ac16dac4f23ec97dce532c4bb1a99b069a9e1704
962,9598dbeda6ce15763d4999c0f73459c4f6436f10
2053,92af84ca954987c850abb491204f1ab05551da29
2177,5e8224441fde688805a9e98402418fad63843569
1978,2698b1a9c2fb98c9e6f8561ace4a7b46ebc937fa
882,3310a8cef9d0d86d1cc3f90a44960afa5e01084d
1130,a22d9c4e542a6fe58b9cc75b47570005f8880590
832,abd3ebcb7219bee0e0ab2a015b8842a8c027f244
2079,14f1edb8f7cbe9513729abc10f482e702164f577
822,0c160627ba9ea8554a416db2ace214efd9b6d4ff
1904,82ad2f6b12b141a284d500bef8e0c3ce3e235c91
1200,2166a740c2d7d360dd51a6f94b5aaa1a66b98fef
1903,5de72b167f866d65d6f5465b2ed51f094ea9233f
1995,f7551978fd9d059643f6776fdd9eae776771f3f5
452,f92a9e56bfd5bd17a9af59bafdd9fefe7f6073ab
491,c730ba4e6dfa6210eb817486a19a39ded31d5284
799,5e2a9182fbdbbf62e522c9b7813e98c8562a90fd
1973,fb8443f87145a4a714743729aeebf8d28813e064
1892,9248a38fff296acd6ad65190978244424120a6cc
2135,a7b5b9861c357b0b5b7fcdfef5f60e8e9ad3fc0c
1333,abaec69f4b588aad1e4d007769b49afc45bfe2d9
1314,9aa5ceca291364ed20cd48b6ef389b1141b32cb5
1673,fc19d5070aaf5325cd52e03f81c7a0be9c538087
1050,7d808691aa28a1f35495de59e18b00f2ee6788f4
1665,9bf8b43253afc5b7ff2b8dc53b8bf09ded3f6953
743,326605f130573d8c66011261d8b17f6fcc2007c3
1018,008db570f39253e65dbb53e8b4f09a2f8772369f
944,86d1f8c491c417b421787cdcc723e61f2f8d84be
1448,b041c1adb678248a22c2fb0bf4d2c49903ca1433
1062,f4ed8acc0956b0711192dc012236f306c618e34b
1135,c69219b85e8ae637d34f52eae98895491ab41471
2254,0db4a4cfb5d164e4ad2e40aa9e97b56ba61cdd0d
709,9be4e3e26ee0cf9be7d098153fcd483cd1d14510
1453,c6d5dd960696130f47466a6d27fd0803694c59b4
781,e7d0720633e02a01fb928d1b01ce6ebc7770de8f
1191,1a84502e38f4f241229c81d4df7ec267e84d03e1
1462,d9732f56f4a4e97592ecce2a6d25369a0e0f0d52
1492,a762e193d21d934de75788adae2be4a3ec65e670
773,518d7d313eeabf5190d21930ef0caf0209f5fc46
923,a7fe8cf901f59a2684ce3a6fd1233fdf5d124bc2
1872,cb3f2402162aa7b9b3d25ac8b71436bf1dcc52aa
1312,e840ba6cb80b7a0bc56044595551531c51e0f1b3
1092,f54962777c2d111d20a1aef069a9d49c57fe24c5
1186,bfdeed394ec921a3c507eb885e2ad311a7e95c3b
1665,46e671db78b2d5fe54d31ed2cc9cde6d1a861c9e
1103,da62b2ed6eb9d46550c7ca3f77903971a6952d53
669,3065e0056d509881e38c560f2784f0d942c25c88
1660,42a23346190f3d16bac8448a9caf88eb340d475c
1843,3830b29e966b051f9eab280f02a0aad5ece636e3
2123,0d558d6abf75faf183549522035cae3587229a34
1749,59d5628f6d3fe349646dc80d3a98173e12422d1e
1257,dc71340e1fb6be27f69aa785848881c1cedf288e
2014,3d6e786c0fa16fcbc67f6844a91bd650b0d13496
1756,ac47b5fecc85c87beda87b984bfb0152ebdb4f04
1708,b71175f5cb305f94fe055fd2fd13253051c81e8d
1887,6b9c263a70f8ecf5b4d53c667779f9fc8b251f8f
1213,343cec3303fd404952a982cde39b734774d9633e
1863,9ea8056ca4e575ca2d61f16dfade621db9c1c539
781,f86672ae091dd4960700652b7b9cba66f7d2ecc5
1912,6fb05d00f1f59794efcda5610590b21269454d78
1226,4df100a3fd8861323032a14206d8c280416e8ebd
1040,1c11db64c78008b717e6bcac013da04d1110f94c
2313,e32406343ed9abcf370bbe3973b146e03c5a023f
690,748db8d0abc13eadd5868a75887c5b898043c211
1201,fb5996222f94f0c02d5ada07befcd0979e5b69ce
1125,147dfde6ec6e39761ed9835ac8f886c1e0385d14
1066,944bd03c4ff1de6905859d50d6cb644a3cd3b60c
875,d596f425ac11bd77144ece47618c5e111bccb822
415,9009b0b72b2c203c5fecf48d2a597ffa67cb8df4
1079,7d8312530ef2be08c0ac34599b0a2559d2a6454e
985,3a35a3457f9f97782160b93b432265e5b8940b8a
1754,155f64126df5a62adc4b3605b2d57bb2e02d0630
1578,6d62de32c421d7d64399c156c10518be59bebd96
1137,e789a3c1e16f31b66c209039c9c80c420783d5f6
1522,7f0044916b585fa08a45b5704697a0cabecb964a
1132,1be6ecffe71b40863476930d2c1b2e0285e15540
565,a0fcbd0affb36cec1de51443a058f0a46a8bb105
1596,87ca7b802ed978cf42e7b95b732841984fb8cedd
1693,6dc498d9800893671ec0647f81ed2bfc50932072
456,bc9dfc0a29f24e70231da58560b232b04a3a9a29
1442,23464a5e13096f0bfdfae43a096d4bff8ee6d608
2039,840fad86aedad97c0b9c1adcf999513a9e1cb3e8
868,69aad6e7510964ec71cef5de977c1bf1d4e352d4
550,81c4b08069c31707c6a2423c9cc1b5edd7399af9
1171,9ceb1d323ecc07455392c32c38ee55404994df9a
1374,99859c1bb9d31331e9dd0fc6d01d1373610246a2
1827,bfda3b06cbbb88fe9727f9e1a057f9b820c0275d
1754,b3f34c0431ada48c331d6fec5582d2cc97af1bd1
564,5e8105d0ec15102883f64df0c30a0768256ecd5f
2104,f6af9aea0c29f5f9459822a6d9970fea8433caf3
1926,49b34723e3006b668d2dec9ddd57035a83896b92
871,5b54eb3dd611213412905d09c2aa9d93b925bf74
1390,673db034105ac8263aba0a0506682e0a06fb7065
1657,fe42c012d135627cccefa50ca00822d458d19b18
1462,01fb403915f9e9fcbf772611630aec9cd046a75f
1973,6106666b907a008cdd68bfc491f2620795f6261a
1945,2478c18fb3b30150b32cc61c4fa9489b4106694c
2115,383d583adbaeb10a5e681fb7a27bd45a849556ee
1375,d8a37dd8affc9cf08470dc697847a4bd4c47dd7d
1045,d19176328af4eeb022a30eea8dc4bbb077b52959
1145,ade211b40dbfb43cc45af92f48659b10a84248b3
1928,96e623043722492f6f2ca0a2c87560a2db242d6f
1636,2a3157567e718656e936940edcec37b0dff38d6e
1846,01e76cb6dd744d7d5b9a290b9c68dc2128f575f9
1179,6dc16d36bc0dfb4316d42d22a91d78c2d1780ef1
1460,d9f0c7434d176f820ae881e23fd4475661fe3cfc
1491,29bf09db2e6c87e954f708d327be4aef8bdeb84d
1290,2e1cb0bbf446f807f883081a8bdba39e1fcdce7d
352,9feba7eae3168b036d0e946edf920b7cdc3d89c0
1057,6d68682b36593b741af28ecd38d1b63d661b1783
1771,a49071022ad353c36bcc9e53015487a611d9605c
1837,a49071022ad353c36bcc9e53015487a611d9605c
1974,34197a3789cf9258a23b01a22534658f6b87e758
2014,c459fd6805c38ae7be498735b66a6958659f6509
1120,61cf6a450788796fe3731560769f7218da9ab23c
1340,a004e90e9d45e9fe1e5ce724628348f59d8a4277
1734,20181b72d50a701e61694a49f92b014cf367b249
1084,3c14ff9743c2d2445278a55476b2530fa3b4ef4c
1609,02d178c1476a4d5ab3ac2c5db45b83991c325c22
1461,3b3914f98d8986774c38b2efc8a8fef02e76ba3b
1198,c7058d6702c24a280115ab7bb0862c41000107dd
1089,83142da7144d59c8312bc9e641bc146ae6c93a62
1299,6833f97c7370b5ad856acd9129b5d9d0d2b9b560
1465,0e228754370f8eec587661a9305b4f4062df4e0f
2142,9ad185c7deba8a5c2d829abd520a62a3bb20f804
2247,eabf7dfce5d2963de287973168d1f458a5bf823c
1461,45276f4eab14ec157284863c1fb2e6018bf7f254
1760,1c90ac9788279ccee4f7f694771cb4b192c71091
1629,0b1274fbe3251ff13304dfc0eaf2359e5cd632c2
959,0332ece172396ea07cc26639712a75c83a616b3f
944,e1286ee995a3fd379b14dc230d16d19382acd1ff
1628,f0362645623e97e6ac776f680d93ce2ede09c296
756,40e9b134212ce922d29c17c658a4debedcd3bc56
586,b6437dae871029ac44388ad50de8ff593fd1d880
1960,d72f4ef605963ea32665ac98f66a72a2441ece83
2240,a8f7b1386493df7913aef11b9ab1268ab705433a
2241,a8f7b1386493df7913aef11b9ab1268ab705433a
1538,f2abf3c65c278bd6f34124caed07c59586ff729d
1048,81d3c347ac92a8865478f900984a0454568edab6
489,f9e271b6b55e74be01aecbc03a76bb6136fd7fc2
1766,9589df33aabb80d89c281a394fed5aed30c4e99b
1707,4a9dbdbd9fa3db74ffa8332af1d642f53289291b
593,8f12732a86b7e8f08de0ec4032301fab81f3eb80
1849,96ee544b4f295488bcc10449e52806912a2a548d
951,20007c500c292301bc431906730eb5c4c2bccbd5
1609,a936aa982b5b62ef7827493fa55f7ab398c628e9
1005,c3ec85787e289d66581037fc517bd1fa82376d0d
1826,0ad55098e22d53ea9b6ec5898fe395bfe356892b
759,b301d08797387debf659d364bda0c6d0e70968c8
1591,dd11372c1faee1bfa10fcda488212c8c5ebc7adc
1621,3f9b1981a17a3c8c0b19bac3e692e7db48a42f35
1742,846154df884c3e6b12385aec54d64f87c1407537
696,10f8247bdad5ba081a94c5fb8f6a283171f117ff
1595,50befe907d6c9aca3acbe362c43c5605d09475f9
1324,de4d2c1a3303d781dd57832de3fb5bd410549933
1561,1ce56c7172678229348ea2ba3ee6e0fccf038110
460,0c91136105e6bd2b7fd1fd5a49619ac20f338054
1430,c2c91f281c6ba21d6229ca70592c3fcce9ce149d
1257,79eb34decf3b8f4ad958094e9fba5d1c96c51fde
1320,7f75ceacb842fc404248047176541f22b4906572
818,68f99bc7789928c25537765ca6193f0143985ecc
1760,9cc4f4bbafd6b40a01901baccb6abd403d0c2e13
1514,cad5e787e7fd05ae14b41a5b9b89405b80b1d986
432,2febe03b3ed4eb568bd5bea9b66cdc8a793d2f4c
2165,573bb05163d0d494c81d38e1c281c4305d3efd64
508,8bdac1b17755e3b7533c0c19225f077e31162aea
1834,a3bf34fb93168230d658508919cef7b056366960
461,cfbd3fd445e0fb36bf97dbd5a0ea21d170717704
1046,8b247d41aff81a4fece093f374309feec54c9496
1755,fec5422d75805c7acdb7cb445410a3f9236e59e4
750,fc48a03cdac0ce796f45b70993446b252f2c196d
1424,59fef098e5e806e0f16991097ee28a5e7bca6cca
1502,c3b1c7bb982ba47bc21189d8ce175c8708fc4115
836,51018085d2da514697ad85cd9d4f4d4cab89824e
1113,fd7dae1b591aeacddc2881d1bd784d3fd2913334
515,5072d3b9edbd5fda7a7d19c53dc4065ce7e08b58
1630,a64a4570f627411e88199a0fc7bf7a98cb84993e
1543,3393e72025d587cab2efb1a75eb675ed6459bf1b
1478,ed1942150574b81561b680c7661e434e9298a76d
1521,878ea135c807ab32b63c15717790b308f0cc1507
1147,f378da89c23e376ee4c605542f2d324d124f63da
1553,1495adad8404e5fe4178b915467b733c50bc0177
1763,a5e18aa0e164a14d210a1be2ff5569349f05edcb
1973,9d1d0e8370966d4ea60adb4d8920c804f08aa68f
1780,6e9dd3d6bfa95192f267469738114cb6156213ea
2046,4ccf525984574d7ac9b34b79e682e4336e1c810e
539,a81a25f8aa339b1fd33402a637196e798ed844c2
948,df4cd0ac1aeb6b88c841086c61f7f70f369dffdc
1625,c83c080f9d426f264a63bb8d12e63799051740c0
1347,a783c768a7a951339d451cc464ac0b13d77cd1a7
609,c793fb028618a85f94d1560ae7fcb6fde80edf56
1314,955c6cd2d3576e1d3961ff70ef80badacd0cb83b
1376,fec4f306df151fb7c050027670e11f588e996a97
1788,3cca1b35541599002261e1a8eabe768a427fe9c3
1277,ca818cf687f11f0ad16d5f231b84cea70f5227a8
1057,d1299c785045e7f3c131ea24515a30dc36247ae6
2161,7eedbc82489211fd28043de9b262117b4a29fe36
2179,3d504a0e7e2adb5aacb663cee7c1e413e38ee6df
2169,3d504a0e7e2adb5aacb663cee7c1e413e38ee6df
909,c988ecc199848e210dbd9053f2372c3d67dee1f3
862,86fbee0ad343c53a17d0baff6e176cf715aceaf0
1939,78a52cdd80c1a53cc8bbfc54d77cd16c384e193e
415,fb6b644db02b44794deb4ed97f31318df05a5852
2094,dcf5a30495868a928880cc7bcc0de3fb231be7ee
1495,39bfbe7ec020fa3020af41b1b6a4e35b13da2ea0
753,5bcb91b240c3dd22cdfba44094d9de924d387e55
1808,f7869fff5d612f812635e1763483912f91d8fa8e
1365,3bc61b6ec9f3741d13789a08db4fc2bc8cadec37
1257,f4d215f74d0a7b6fa2f66db4dbc323f400407e40
372,27c869a7599801b89423d2e65a17f1cf0aa5cbf8
2011,1e113b0ceb19f9ab3e6530fdcbf45c28e54261c0
1548,713349cfb091493e3d56d22b81a4adb2d6dd47b4
1800,d9daa83ab6c5d435f1e9c6a550aa1fb43d9bee9e
1500,c0d10fa367be674300b015c57c0a30b40137de24
1144,3ba8ecbc9b830e89da241aa680a4a7725813be9e
1151,0ccdd71f67116ff1d716ad23c1dc3248e10966ce
460,eb9fdd9319c7b012d4d91a9fdd785c072602decd
413,7139fa7d77732d09fdeabc116b83f7f918bd5d69
388,6cd2be50c3ad3a70d21d57949b90d4afa7a73baa
1164,80cceed898cd77c20e2897830ed1c583cc72893a
1084,7be448bbdf0f8fd7ac5f81a5b28d1e0c506597c1
1896,e1c46636413f411cd43b30e117bb21ec102af7fd
2201,2a2a980519cb035d8a430f07150021fa68907815
1508,b59754e47ffb9cbf632a9fb9b935f7947f5acfa7
1959,bcbbcef6fc50015640eea68b69d3e4a9a97d6895
1758,3d20440b33686d3e72108a3d2bb61728da27b8d7
607,60a9bd7388553c019eb96b9fbf953e7489754043
1084,4032c6665514588be45066d12ae38744b44904ec
601,1cdbd59370378a174d0933cfd0156d13c28ce6e3
1648,a8516002ca9d35a9f868a3e371f50ca483b00b93
1097,595093cab0d70701f1a2faca77fea5ee428dcb6f
1782,4f094fc2f11728012023aa2cee5ef0cb3b4a2942
2144,7538f7e30d7b185024149063487cca4fe6e238d6
2294,392933b02d6db0576489192ca0c87e3b0fc5484a
1670,e742e3af0da44a31899e85e9a557cf3d494a21f9
1084,11205a674657bca3cc64911f793f60ef6e038493
2258,4afafebc2824a063c6843145cab1781fe188f0f6
1494,f0ce0a300ed73de5288bd43c2d47471592c03211
540,fcd55e769752904e6b3e016e975998c8548a6157
2314,cb088bdde2faa9c1371e24cff1e3be9cd9d216e1
1979,52e68eb8e3da878364baa768839a38db00f5397f
1771,423d1ee8f7bb5ce1a71f9df94d216208f0933bf1
1754,ce6c947442a8ddbd4b5e044451bf275b0c23a7c8
1968,a261ead1eb048e734792a0d035f173e3ddbdbd50
1136,f21199329899002fc517cf937c2a52ccf9d9ffcb
1255,cbb625b6f902dae4a9e71b41679fe563b6a4f6b4
289,db717da1255a050cc8f53932533039891d2eddea
1957,1406d48d2b5427b84401d1a9386556ca00c44dab
1052,c0c657e4baa388f73a3039792a124c4ec47668fc
248,7d7418c407fcba211280130a0045859e3dfb9e29
846,66f6237e98f9c8cf6eb3c6f87568b5ddede9da0c
2064,2de60cc61f1c5257e7d8259bcf0e1177534c5c46
1714,827810582a9c9b8d87a91d909b3d04359e332537
992,e4b6ce56e3ecb6b92546c69be623bf22308816db
1470,e7723016a4f44f0049b113750616180e5ebbc2d5
756,bdc2cb1b9811a467b14c0bb63b466f65903ad14f
1571,e7a20b04b6540116636781eec4692be261f2111c
1906,c386c67b2db8a77b9d20042c9d15d393fdef93f8
2170,59cf9fa8a5540c3fa053bda5449a6785012c47f3
1401,2477d5db1618d71ee192120ab049c0e08ca2f40b
1199,49a286956be962ee3607f6ad15e81f11e58846e3
1406,3b4015ec496737d66be1f3232b6cc3ee78134762
1794,5715ac42c385f22731bf3af09f90beee538c75a4
1838,6dd7c6e77abe939480fa3946e14a3c9328e62884
650,c5bb79b1c9715b4bad949ef4f8720f1ae1a90801
1341,7485752f90bcce38c517a64e5b96effb501f2788
924,f52d947db0cdd2c752a97e3a456d96d72c509623
730,0f4a5e2d4e2adeb9905addafc4d2f00ddf934dee
1685,a4a78486104664757b8bf1c8b0a633b65d5bff16
1992,a8ab58e295b4521a760e3b561f09eea8c575a7dc
1975,1cc1c85725fe095b0c9e8aa82ad269b2976a8099
1462,1d00a1b30f716932f39e8e1b14acbf140340e244
1078,3de16e52e83200d97383bc35825121de6751de56
615,55df589a0d4ecf7183cf9b6d763dd42926a26453
727,e65e9d945522dc513ef42511efd10e8fc3ff96d5
2088,6e79f22e6fb65254c86b79eb3d3c869ccd7c4f54
1712,412fc3e0f034149cc5a6d3fcdab306fd26d8201c
1803,6d466f511d91c61e5643d1f886e1c1cb60a79ca9
2217,87b7695385b5d5c520f96790008f9463f2c0dbf1
1310,e16e95c2706e0769f6150a4d703c12234fa8df13
1449,fb37972d9b92e133e7d968e7d820e870dcc537b6
1860,ecee6fb6d2ba9fc01776286ca4c0d5b10dcf3a54
1455,dee6265e8ad9482785d5e3c71432a6191e6b3f68
2079,f9421981a53d442f553638dd682a12bfe7c9d298
1880,04dcdd0948bc52631b76bf7d5e64d8fd93813218
306,31cd267bf7995c2c1e127de693a32309ce223cfd
1943,68d606f68b71b4af7f8971c22a2ba0324d3f68eb
730,3bb6c2b945de5060cf710b6d5c6c0c658edf0eaf
736,3bb6c2b945de5060cf710b6d5c6c0c658edf0eaf
1072,92eddc69bfd770100b5db91a8b4a02416c623c5f
1923,60b24fbe8228ebdcce7db3cb482177df4a61dfa0
1222,43a716c6d8246b41eae5f701010f615b61d7eadb
2158,46d47e31a55a92927d9f12d78e67dc48b9727317
1460,6c397a620c17ff3a8f8505a0544d0809119bc525
2226,e914da2842f8e3c29a4a66b1191cafa8a4ad0aed
1857,a76c8fe79e4e318a6a1104957aff6c06da47b7e3
887,abe09edfd842be20aec7b7b003e9b40e6933ad41
1257,1024d0c59db60f17a7adf26b1eda8394763f7660
1959,358cf43c047c2bdde9ee65fc7ee32f1b683982f6
1603,6593c99b96a4575a045bed426ac1295337d3564b
973,01b655f5ad9551a9e90f9ab8f194a09bc36cb27b
449,92bd4303f577f155a9a388b9481ea0c084f52c1b
1045,ab20195f6ad9d9c565110b4b4694e80129c3038d
1257,c78e1053b5171456ad98879feba41d5f74de2f0c
654,2da5a42bd6f93a7917c2ece463334530986d3fdd
653,2da5a42bd6f93a7917c2ece463334530986d3fdd
1474,6d99943f80e2f02e3c6e53a3dfc3922e13555ab9
1467,23bec460b7d7856e538a55e2bbf18aca86c374d2
374,b59ab4708aee70a280aa1b9ad890610582d14a6a
2320,215769ada2245ad2dc5768c61d875456f2de5d29
2283,5036d7ca5fbb08643d6535ee84ed78e540dc2e54
1490,6512f697833ed2849ae2d5b3b3c96de31894e012
1387,554eed95df0662ec7b2654039bf7d43d81d37b67
1369,46de3bfd0585ec5bd54de84215547dda54c8d073
1614,f31f49ef6c7cf70e8dddc233d8a8cf30968ed4dd
1179,8a3c8d140dc6668e4c5f98b7d18a8d8fbc6f3b2e
2188,1d3243be0c87144bd046b32a2ebc63db487a51c8
2156,0348ffcedf1aa11c712a009907bc4c799a9ff8dd
1244,ff59330b7ea5350e6726b8d0bf92a5607478e1f8
1481,956dc012902afbb4cac3bea4b4cc7ee38b02f7de
1461,6debc2a62fb040ae6741ebaff7a5bf448e06048b
1972,798837938fa071620b613c5235ab45b6cada0c68
1257,0afb6d79f4f5fa5232b72033be0ead50e3bcc679
726,71017b5034d8bfc3525d70d4ca6ab7be6652de7a
1512,3d44b5982cf1e923c2af737478ac561e812e6d55
1082,4174d7643ab34f6dddf9bd79d31c4e87303a690b
1103,2ac838aa05e12cd524162dac73e2335587e49e02
1778,54906ccd86689812f68456e0bdc6ef379cd465a1
1826,0a0a81aa0223098b5218aac668dcdfc981b75ac8
1773,b0395412d00e1dbbbef215e5388aad8ec949826a
651,e9c4e73c7629c64e2250001a65c9f503c5fe303f
1807,23e67b3d2671db30a9debbe8123d09671b3e65b5
1257,ba7395de50c20637f75190b4adcda1559a5ccd0f
1856,0edf914e3592f757e2638fd9af881ef031400cf0
593,b9f39258c9ef122ee76807d3091a6d1a5eec5a44
443,72ea5fb39af4695ca6c6d6820c49dba37d437595
1603,dda9c3a411d2bc99b3b2c54d46935241b9296fbc
789,1b0014d8f6fa3334d941fa7cb1e0913f755f2512
2242,a41b45d86df478bb25185d87c8a11bc3880ab4be
1862,d9025e92f0a73ef599968bf7ca4db474215adc71
1882,d9025e92f0a73ef599968bf7ca4db474215adc71
1257,55ad45bc3b153cd9e3528618ff4962d1edaefda3
2057,7991347cc863a5fd285834c6dbdaa5c48b0ec2b5
605,673a8f24150a9b66e3f5092236e5f4a253e5b185
451,673a8f24150a9b66e3f5092236e5f4a253e5b185
2013,53cf1a3f98ab1f3c5af570287c4ee23622082a36
764,319017609e5796b4737b1614a6212143c99b9cd3
1044,e76ef651f69ab245b3d19744a04a24e395cfcd41
701,c88fb3c627669d5df2c6a23a5d78b31794d3f9e6
1647,83d0c0d47148e13de00ee549a35e233772ae1fcc
1644,8b0218456162224bc7509e95391275a5c1921f2b
977,ebd9860acd30e528b81454249eb06e8972093d1b
1064,ca771cb365425a1376b4e07dbe4cf17be9dbeb92
1633,107be2239437fc85660322d22a703aea5cbd2219
728,671aa3a72a508ad7af78624531c9afc543df5088
1320,3b54346a2e0e546b8610aa6e38cb338d151e1f45
689,71074970b3f80a5d01967ea5a32ec6f9d58b17de
1042,5caa331398bf48578654667d772ebf02b5b81695
1185,69ccf1dc5efc21090465a937b3fce9e94bf7707d
1960,3362871993911d7c7573282ec7ccd7316e41a114
1058,38067d3005ccbb0bc38a5d84acd269c06c36535f
2210,b3ebe33c0f50e97238e18934b14ebf8cd79f1eb9
2194,b9c41e6172aadd2aaf325ab6155da881e783d828
1210,0a093582ace1e25bea86c5d1d4604a1e4ae95117
1257,4529e79d14e6008a82477a88ba24e25ea05f8b7b
730,72ed5a0b0bee0ec89e459e563818031e7fdac8b9
1976,167bd123bbea2e1f5d70d8fc6742070167516cd2
2294,49bd809adf3c1ccfb1c9cff988f76ae9e1ea2f99
1388,df41c8afaa6e30fa1a7320bfa75857ba6cbc92fc
2234,c5cbfee636c3b3a936b3baec3b275e87998ca0c6
979,e9ae9bfc48a33f08b54a3197821dd43abdc4fef5
1919,1587bcf083d81c3f185a0d62497a169a94c2ebff
1456,bd6942e49fa1fc226cf356e3d925b002181f5af3
1323,d6356042daa208421fbeb56cfb73c9d8aeb27107
1356,04fe5ceb3d0a2b0284c4b316eea85009c05cb307
1692,6124367e35d5c67757d408bac4eda1748cb7fc1c
1598,a66d9c3cfc4df56f24bea1a69d4a04e7ff94279a
1020,33fba2004437af9ff66c0a1afacc3bfbfab57419
1878,4a7174c93ce04d002d646ae6d8afd4918c80479a
1987,1558e55341f078a49626fb01ef68aa65192cecad
1415,64063fc41ff14e3f4c0e6a28ce617579d735c7f2
2042,774430729a1d6deee0e94e755b96a767125d742f
140,3be8f111682cf524c60372c22694ec2428d22aa0
1255,8ed8e8bd491caf9bf6c964e8c003f840cbe088e8
627,c0711212e447f696b5d65c4c05dd7b08131202b1
575,bf1856ad985daad1b6751d9db6117fcafcac3fe8
1457,6a60ea184261f684cb0e3b4efa08811a9c87f7d2
2128,deaf3ea2bc2339a021427117f7fa9844f1e3e3b4
1316,4fda2b8c858f0001b155c18c75232d8b59b37713
825,d60055ba4ea43efe489b3f4a09606434b54aaeca
1314,2381052ae20eec6bc1cde037b8b5ba5dc86f2180
1568,54368e446953379a5554930a843e26372037eb21
2260,97b1d6f42ce69598e140cf06b39a98a7101ef96b
690,30b8816b6e011a6a896248eceb8364fa99a3ef71
1871,4915a22d7d6c2fae9f53ff8c0ad5ced8b40b2e93
645,13506e30d9f44c042276dafab25dc0730908908f
1127,5d3282d4fbbc7fe1aa9adc77700fb83b312a972c
1893,72260f1508850e1ef1cbb2e98ada80e989ef83c4
1805,c0b08bfdcee1102afe6b8d52603e31c6012de608
1443,30002001cbb2b9d3a1a40052108709055a0d1246
1497,24a2ef1721f446a26562c2910bcd6087b2eca7d4
843,dd9c70c291baa45ac3fc2bfc07f1cb36203d417f
741,623e695fd934704e29aff821a08147cc22ee829f
1367,59c3ec64b11e9efb8b78d84f175a0f02f8b51631
1658,89c9b08097426990488a7333b97835550cc7fd94
780,52f2ab6057938290d70660ba8e4b58dee0079747
720,e3ed3e72c2be4684621e6ea3547ee88f6e56844d
1966,5cd79e097defe62c3f3f4ba6d260ec7a71bc8dbd
710,0251f5af6e193f83083dc1d9eb8fceb1353da73b
2770,b7d8c91860b6dc041c8677548713060933b6f34e
448,cd8d02681349648983d82e1bc8c0fce47aeeed4c
1184,2208e18ad46d6322351615f96c96a0011aefb505
2217,d04fc0d52641dd7c6c4e3c595becfcf586da6c9c
2218,091c327ab56c22b5ab761900412fe7fd47b65b01
652,20a4f89fa7466f272d5cd6d9c63eb5ce973ff7a3
1588,f49518ca0a8811497cb4d8c4e7ebfba9e043c7b8
383,0e8c8b741929192ee77b182986eb8c9a8f5b50ee
494,86a1f91725d31e6189022d2c6e1e78803d470212
2284,9a273cbc059575977e9849096862641b46f47411
2031,3e6dce3506b80671ceb7ef063ca61138d30bd9b8
997,41442346a8ddcaed561bf69bdc46f8f35c57a17d
1451,ceed19d0ef5a704329bc465413ce98bd1186f9b7
2313,cb212d5f409ac0d3fe158d45f85e2d10f98db1a8
1296,277c47795e25f089b4b5e16d9cb8f71fa05c5be4
1759,a08cb4132d8c8ea5cd6e6e8d2904ba0c81b96feb
1522,a08cb4132d8c8ea5cd6e6e8d2904ba0c81b96feb
1448,a08cb4132d8c8ea5cd6e6e8d2904ba0c81b96feb
880,5225c2bea327ee16809669782f5e803748d30458
984,bada6d15a1942520723d9519554b47eed60b8224
2190,58578ea1dd465d85632ab553018cd507a9369304
1875,ed5c747f109a89f36f542d836beafb1103251404
2326,c654e6c7ae70332944bf34ade13c187ce4f0ffd4
895,af32bb02cccc6702b2db70f8cc151b341bbb2146
1684,870dde3bad5c87b1b469a6f165c4a0b12f12d07e
465,5117728e503eed5c4e8393d164b104d0d0d58bda
565,115d72152851768fb84e66e9aba55a701d5c19d1
1320,f916fcc7c8e7605f4945c54b112ff4eca5e75034
1971,b7995707d23e6faebf2ff24d56c3cb912f4618cc
1705,8a54b215da12643a35a34a7c3372528816310723
1084,78b51a6908fe11106c748a48c0a324e67f383542
1382,ec945f5794875cb2336b2b1d6a39078a54447bbd
1016,0b5514e984837e073460ff1bef0fd7158d7ae2d2
1285,9d0c13adc6922778f950782ffd5bc619274bbf76
1658,3d9cae09737e86d4c2e6c35e47cd8b0cb44700b1
2052,e8d244a6f57d0f580ef7450ad1afc752a115ac86
710,abbb13dfbf7cb9ba481ee5d3b3ba5a7ed5aa51fc
1007,614a342cc4b71d99ea51aafe6217641d538f21ae
2226,1f0d339cf4b1f1e31b1c787a477ff2b8bb04a685
2117,45c5ae4961e31e3ed36d259e9b7dd18cab338a9d
776,ed2dcd34f55e4292bca7394d50ab3bb8cead5c93
963,75596194a9c8e41184d59b1b1151dd67c8fd5ffd
1297,ce94742b58167cd894ed076209605bc2fcda5ea7
546,e408586f36119f7cadfb33291b2068e0035fe22a
1933,d0ac6ca2ed16125cc5ef3019540ed442d71fddf2
761,a237f3041514248e4935f332f3de82626a6832c0
2030,f154fe150f2940751ddbb2b2120c5774b453fa57
1566,94a0963d7bca6aeff221434b75c5abcfee5a64bc
1703,b1ec3b0933b08a859560e68137992962548449a4
754,33bd91def3ca79dc525c9f6cde9f90a6babf375d
945,ffa47abba21ce6b09dd655b47202221d35451ed1
455,e5ed2d4dfcda18f379adf30930b99e647651386d
2190,8cba7bcca0cd43a7e9a9a72ee9fbecf9fb806d9d
2261,85ee88d3f2555f098622971017849f3fcadd8c14
2211,0ad7d9143ff2f5ca2aa03a5a06476ae560fabeb9
638,1e3fb6c9817ce3a876908ebcb6f1a66ff6e95fc9
1233,9a8a30edac93c6b71b333e8f0fe1753aecc3232d
1794,1260278fe3d9baa330cf2a56122e4645d37f13d8
1894,72162dbdcf89460ba6d0369731924d5d24168365
986,58a8dc098db8bb8853ebf44eeda0daae08fa623f
1060,37c38d2456cd3db0d8de9f21db80cb769042f2ba
1554,d962b6bca75fe8e6f35939686fdc38ecbb484858
1117,570d8766411c24e2bf7c8d57f0143066805d9a25
1257,a7e46e757e3d3ca727db516699e66cb194913962
1483,d643b4a63f99a2058357d7ab351181fe632c3c79
1865,5a045f5ed4c3104bc8a22b2c59937bf1c86952ee
1786,58e2704c757de46a128021611e5fcdebc2902bcf
1243,3faf0ccdbef43f2468ed8925b4baad8ea226c2b7
2080,c8b9499e898a9507710b035da3d7a41c734d68c0
847,2685fd4969e7224552a516be88bea76553b8e694
845,2685fd4969e7224552a516be88bea76553b8e694
870,2685fd4969e7224552a516be88bea76553b8e694
1900,c588c56899d86576341b63e00ae580123fd36026
1835,daf3b344abb363bce6957aaf0426169a747ec4ad
786,d0558c05eb51d4f0b2ea88413a7c2add26987f30
1500,a238f3285a82a60fc681b27f6a05ff2a11097df0
1640,a24cda389c045f07bc84a68100f1b963447ae7cb
1135,efba4f59689a9432cf1cc27b305bf7c5bd7320cb
1987,09560ab72337fd1387c61d13ecf56d2f4ee4035c
1395,6fd1690e6f4b09830b2a03d8f073035f887600d6
2314,c803a2735d59c9a75ba7714e4e06740ba5a05dbe
1891,34a1594bf0d3d847aa8986c5729c25df3600dd94
1872,2411a8cde67dea6eddc2c569ddfb5c0544ac1d2f
1045,6ef5fe873df3c14a437fdb9a0703f71a94b838a5
2058,109db5baa49b16b29619cb661dbdf1effa2db5e8
2318,bda478ecbfd5ee58508f31dc45e4080af0aa910b
1470,2dce89f2742e754c69b63ea578fc7f9e97744878
771,509f5139fce8730a74a7c030e7a5049ef547f244
1792,cd9db2b827ee0f61f96ad4355f26973371a787bb
629,44c5a79aefe41fa054fb3818dc90110befc34f61
2042,e5f3862576a4f2cc58a3a590cd248b4d9f7abc09
1297,02984e1758e17364f7b04af785ce4f5618799a32
1257,d5903677402b151726e8861ce9b485718c92472a
1682,12673c752af3bdb3389a763b990102093964accc
1753,562c4390e7fd23e4b569b27c5eec52e38c5005d9
1946,562c4390e7fd23e4b569b27c5eec52e38c5005d9
1378,f04dcad32fedecfdcd54e3a0866155c08f2348fa
1791,d7172a4e1e351f4a184a7abadbf5f3fc568e32b8
1069,3be7d6a1eb8e31d28bafc12c02d16e435fb0e456
1027,98413ceabe5043caeb9a02c4980cbbf2efe8f2f4
1139,aab1aee784cca250722bf84994293c9fb26b7d58
793,5c4f9c96594508aff5dcc675005136d7fc628472
2004,0a434116b3d039005ebd22c10a75d34feed81147
1629,14ae311414138565db2cfdebed05110b5e5f081d
1359,f6de1111db397c6380d721a7f10292f99761e212
1322,9589de2de122fe51c4a6ebcc13aa0c6b3d3c9364
1918,af6e0aca96a0f8de69e1d492e181495b699d963b
460,802b492f4d192760bd24c3ca50f428478364559f
1860,111a52da0294a4d293c1181a3ce64f6c94f583c8
1924,8b3936be6451b5289c573e8441b204394309b8d6
611,ed06f1c2d985abeebe3e53b0f1d18614b72df199
885,a32ab2e4b3b8238e9dd5f4e882784281f555b835
749,5dfa0d11bc740ec83c0f378255f5d78f75b1878a
701,81142af94a43d909f2cfcb6d5adc6a0bd6b42eeb
1754,eb473ede1913680004846b3f1dc1a6249831dcbd
768,a78acd94e22d117c79b6ce78887c25bebf906489
1420,9d89ede06ae911c09667a88c517933fcfe2efa0b
1819,979b3091be60c1597f19593ef5da7e37c421b2fc
1993,f682f0481f801d533785faa9d5bf15b587180bae
1654,109fa704a9930b11bd3b8cfa2e2b3249fa919313
1614,5508ac8804a4347fcfde72988223e4355e50cc6b
1724,cfaf455133cf3355cb316cb663582f262aff216d
436,647f91ccaec2f680a8720f1edc77c6a35ba8ad0f
738,9c5bc5a9473728ad3b97b29233f33ee99c81b946
1688,b4f6ee6578bcdb5144847aaea48596f7570d459c
1050,b9fabe2077595e7329a5766faf544cfed8f5806e
1138,b9fabe2077595e7329a5766faf544cfed8f5806e
863,911d3b989557d961740b634b1b9250be744762a1
1262,9469c8ab7f0a9797640e79b8bb94b7524982c949
483,b6e205610927c3b4f2641d68ee0df77860c54fa2
1044,aea1bc71e24c3ca99a1032e2dd4e1e38a393ce2a
1075,9462f0715354d6dd0372eed4c0f7a6e5e4f092b3
1257,56e9a5f019f243b11eb0d8db396f334053865f20
2037,ac1e916452becf12d975208c79ec8133094aedaf
1634,8ca4c1a7839765f8e44e49f11179e99c75134c1d
652,901ffb1d40549cacf95117590a425f2102365cc3
1001,db51c97e2f4a740676955cc3865e4e14afe5d2f0
2216,09dd98826f8ca77a251b5bebabc99a96de7a8d63
481,33b7414984364bd0dfb27454d062753a9e079320
2108,475a17c078d9e146189ea36ce2e6242fe4d0c800
38,117d398411e361f3f2e79f3fcc66954ced2b60b5
1655,07637df8b2f51aa02f21433bbc9c896056adb852
1579,4c00a47bd472867e524ab1f9944cfffbfb3bd05c
853,fcbe693c0184cf6bf812c7dbdff4d63739c33b75
1006,931b29d48c587d004a48130997d0d9e0afeaef35
1600,0c23a14f03f29b30c8f3f15af9e307dcc7a07d14
1160,6813421627f74d9286093eb1361fd161ce60e416
584,4e5f83c6958653ff8c319832093a546ee2605e0b
1865,5d60a248aea071131579aa16551dbb33317deba1
395,d8edd5af40d5e062ba9e84e8c9520c741149d33d
2108,ab5863d1ec803d1f2d4fd6dbb0aa7393f05f3f29
1044,fbadeb33c94b942d7552ac5c6406f571d79d1f83
1374,71afff2cebd022fe63bdf2ec4b87aaa0cee41dc8
1582,73a8d911099e22d5e3e040a1c00b32657bfaddee
2326,2e81d85c202d1dbaac2ce4e9d53a5ab3733fd228
1681,8f64bb54e90a62f4103a3d0f8cd2872001492e1a
2144,29cefe9a9dfd193a887023cf442b553c591c1cc8
1651,0f5a71072665963ef85a41781f78d6627f1e991e
1099,9253d348fd5d54809c523715b99d1babda5eef76
1752,900ee987b39f9d4e91935bc3fb04128771791977
1602,5c38ea46c7780efbc9767673935b3fe433de0abc
1979,574db856cbfd25edf47f5d9b1d666e1d865d85ad
1327,73b8378df63a7b7e7d66fffc34f35bd993fddcd0
2069,26135aea75c1f02cde86542e3f7e4469fff31edf
1419,e7cb9a04c686f79cfefc9460d3c83b1f336d4f14
1781,d2faf683f6dca3f6a5f293ba0adf8c4cc3e9053d
1962,a4132d1cf1878affb9303beec51e70fd6bbc1e27
676,f8cf68a2f2084257499ad8d0940b5810571fd61a
1183,10203215d99e660bf5ccb2f11a3de4f597c652f0
693,529916669792dac77ea3385caf290b8de2922cbc
1068,9c56e7bfd2054cb0a086ae95468c4a02e858981b
1098,5352057c851ae07aa3f3088b2f336eeda63aceaf
2290,11216b72fb62127a9a421770f1a55b925ab97fbc
1869,876acd09eb07ab97b27d1a2aeae484755159f5f5
1646,5a9a56d12de5d0102f903ff9e421948431a60915
1666,92c79425e7f09f403ab5a06ee85d1372142f7aef
2155,4968c43f4e5e17f1daa5822bc877256d9aec273d
479,84c1f259d3669cfa60b685a19e9b763ff91b29f1
1282,c485094a801f758eafc4a1b18fc6a055458cf011
966,776cfe082e953403369acf2c42eecc15c45831ea
1150,776cfe082e953403369acf2c42eecc15c45831ea
657,c0d1460c124229eedd88b445b13e0de64bab05e2
2017,645f25597c86f7b26cbc8dc4f4a3c9202556a22e
1495,d2aff57cfab3aa28db62a859c2cda296e0830ab0
2008,120b6d3dc3377f51c188b93b971d56fe56029b6c
2086,26a14d2dc40ad20f138e2d2cc62ec038d93792a4
1195,61b032b27b9fcd6cbb09f826fe6fdd49585cab49
1636,0b2b27343d13082110b9a033ff433b64b0b5f447
1884,c5c8461417bac74ee9044c17c4cb523701de2248
1630,02bbba0edc6fe4e997fc8f9919d6554fe4c842eb
2209,72c7b0fd53555c30323db3eee8e5fc0193caede3
572,1899310a744614dd30939f90593a03121fcc8b7f
2043,2036a6be04b6eab7013f38e7dda1e3cd737394cd
2288,abd344997d6975cba76cbee83cfa52076ceaf481
684,e7e35be0a6e32d908f269d04b8795adfded63bac
807,4781fd80291ded165e029400ac66c1f3f1d5c34b
2119,5485782bd67588e41c2e40e638e8358b8e098b73
2059,838713d78c17a86db16625c09f8f09d2f39eb3bc
758,e29d45a2b186321e29e5ef7a5519e6040c5693f8
1748,07eb7a5bbcbb309ea12f765a1e71143c74ef94ea
1466,a7fb94367beb73f46d22a4c78afccd3b13e69b4a
1172,eb6b237e8c14810e7fdd9ff48e767eae266fc3c4
2266,4bfb71ab728d6f3370e1b137245e947c4fdabe9d
2044,53f3488597c568b8da045043120a578983c404df
1936,2947c347c3eda9b8720bf482731504dc67db3454
1813,0049dbf3ee73fba75aeb6b58c652544df0032945
955,9fd1e17e5302bed544d78e7fcbe878f05e8605c5
1240,817524e47bde9506a7de2717065952948fa93068
1303,171ebbbc6c46e155a7a651656c0daa1f05de91af
1174,59faa15417e97dd405d8fff27bb4a5ffc8169589
1396,3d8da0574c99d042ce2b659292561d2c1369e42a
1117,24495025c2d2e0eb0133b007c383534f63a65284
1009,fed804f44ae7928b96a608d06c471aa6e76ca7c9
1071,6a86d83303fda5e089ba654a0b5ef10eff17822c
1478,4e8ff6c79dea5e2358ef0550f026850072c116de
1217,c4c24408fa10317b205f4e4f80c5d1a4ae78d118
2206,fd5d4e83a62087237564148efe2674e53f1a49f1
1424,d6bdbde541706df9ff426cfc46a9d3a6edf51c96
1187,990c595ac60be064384348553861d90e737b3a0b
1552,d1504ca3ec1daac97d2df4aabf7042e033eb7ade
1602,95420313213fcb14d97c722b8a2a80273a7a4cca
1595,f58344aacf6c3f4e920372e75be6122ff2501c34
2217,b561b5f411ed8ae3bd5074c89dc2ae2b901e4154
868,7f04dff41ab75f2fab12df178c1b615f8d313bf4
2065,ddce260fc9d6c3f2b46e4e521f6fdbd37425dc3a
1398,728cf47128079e150f810126daeb1784cfccd407
1673,d5506b5b19739e28d2ca80e060b81324d777a415
843,4f8094cd8ed87952da8e0a21b92c8e967326f46c
1713,8527e58bf86180e406971285fc157ba1dc677558
1673,8527e58bf86180e406971285fc157ba1dc677558
660,8667cf2f69e82ba1af422913b201e4e7c85a0814
711,9ebe5e9f8059ebaeae8a3768e59195772b008d57
1280,af298777c8421daf9d80f93d6457f906a7a1c232
1255,2e3f6cb73bd0312eda1f4ed61ccc7e15433d6fdd
1944,69619617e7488828cb6a6153f54c858da9756daf
2289,875ab1afa94addb36212bde4eb2c1f120a28aa86
1693,18d6cc70e8d5113a1aad5d0769a5a99658b840d1
1950,3e13fa5b73cf90737d52f0d71faaa8ee1c1eb325
288,09527697865679c2f096ade3092ac9d5c8d2f2c9
438,0d07fb149b88fc2a4bbd768230bd32bacd7f8d6a
1713,779572c39721957e9f8b20ec21bc7c7a6823506b
2086,bc4711c192469c3da279ed7f53216f3b8b1ef0a8
683,886b05feb2db2b1fb7a206416a46fc6da503aae4
1730,c6a28439933836f38bbae1e6b15bd24fc0004378
1683,1a8c974b55f69bc24ea121b07942470d5f6fd1c7
2012,79e74351eb58f3f062c33a686611197405df2dd5
814,d1720f3d135b73ec7924181d1a23226d093ab87f
1189,4168837eba3382eabfd0d0dca20d0107533fed2a
1790,141cb2bea654aef5a6cad5108cef2b4b59c66169
794,17bac32ada6b6e6a72f4cfcc751d5b868bf0b4c4
947,eff378354c93d1e216a7bd6d0ca63144ccdea3c3
2136,5223c896f2d73b3ed800a37de27ee94c6461faff
1267,8390d7c3d4990056d8a5a2f0e6261abb530a90e9
1101,726d0094d2b78bf902faa52dc286df9608088d34
952,25c2e3de6a17ae4258da2f715057db5c3674699b
1451,d66e3888321d4c4bd914e89f3b671ccc6e12ffcd
1135,b502efa42492f7466d9e3c9b7255a06427153ad4
1769,cfb477fb3c70b1b9c67550f835c4acb9276d00a5
1194,aee4926bffd6722b84d62c7be60477975aba5da4
460,93e89f355f1bc23b0b6e51aca72472714e4babae
1466,a0fed4cdc33557d1e932bf8d887d0d0c10a843d0
1549,9b349bdbd892510c8ec665e04ca9488d4316d199
470,115771104e50abaa892eb26acc5377c88e4f2fe5
1575,0af7ac2b11612e10a29fdd2a84744e8a7d304bfc
513,a6566c234a68adcae8957c56af87771697573289
1404,bb8ebc53b028a61f9904f33bddc356607b6af859
1790,8c29f6b7fb7852c62fca0eaf7de3a12c0eb335c8
1257,79126d9abe1072f3e3d183b65e2ff41e2cbe696f
1546,dde85842d61bbc2ec77fb953dfb071de554f88b8
460,7ef9ca7b53614e7d7d1bb6381220f91146ba1fb2
1055,9479f5ca8444109d38f42d5554730fc4b2f965ca
1923,dd3a137c55f5fa3054f1d380de7f3539f77541e6
2075,749df43790c0d10d581043e800e78fd0fa55282c
1947,70e25461ece931ef2ee4e3b7a5a07a7673af6900
723,76bd3041dddcbabe2e074ae374d9f7b6ee241354
921,5284f6c4b8bea4da1b5fcfaccc5ba75bd143512d
2002,e65bac9073fb0ac549a73de1cf2ca9391af3878f
557,8e3915a91cbdcf92860e35710fc8ff510d1da45b
1584,d68fbcd16ca2e8b87721b1dee8efc70630e1ea80
997,8266384e4c4d2466b577698afa17901335626b19
2092,767c5ac6d368a80e68b6150445b3d3ad2e8b6ff7
1483,4927e8f8f6675cea2c8de028c0b2838cb359b173
1856,5bb567d421b198507643cf047ca7f5cc22140408
1552,0278c62a747d568e32a3481454839a11077c0f02
1699,8b2bb4d2b9d612d09907a7009fc4c3545df86e07
1470,511301074a0587e8eef40673a517d554d08cc156
1825,ae5366833af1dbe6d110611809c77a39e6839ddd
468,6c5cc3482bc53166902b349e442ca62f8cb8ec7b
2206,cbb310efabec45c76d113c6cf6df03bbf6d0cdd3
1615,3c239f42a448aadf231ba8e463922201f8b8adf4
1726,9c80f9e186840fd9de5444079e61aa2548f91ea8
1351,87df3c34d21b1bf0d45c3a9c32607a28d8831e7e
2220,1befc77ee09b42c60556c2a73b7fdc4be1e05d06
1818,0155cde28f72d93d50031c8adcd0103089e1537d
1021,581aa35d8fcfd071db1ad6f6ba7fd0c398b60100
710,e54fa9c4c25301194f070a20e523eb8238588dfc
2119,24161cf5ab4c855862d92f991abdbb3bc6008dbe
1974,50268ce6313fbe0b41ba1ea52969c18e594f9c9e
2062,b37d1220291b81e0513b38c97b7c1ea573dddadc
1334,64d792acac0ab0b48745681a441da7cac7c19841
800,1f4d4a7f66ee51ef641bb64d6e11bef2af9b13da
1974,447421336280a039728baee7459e266e1d251e16
2123,334e1e3a223b07670c6e593b308c529a752d292c
504,334e1e3a223b07670c6e593b308c529a752d292c
2103,01e441fa762b56b906ab9fbd60409648ec726751
834,99a30ef5301ef749b9440542380be552d253d4ce
1692,1a3a6fff7e4a873483b8db4487729517d1f20be9
1970,fb7c8db75629bfda624bf9af70eadd734a9bbbcd
1607,63f7509b8c0c264dedfe9dfc647b0dd0206a23f4
1811,0a3441de66d98672ea8bffa6c31795c9a9d99c25
978,962b77ec7e8b5a5f4839612edb08b5692b3d4327
2053,ecd9e011248178387f073dc2ec5328b381045b15
1257,86dbde4baaeada6fd11786b12801d7da1155b689
324,e578c46f6e23a4f444c3a868f07d655720bcb4ee
1354,466386ea06b90f8885e4d89f2881180ea5ee579d
1582,64c84738be0e3c6dfd5dded4241189dea69f35ab
400,d631c7437b4e402a187ed4d52ebfe09399c4bc23
1704,6f4f284414064055316557bc89dad1d9ad48abd4
1989,447191c89b4baa8efe6d9a83f1bff6b881d292c8
1314,01dff974615d4db6f2bc2c2a878c3712f813dc43
2108,d041a5dbaec8f032dce973a5adb89acfe900118d
742,6ef903936491ec0a1ff0ae6b038851a387d0c7b0
453,1f8839ba6b6a75491e99c908e6b8abc1ef1ce644
2223,149cefcf95d093ff92f46ad873b94e8bec7b48b4
1407,3f07995a921f82044b24ee12a1afcbdd1ced3e63
1727,cf22882edc8352d480733c8461777014aac0ca6e
825,f5d50c7a0d28d380f159350013f9a11d76afa2e8
1158,f4c1bc1795076fc45b736b535295663b4ebe5bfa
1629,2d4402ca64ba1c9bbd54b3aee638acac511664a9
2245,f6c86ac5f71a7be74ee7f05b57ffb0a1524b6e9f
1790,eea17de8e31becd21a3cd7cdbe3e45eed5471038
2199,d7036b94667d8c2ce54c284b7a86c1e70782b577
1357,04573e780420a6e48e14f26654bdcee1cd481af7
1528,ac4625addbee104c36d570032e44c9e7dcc24e29
580,16fd5084a76b7e2a24f2f36cb4b156636db63b1b
1661,e04eb8dde8aac80555951de764cae2e6ab290008
1059,23035e480f0b13d90defcb4e0df1afa8e4f5fb14
795,f231197fe56f871000af345445bf7160d63632da
672,c2f9e6f920e45015e20baf10ed93167edd2c28c7
693,76dbab8bbb24de4e750fe323fec10178acb254f7
980,86f926bf3ba4e9a5349b3bb43268dcdc4989e8c8
981,86f926bf3ba4e9a5349b3bb43268dcdc4989e8c8
1609,cc2629ee4dbdbe4e1be64384bd76a645148a517d
1877,b973a05378440e8ff6ee5d065a06c51537817d00
1885,b973a05378440e8ff6ee5d065a06c51537817d00
2285,a5acd56fa4699fd9019b76505bce292e66a2943d
729,6a32004706afb41eb9a84d198932f96b71dc784e
672,d731c462ab7f851995f060641f82cb07df5c04e7
1238,1ec12dce36c3442b90f78862adfd9777f86c0fae
641,730fe9b2518ad63b4a11e219bbf864e314e6a3d1
1422,c61f9c465cf5eefad406597e46b01ee496624ff3
563,e38c1ad08ac68ed6655b4545f5f1c09f1a3f8cdf
1355,8cb2d52c8c62607fb1006619bc0f53a9dd2f89e3
1015,b8e046ee3c79c993f478e759a673ed0e0af46c4d
2293,7d2defb99d3fe5b5381654b549f55276bc9636c5
569,4370ee3b76090d0c72ec144c9c2a7795fc67eb76
490,df17c0be4131ec68d2c9c5a4bda74d014d50cd45
1857,ab495610a7f4d27d2dec7a5b9127773c35883ee9
1251,d13ececb839496072a28452229e8d6c2b86b56e2
1126,ae334007d2266f8c7f74382279597b3a2bc0d37f
1486,cf82701244135674a20746e0b5a007367a5face2
1077,492eebf0adf7d958b54ea1357028162c03d14aa2
1950,d01c450b6a9f8b343e2f10589e679f647c5880b0
852,9e72b558f5fbea9d4992764057421ebcbae1a21b
1209,c56b1fe5d11fedbde6c1dfb62c925764fda547aa
1886,4bab1f5bd515afd00b52d4103a5a69b756ca0681
2003,8d637b32880cfb76fdcd94105fc06e2bf1552133
2022,9a790d8290fb1131df8f7d38a39d6f039377e124
1901,ff68e07bf2fa4a706d42455282bc9916cfb22cb5
543,46a67d9f22d4c596e7e63f63bb3a68a815d3dc52
1629,0adc8365b37673160700615a2aadd67da94b948c
1257,3d6c070cbe8c22fe406b57cbcf37f412a5ebbffc
578,c67bbc477b680e3bd2284f2c111c7770f4b09254
1163,bd902af5c3947e52d1da776c44110c772f432019
1282,7dd5433b90386faea6f1a7b0df52da806d42c45b
1464,4565f9fc4a75aa7f614fb223be84be424b1f5a46
1578,e2b6fb8ab5d8f4e83c40997baf97ee7f7bcbfa94
1654,d4f7458e1de53f92036fe6f260c5e3ddd2e7db11
1719,d1f5b0c9e417297916a6941c991acc123b406a59
541,c9cad283202ef55d80bf48f1eef8a994fc130dd3
963,e2d0341e6a3b206aaf7be168d4404abd4fadb36c
450,9fa11a04d0e59581a7eb1f09f4a5c5c40995f9e4
960,9f9a3246fcc6e020c5c6ec8aec45b9319d45dbfa
1487,926a0210cf1b063e9c9db801dbb0b4c716a80235
1331,f5fc2aa4f73209818a9d058c1b73caa90a836945
1764,9141d4bf7006b9aaedcd797c7eb64f46b3393833
1516,6a061d35a8c88e4e959942179b32395d926631b2
857,68c04d6bf0999a3f2714cc9c92ddb835ab091e6e
1722,b845dd18fef8a83717cdaeeb1dc25eea1545ae1e
503,3119c232d541ec66388a07e6c4c6d31ca097d75e
767,914a951283afd21786112d21c53da80e9c5531d3
1639,abf0378d8b09ce810b7307afd059e9438c4cb199
1508,80277d3351d99eeecb754b534d3d4504d4c7b8cd
2166,08a9feaa14fd9737a4e34230ef8c58ecd1d00fdb
2094,369d0dab8f2c32d9bdb954aa450305e3ad69b800
1260,85f1292d61aa34e44dc79d859878bc490076bac5
687,bc9524681bb3d79db9ce4e664a783c76535f6c73
1573,ab2979cacba67f91069e4ceb86c04b282d4c9e1c
1134,398c94e15c9a371aa8aea116533487c803f5219b
2168,a5e206cfd3c1d40049a490f8d518419749ded01a
1517,ddcb8d31224ab052ea0c6ade8594c1a5f064be96
431,a71a10884ca59bdcb618ca240d1b87adcd0c802a
1700,93a00e3bbc9c61919cbf95e167af8a2426eb6b95
1072,c0864bda215b58e37ebc49623b6e2218be04cf27
577,3277e454599dd306e8434bc823c9c28dc5520c42
1483,9552b734b9f62e61199ce3cebd45dc351e1ad1dd
698,b88e2c935e974d41f7169133925e2b4c2a16a55a
1786,ea74aed07d110b20ed9ee810bc98f61376aeb025
1325,dc1019402c75416052b357c38d4b21d0cb076c16
483,ade03b899ea0986ee6e93dbc9fef381662bbbdaf
528,f84542bc5de85c26f02e640d57b24ea75a23d9dd
938,58f8439d53ae36cfe1aee40c37b8ea838e5aae3b
583,294679e7122ec375a36136df7910ec4b22a69691
2043,132c9880e711a1c6690af428154ecf424e760451
460,54d4f0f57f732b9dba08a4baccf7a054a799b508
1212,88797f8ea7f5d1398afffcd0d70e0f9d658f6587
460,f41558d29af48ee4c5a921a232d4a997ff9ccbbc
1739,27615667fd1df4b4722780dd1cc60f4fba720d1b
2213,f4dd591bd5dd1f9ec0e19446654e80ca4382000c
845,733d8d101d67a68d939ba5f6da3c38a1fee5d542
695,d238366614d9e64e9f92b607a9188a3f8e6bebe8
2032,0704872a3b913faa1a14a2ded923b9774f4619df
2051,75343cf85a6eb7da615b8ef444ea21b178bef5c5
1870,4352563c3cfbc525aa9f1de3ee141c27d842c2e0
2080,678f2fae8167a87d14347351cbcc0d5596456d83
1839,4c0e215503e20d198515097854b9d2f67ce6254f
1638,55598e0beb851285c06e659b9cb84acd516ed046
710,359f58c31c0446aad965ad6c606039a94907ca49
1208,594a445312e1846bed4e0318c298f4032794c5b0
1010,f44cd2302e07f50e93bf49f36c97b598014d5241
1901,36ecf97e3173be7c1bb53c077052e3522034fe3b
946,cee815ac1716fae9b9500eca8507ad087f402a39
2203,9eb9be1518cfac98a8d7270e5e7507a599400445
1169,c1ac585780c9a5d6b2c05f8337bd636cab020d68
1383,96450334344eb5757f8b88fb8a5d2a0fbeeeb73b
1625,b52992345ecf11be2d28dc4ea308183f1431678e
1436,89994b190d06a1e5f46a789fb8140a51fc6be4d9
504,4e49265d4f02c0aef1dcb4e407f760e1e90a3ab7
528,0547d200a1aea8adb43d6de242978dcabb04b384
1624,577475a7fd66d03cdf2223179537c9d5893b8372
2213,fb69eb645e03ed57d4da99afe2f0f63946766cfd
1401,9495de7506eb2561e96f2902b1fdca8555ad73b2
1510,869b4f10fc410bf8b7b527fa9dd9763f271381d9
652,6cc457d8147490bd80ab5b6892fa79024ddffa49
976,41e88cbb91be19d2c1fe4ba05c77791562d0bcc6
2053,7f93897402c8a34c984dfaca357ebf3ac0ad0ae1
1058,022425be70ed92f7f8f1b77ff7f328790c2780f0
997,cbdf9c7e7c532578cf4f2e3f9a60d1c477863588
1094,503de0ca204b68ee73dc5ad7cd7ec14100c4dfa2
811,9347c67b3616577d9eba42c60de207c627646584
1793,acd064e763f4d0335bc3547a40459db3df67c7cf
1977,b3ca0d28765debd32ecb4741fd095cab929f85c5
1175,f052287c53fd64f612d214e6a0d60ffd50829c63
2029,457d82e56deb2059fd3b89b5c137265dcc579706
1950,7c88841534432cec007128e6bede211bc14f34b2
512,6273c9a6d67c1fcef175c09954513c1d99788627
1544,99851e71ce27a185b611e5a852bf953efd64ff52
608,64d670d3ef7e5b050f935324024b4adaa3d44030
1468,9a2336804e71b2d25706bf0a88e202c9133001d7
1453,344019af14d300cda3f95e692611de3567947923
2197,5c96ffd9b570e239020a491bdf29fd5b1d14ba87
2278,c4265705b251a1270ae4c28c837339c455f393f3
546,ec1ab9ff5d53a2c57be0f4ededd09078fd53b4b5
1009,426e903e7a687f4cf0a2f0802e2866bd7bae8495
843,038547f173f301ab5e43a7fd90ea6e221238d6a9
1563,b8d51f877047ab4ca455afc54bb86363d3197f15
1234,38f80924f15b5f875b66d08ef7c90043f1fddffc
635,349484adbab452f43edaf0a19e840cf6406e606f
1558,da3050ea9bf771745ab3c80aa7894500ceb44fa7
1926,4643f9e659ba17ead76a10d7454652d2d529ab50
511,d7889a6a5e3e877b56ba28156a90fc50678d5c8c
1461,abc195777ab74e1f6f4abbb5aaf11cadc97624a6
1257,d449ae516f135dbff06a7d043cc9fd77df05e96e
1379,c893dadd2664379ed37bd42c5fe450f611896e32
1911,cc78203112327fdc458d1aa33698dfb2a8046d80
849,b264c37174afac1294c444d920147cedc38b1822
1826,ff1e7a054bb88d0e981e21a9e06d91dcf339f30a
1166,2a2e93ccdd4779d6b94420ca853c8295731b4379
1257,ae19f5b60bcfe57bceb6ea3d461948c627d2619e
1666,4aae636e0375132ad92f37bd68ed4f42f6066338
2164,6567cf470ba3d916c8291d73412999164f13926b
2162,0ce6e477eb6d751fae8f8c6378ee2e9d54537107
2219,ab67096e6b6b98ae963bf62a5b3c8755a21b40d2
2207,ab67096e6b6b98ae963bf62a5b3c8755a21b40d2
2118,d39dc9ae288a6320ec19f47a095370f4dad79095
2095,347e4a3ce004bf309ce2ad31e87117bdc4aab804
755,d19a4b80b7da0e6c5d3f4ae7f499f237088b8a99
1775,bc21d00a57174086a7324c1340eee0cf19f580cd
1426,c310e2a1e8e7f84dc9862b8ebf96b717e3bfce15
623,bd315fd72120188308b6014ac2af7acff660aae9
763,96263c4698f9373a786d8096ad574d1823f51d53
1599,630c15437e692997a87c63353bcbce2f98ff7955
1257,8f036303a097cc4bf486c72d0fdf3a40cc16cc80
2157,d46fefb9b72052208636acd49fa5e083bcf924b0
610,08904b23ba4a0a91114e0e4fbf4d5d9c8fc59dce
526,8c97d1ecf78f2b95e98e88b37df3128434587c92
970,e618f2b3718b7f0c4998ba64957c3c77d3864883
1143,6db126033690599d610cc1a49a31288c03a45619
1301,32d5397243b8443e4e72b38c332063c6ddd90f53
439,ba0a5c618bfb8e59aa4b75041c42b2c3f2b954c6
1339,4b0f7912ff548f945b63cdf20ece2673c334bb20
843,ca06c90a76c4194f78767c3a6f20df84135cd0bd
1012,2158a472c952de87ea92da550665edfc1ddb3868
771,75c9faf23efbc703386a0c02e2d327a624e406e7
2225,ffd337a907c08c8a112ecf7b6acfe0bc51abb1a0
1274,5cfca6be516e7d6611ad6fd86f85aab5781f286a
1929,01f61f448bf8e44a51e54941bf7f4a1c3028d434
2135,ec3e533829424dc75ca699584b3a64bd08e7c5d6
1405,d2fe4f3b7af2567a440bf368d28b410389d35adb
1447,1dc07ebe4ecec97a79745c0c544cc3a8ad40cc53
618,561e3d3452bbdcf523a4e7d5a29c0385bf8cc51f
702,0044c4532ecc47505f0eb2e76e1415db73bc182e
