1577,8bcaa77340ac377a20237af4efbe891dc5a4790d
857,f533aefdc3562f578f16a6dd27bbe6a08a77d130
132,efd2643a0ed67e540aa54097846c47610a6bb96c
291,f254e9c08c8b6ffe832a5da389243974fe62f452
1374,76d3f74d071a1a3e6b7228edf9b76bf8e448b0cf
657,c439f53c74d6c8589ced4c89c1a312bbf70d8d62
11,d1801d2a4585ed7e8c4a41d172b3543d5bf081a8
48,76f705e887659466f275f912fd3babd78d75e53c
297,05f0c82f93f41122cfb14aec7f8cb8a3d05cc71d
1250,11321f7cccac0e32c90d0fecb132351aca69a1bc
1292,f1c99aa6a03880f80f483d24ac46a0d097a130b5
767,b70621d756f234598f69deb9bef1c029ad770938
1020,50b4637a387f54729144bb38699df672aa76e8f1
610,4ee6a1fbc4ffcf701582d75e5509f407ea371a8f
467,11b9d84cf2b148c97420ca0ca899cb1cec2ed354
1059,500d981c93dddbb5b9e28cdce02e47c120372273
1221,a400cb8acb5ad65c28ac646a1b1208451e0b0c50
1142,f4d8201a5f6090d5cb76bd3fddc1ee4f325a911c
1522,312c714329135573bf83db00db58d8c8b84133e1
933,f4fbdbbc5040f0f5802a093fa7662b2e9bd95c16
864,de69de1d385b4c64d1d710c869f79315944e45f5
196,24d6e96f23b29894d4e3441049a2f2f8a307d499
498,6c34155d2c5f2eb4188a772215bd8f080d75e870
1392,b0dc01b24aae9e583dd873541ab9f3eafe0b7d9a
190,6ebe4f4b82e23a8544e348ba1fe75255a3f011f3
245,66f844a404bea947abf27fbabe28643253fe8aad
1116,5c13640d05309e1a4b7fb99142546cd9bb89ee4e
643,00e3d8f9f8141d438edc817b64c8bc4ee667245b
775,ed9e993d7eb23de48c2d7133d760b1fb085d5f08
444,5a5a0c48342577696ba72d84ae41bb3d640d187f
1429,fb6408bd207a2a3053aadf1a189dff2310204b27
1006,cd02e8bd4ed8d7425eedfe37f42fa23a605f6dbd
1390,2396246c13ac844d6a9b7d9d02c7fcd779d11804
944,6e333b9dab6f2be809a73b31f492cf8bb3269b99
524,78545ff1d97693d51a718eb2992c104b025ab79c
834,298eef9ddff628a9ce6b4d2c77644f7166cec9cd
492,7c6f529b41ad78f6a37107372a7331644cf2aedf
92,558c33f6796e7159ac09ef559228fb2821709a7b
1190,be8e8a05152595c3b31e81cb2b3fcf54d951f4d3
310,3edb1a7ef4c6a2a9e7b7bb8cca1d5cf132a6c5a9
374,95e5e49d678e9c9f90fb3877746bc2e93e293d57
251,435c42923b389bb434484c6d68c7951c98c323a6
961,2282122dcd1e27747f44da7ba08e5c63a6627b0c
359,ba43564e2f1b7bdddbd49bbba9a838b206c56860
1581,6fbf3663b55def1f75fa3bed4690bf9562146921
492,cce95dafcb40da1d0163a1ca1e01f8630cf3343d
1162,fd242548372aba9051f7676ac56b8c8e5e0317ec
88,4d90718c3aea5c15291e56b0d7eb35f0db6f0717
1255,eb78d61e6f74fd1ae3102729667d605ee2b63ee9
26,dcf942cdd1c868009629cd587bb6e87ba907311d
1425,a64100d443edabe608668d4cac9f9fa0221d03af
881,c8143391050e7137a405691c59e3848e3086ff3b
1358,6a8cfcde4d862689b0b2db3a48328de4884f2776
1380,06205a6cd43d9d2fac4b59184e03d52725fde536
1652,85f9ece660407fe68ad61560ebd723a57ec761e6
984,fd355fe7b249b552160eba3ce72aee3a09ee08e8
496,5baba6ec444157370bc9c999d3b8f374d9d7aea1
1161,c79dde5a9b847c58b888d0745fd4fa86af781f90
290,833d96f4b96739118941c0a890d07c65807d35bc
683,f3609730fc992b310afe36f0fd08e4183bd53188
682,f3609730fc992b310afe36f0fd08e4183bd53188
639,a6f66312ac183a70a84c8867dc6c967d215cdfaa
944,e48eb4cb394c8dfe5ed395dd77d769792c1eaa43
613,c181b9f5f0d9b8933f1b3bce9efd9ecabaa6a362
1017,a99ce3c8370e029bd5df4b6d2a7bbe9e2f01a607
167,2b4f74cd17260e67093e77047814160634a53392
1292,cf8fec97f253a2e60db4d853231311320f612422
604,0b04779565a30f0e1e6debb6c2ce846fb1df1447
1010,b06077a7217548e3c3a7c5748dc03bf9e52015b6
479,4dd8881bff84519df3b90d8da3d4d53dea1f4b9b
674,ff31f377268456d212763b9c60d9205acd3ab1ba
708,96d93d4325208fa4fe253d294e52e983dd798beb
266,a576dc786efa69f44e396bd61b59fd412e5806d3
718,0793ce4513a5f3f8b64da9d4d3ed6355edec46d5
786,e10506d9cba0e4676a901836f0931ee0c7846c8e
944,2c2b52d9173be7b1b3284554a590fa04fa6a3d14
1138,63546f99df425b9601511925e785fec619bce110
204,eb2e0a8d196e9cb40719b32d8c0cfb1fa607c935
236,722355d56edd370827d15e7cfd974f76668256e3
817,175701cb6261ef2f5eab9878d92ba10baec32496
1661,16aeaba993556767c95a4cd59540f1d3b6992772
824,437d9189078a12efee99d52e51b5018e1786c7ca
1619,5624a96c6da94ad1c95077dbbdab71409d85770c
320,5854423a402d08048242f39d90fe2a8647a9773d
721,466f8fe8672a32afd5174d29fef56e3c66f22dc1
933,3eba6f26486dcb9e2ec03702b60a38de399e738f
350,3c36df26cc04affc269bb081740f81c1acd83950
315,36e4fc18e027beffdb85e65a2b0e1f34e9c7e4e1
666,d8ac693133622ba28da15d54bf0d5400697242dc
302,ba3c70cde5315abc5c33926bfec4bbc7cea7a79b
555,e767bb623ab4c841918ce6590f09b534f3d1ba0b
438,1084b172cadd9f83860c8e9682af5a3703939cac
439,1084b172cadd9f83860c8e9682af5a3703939cac
448,5a986a3cf882927eb65f59066161989c97ab5f36
1312,62766057cc02d6550f854f13d77dc0a6629a7ac7
1291,00d3d83ced62377a356a478bfe115c6430f4b2b3
162,00dee57638092d89b37d447da7b662bce5f3fef7
296,6958a7fe17994d1435246ea1bf232fcf33dd241a
799,7c0da9029832e3e1f2e5313cdd7e42cbff541e04
65,3aced6c72cf44d71d209c55c90abd19302f8815a
1398,67f146c86e4961a693becc49f270b1850d90ab19
1602,57429b176a94514acce5f6985a1299fccb8d115f
947,6db7f6287a5720ea3dca07c1c89da4568bb4e84e
17,3f526642caa2177107a632a131d6a9e8e5e23f0b
1148,ace4c35cbe87ed4e485e68173dc97b9a50700a69
229,a51dd9e2e16a6286aa894a9f5be23f5c046b60e3
285,5e41ea67c5a2233a3f085ad2ee494c06d27236be
396,27d33a2f42fcb583e78699a1659644e83ca93188
965,b5c65a5441eed37d532bdcd007957ed7c2e80db0
323,bf7cb962c6aff6c6b1f8bc3190245949604ad519
167,6cb5b69946c6ed51c53051656d78f2736aa7d8db
1127,e527616c988f96e3cf60fac7c1229769a8f12935
504,d2c0b5ee8d401bdab705f859e07697c3e26e3901
565,f77c2559b8fefc40c06a7090d20af00afd1e41a0
933,76e80dceb487cc9105b3e993bc9fadd65701fbb8
1667,a4f24dda8f30745e1989da7f0e1cb6baaf82cc80
1289,ed2321df8ada6e1c1d219186da99301073846810
638,b479bd27035f0222df7176816afde0b14cfe4418
236,9a47bc15ce60ac09df8a0470493fcb175258e9e8
121,4a28bda3481b8ba3140c0602eb5f2d5b3bc7031a
404,5ce11fb7735a24894cc07e0c8545e98f29b90e11
1070,dca3aab6fc8bb26513e226eb77600322d5b0e9e8
1059,3d4e6e2e0e2e2a1f8f73f7d83305ce738c5fb477
933,2153bb95b1dcd1ada274c99bdf1a5a049f7aa3f8
429,6de4710d460494ed9d4ab20766f93c609373844c
492,5528154cb7636e474428d77639b8286ccf29ca33
679,48612cb8a4081a4c70e78fb84a255a59041f021e
470,29af4d71dcaa2d95a492d5676fb6dc7a75e4fac5
1361,b4e41ba3e745dabf6024a4a6f3f44c22a01cf1b7
30,ce91768b58508f308b9415e1600a3753c8d76219
1336,bf1d130e3e221512b764f7a321ba608dd7efbcb2
556,1eb917262f980798586c3cb9c54152dbb59485f9
323,1a7b47aca1fdc8ce360bb96a44f6f91af33ae801
833,22533ae66540ba3d86167b20f859095fd640f995
1103,bbf536942a6044048b6f909dfe346268f5370df9
740,cb143232cecdeb309609edca7d073da8855bf0c2
1051,4300ff31500eab95d54fc6fff2eb5441b4585825
846,60fae60a240bfc3880717f96ee884cdccaa1c5d4
15,a77e64d71ed71cbe74a7c243379b1144d6bd9acd
1057,62eeeae391554793dac788c062588deb89ba7ed4
1339,f7d1c10588df3e31be6b88f18752b443d5102261
840,6290deb496f0974fc9a776463b810a3bb5fd947a
1247,035cd73153fa6ca2c5e521a7c16193986ba1639f
1223,bc5ca9400f45de703aa82ff051c238f75fdcc3a2
353,34c48fe4f5c540153feb70c18aaf8e745e85cf00
138,a2d1b8050942e0213828d2bc7f1e782cbe51128b
879,d8629d6c29daf985e5b0c4c8aa179355a90be9b2
172,217b964e9b54c0ed18c24d423ee4472e38ee034d
980,1627c7d181b83855271d88fcff520f02e5ebf7e2
137,075ea19c17260ac3e7bff82792a604b690259c5a
681,ece4db69918406abb86c65cd422d3f9edf71be24
1139,441c8b32dddb80bbdb7844016c9bfda2eabe577d
1497,37f28bd6472cd1700ffc16015096a53749e0a09b
1230,096d686486fb30a2dbce9c4e33ecc9875a2c0fa8
56,fbd81f33745ff6719c9542cf66fbb4f448d4dcff
291,b82d989933132c9807007147b1ef7239f00d6eb0
385,a496859f3623a36697175888f30e4af1a8e80b3b
305,a496859f3623a36697175888f30e4af1a8e80b3b
443,cfdebc84619d3df3cf52bca79dab98269d4e8899
205,135a84023a208a1c9de9bcb79da6b5ae8c3381e8
1115,0600c3786af720f261f51f916ae6624dd2193c7b
228,4c96b79ae7196ba48c36c8ae59018f061b91e9ee
302,d9e9db0c32f9c89612af72095617cfcdbfaadc0b
581,0c4bba06474f7d7b4d5e93ced45ea665b296fa75
1171,402e296c5efe03d91a8ca8e962705bc79b2b6f23
840,7ad345d3331db7a38ef100d2512f3145232ceedd
1174,1036a80ac81a092574a84b129e936dea37af5907
133,4d2a7f4b34661faac4b5316f556c749dd1b061e0
317,e7ae8b7326f3a3dd8d0efd20ffcf533e5493b895
944,e66f94b8ea6e4a3feac3aa0d92a50b593d17c647
104,a1fee6f5ae81cf932d8a262576df7aad6d3c30de
321,3dca4b59148654d617ad580a2ba7641a95d9d1a1
594,ad8b61d809b5fd15dea9ef031d14ec8055ab9a03
1500,2d1b0bf632724ceb091035582274201269cfe3e3
990,590ffede5cf8cac72c6c278b09a270bf99c13c25
1132,dda8a7814ef8ccbaf5056e76663d81dc946cd48f
436,f798e278b2589dea5f79c43d653beb65dfe88913
823,790e703706c7f0e9776bf40c76b1810fd565d669
1284,1e8951f6a806b4d2fb1b317b84db9be95d3050f6
5,5339db364918df7a20fd4345558facc5f71dda91
1010,9a15cb8d2e13b44f88b45428c37bbd6bb14eabcc
1335,82bbf156a58baa2b45a3f76ff6c886ee3fdf395b
519,71ecd11a54369ad8d98ec7a297899983b24ed7d8
979,f60ceca58810052e30842d25305941c1bb9c9dc1
582,1bed5fbdb46dc89a86e9b9d05dabde47517c3461
13,0cbf4863ba03502dedc0d6f77360224356f461ae
221,65ea79f03dc80e2c55906e1544118b4ec1c3d1a5
1151,49bf055acf29dcc1aa69bd37e97b5dfe3015e7ba
513,76059d43401ddeb8df1fb8e6e5677adcd3378b4f
33,9c76557b8c373fad8bb5c8bc91411c27abe4f0f0
26,9c76557b8c373fad8bb5c8bc91411c27abe4f0f0
363,77c59bcdf244253cf376bac1ba7d430e46a75dd4
152,4d1b7231f462d8d4a7a61566c081e6b3bae53217
1649,4cff54295d9e494eaff46a190b73bcb8d491f7e5
1127,dde8b34fdbfb0634a51824ed45ae419eff313212
688,96ea50161aa164271e335061f7730844865b8c62
1308,682feb495ad2a18716afc11eff5d9138984e5b8d
798,8193b05cccacabbcbd2a90fa5730ac7086261a2e
138,0b8a660387cee5bb573892efeeec2c31ff3cbfbb
228,ae086da2e70abb2c89d17f9bd9f8d5343b9cbaaa
1258,bf555a67db57bd27e28728cef1eeb078d592d03f
673,0e23821df0e1b0e17d1ed7b196ed5185f6d2db33
361,306b4d04e304bb63b6a50cc17af229a3865a5ec6
792,c898d272120b6d63a8b81175fad2f1e72a711310
1590,f5f54a1560c708913c30d460bec361eb71ab0bd7
378,31d93a8ac65fb0878391d88aa2166762a28ebbf4
1337,b3d25547b6232ece8e77ee034b1248aaff52f108
228,7aa6232663fa2ad6d4b2ec536bed27097b3e1c6b
688,8150e795c22e43ab7cbb5f265684bcaccc4f2cb6
219,5ce2e7d052931ef99affd50af7bd2bd6108f92e7
846,c590f1b006f6c186ea1e98e9aaea27df66f83f98
302,16937e1fd3cbf15109ecc68a34e36b95df0a8d94
221,b35b030a3d817675e6c5d0d445608b51ec8072c2
1027,3beecc0e8e48909ab17f70022adf7ee878bbe696
933,457db943e6833e90db1d800fc7ed51f59d479e58
1083,2424717bdb4309d9d6f84c264feecee09b8c52ef
1151,87a2503b48a4638a82f9b7473e9165600d04cfdc
126,206cee03ceea35d36720aacefd411eda5172dc32
446,a69d070e85313ea33c91fe9eed72e9e23bba6822
524,765834c377d7283cc4243dc91d682dc2aab98040
936,4eac2cb442d62f12e532621cbcd666a0237635f4
291,1b4e01f075d3e7d7148898c0d4127b590bc0458c
1577,fcb436d2a7ed399dd8006b3254e655634000f4a1
683,a6bdcbba056612ad4057e68c405527992e8a958b
682,a6bdcbba056612ad4057e68c405527992e8a958b
900,4c2d7deb2fe77db40b5f01ac3de09bf1283ac77c
602,306b285816c6d200e29ddc94bd13ade411978249
854,bc9aa53c3fa0409c98801bbc2a58af6d48dd4c94
167,b5707dda706b8e4be4c941f4bdc9fa06e7489116
193,baa0d69142727c3d778f4f800901b17095ab9b5d
163,2d857d59170a947427e7c353c8e57dff5492b927
1433,235b6cad6eff26bc6251a76f17308961c3997096
228,090e1886c7468c87796f92b4a6d021218e8dcd6d
1464,c20eee89c6cc669494cf7edbb80255a83e194a15
971,1de8cec0ace0a8026f8c7b4e9fd8961d7496b2ca
220,2f85f29f82b9b44509ff76de96321ace572dbb7c
939,69f324d9ed6a70e4eb7f6190b2e1751ce9dfca10
1035,7d90a581ef2c1a6059ff06403c98069211b89cee
454,5eb9b167bdaf83b2199e42e0b30576c6160629ec
922,8bac9143bda95a13b992e074a090df24be91019f
302,355a5171cfc251b15fb6491851b52223a59fbbfb
979,3bf7a1c54816fb5c055d897389ba0c37a66404ed
1084,01b6488536a3102b20e5e4d109afff3d02c77684
768,35fa73f05fa65905e4b9e26f8fdbea51d2e945f4
138,ad88a2fef2c3e26176cbe18755e7928ccfe12ad9
1147,1c16298cd7c72738519f8e5018ba16210a0f2f5b
293,e4d6877dd99b667c6fda57a6f5b914a3e03912cb
672,5fc5b6505fe3b8aab755eb8225f73ba6a73b45ef
1370,44200432b98a9e889858c818ffa4e8beaeb2c52a
793,3a16b20f8ea42778d4203e789329c178f51432a6
640,11afe576b256b9b44229348cddfadaddbb359f0f
993,092f374530822d6cbd2d4bcea5d5902b8a673f1a
528,38a69607daa70d532dfa915c01f7d70fd84be00b
763,efa490c12b86034a26c9534dd6c9459550da2e5e
316,44ce35b3e71e795862f2ba6719fed45b2ab3e9bd
599,8bf7ac422adcbc74d6d8ebd87edc39caf4eac879
228,32f5f0940dabce67113be97b15a87cbb52e5ce5c
873,faa82ce3719898058da06a1d7b0948bf326968eb
1077,b90e8466bc9a4042a648f7f73173e58e012ee8d5
637,39386b2bbfb0b6f0e0d360d262be714f86337009
251,0308bb821691c00d8cbbf4dce01e489745463a41
36,1b2e4e35ed2b2dce279160ea7b4541182b026ca8
1145,fc6c6f3777bb05cd5e2bbebf2565bcaadcd2bd74
479,172bb3bd8c83c45ba50a255621ddade9c8e8d1af
647,62b237759d5f37a0b1400655248ff4c7428e3d3e
211,504c1677cb19a97c6a9f15526cd509bb75ab7366
136,b80b5bbf6d354a1f522c25def3ca2139364ee075
358,8b8b85aa0ae824b1a04e80076ae612ef27a5f1bf
228,d3ace90fb457097c769ba996cb845395ff628d01
906,71bf817489d4f23b85d1d2ee048093e8353a3f12
1163,6b7f601ad34d484b7c63a7711d7964c0beaf132c
300,8c68b31cf5d346d001cffef9cf28b4b819c06e90
792,3be3d239e82b2f977778f3d7163c642980e34474
962,d1e5295b786f159731c348671d63520ffaf7167c
1417,f322cbc13a5f2914d8429850673612cddc23b08a
1202,a23d87a0b20b54ffb3a1a64f92e4296c13c45453
363,48d069f4559da3870ee1e3b36df757b29b781885
50,f115e352d16593675f37fa060315843d454170a1
493,5352ea2dbe1b21da0873c4ccf34b92e1840dd4d7
451,d9a3043b0459271e7bebee3ad9a0033e537acfe6
1214,99a5ce8c56a168084a5f4f0ae26ae1032bcefa79
1320,9abf7557ca81150d98dec2ac44543ef39af4f31c
626,9af07ed974ec639518d6980448ab892c6c120908
213,a240c224a1f54f8319bd1449d2b257929930fed4
992,f58960dca071c6c0d4ab46e3bb19b428ce8f0734
736,a8fb97ebd61ff4a67fa32e063e0779bdc2d46396
1182,5f8070b989f5f6f87fc41053ad91d640dbe8712f
121,31a30f043a69164157fb255d82fe498042baead1
1407,69eb75e334907b230edf6d2c7ef12b79c5216de2
1393,1c06e9db4fb2623af8953fe14ddf2a8002e4c015
1232,cfc31552094358301ab5d31d932620d599d29723
174,da03b2302af2f51253685da4030a59f5144a2ba4
1280,f43adfea425fe2a34f4c845df6fe7dbea5f68261
1608,6dd0c92ddb9dad2627e9ca5e28118865d6fba159
404,cb4a14acebd7a8d0f5fb5b14b5abea4db218a47c
630,c4597cb82df23157764baed7f8944f713316e75f
495,f747b5132626acbb320b5a384485693d522e3d2b
237,251f0e920403f47e83764e6d6cb7816f91985afb
1378,44cc7b3e9102a05aa5c963a8d0a2aba241553b6d
1357,91095865ff06c3b77efcb3d9514df10f70f95912
127,05ccf2c38c5eed0460b2cd45cb20f4439aa655d6
1006,1bdf3ab8af012cb3248384073f99c1dc69f7e97f
12,e2539dae3971d51614c892db31b5ed423ac3c2c3
504,f50b9a69bb2f072d0dced7c747cbf8f9a408f25c
456,5deeadd52fd9d781619c96fe1d93df666f2a8109
350,f618163c42a65c18c30faf6f9cbb4801ce0da3d0
23,0a7717fc02e4064b6b10275d9eafeccdcbf2e33d
1580,45d88031c8e782a624eaf6cefea9700600805647
1560,84a4bce9e4a4964d396a4ada3da35df4d842a9fe
204,496ccd066f5e8fe5e41acc0a658ece18d0089bd9
1672,94f5464b3f42be3164061030d352ffcfc78be711
954,1608f61a2092a021a28b37b1d06fbaedf8049a5a
344,9608f224f5f86cf786584c9c9524b30adf14dc07
1185,4d1f06290348faa37ce17d2739b94e47923375d0
628,6aa2bdbd288919f6ac2c97feae8a066b921c0150
614,aadc0984ea019fcc79867386406d0c3bf1037ac7
1292,f739dca9e8d666e52d7388ad53dae1293d934ae5
1146,bfd82145bfc1d94b7dfabae2bc04737929c41747
1156,ec9035c60d8133286de3a7a123d299e25d2a1991
1216,ec9035c60d8133286de3a7a123d299e25d2a1991
618,f696d3635f390a514bd708ffa762486850f55ed1
1361,018ec691f0f734aca79ba7353d6e8a2b731054e3
766,8b71fc0e7b98e5f885ef1d9b7b403b3caa586210
1501,c1086aa319a1b0fdbe8412cf88c8d67c55cee492
1250,17f63629727bc2b67fb6d0ac1b0df0f15eb6c257
600,e04d6f329b74538370cf2656d532aee41fb9527c
857,95736dde4a5285f53dcfdae41dbcb9e00996d417
291,ad11134046ff704007aab4f3d0ebb912b833edd3
973,eccd384b0ed93fe51ba4d52b70f6a701c4bad50a
960,0f5531490c8c05de53788acf1a527d461b0484f7
122,8c37a844c7dc2f67c7dc88ea42604efe324aa8be
524,16d172e920ea94ca73aa5aeaae47067cdec52be1
1258,58cc1ae19757e09389196dff605359be72f797fe
1325,921e2015ef96bc9655c9d821e051d6c0d2e99045
790,b7b518c5a85841b8019de3cd0b99804abfd6508b
1659,4b1c133325da0119e693b69811a54a16cd77aa55
987,44459bda14b550d8929728294bc9af412aa41852
59,1b4f0190db9a9b4ccbd30037b0412993de98fee4
1019,9dba3cc0501f096ef2e569829d9f18e275334907
1605,d8e0568e7ff45e5fcbccf4a5aaa2df6059c4aade
1030,214b3292a9975c7a1bf635e99e84c00290c47c47
479,b9469ab3e6d65575357c68cddc4e0ca889b51ccf
633,a13b4b7fae76062d7db63aebbde750fce6daed70
885,2f7f0dc0cfd8c31e4cfa54f397866b66c6dc2d21
910,4be0a0821ae7e3a4b61ce42d5c31ddc5395392de
640,471cb81754b3f377abd077efd57f9ae9e1978f68
982,f99a18f07f743bdde96cc08140715b6bc3312abf
1345,802233b7a22a09a81a1bc9e6f1d68d7c5814da46
863,f57e759a33a9edbcb7bfb4424a04f4889250706f
798,29a7f38810270fa45a17bdf2418c896c1594d43c
56,1ebec96319d73d39d5c2e7cb4ff2c8eacf1cfc47
65,f0c89957e530d2429c8fce291c5eba0569680d08
415,623be86e5837ae0f5f9f84d9409eda4550c2308d
667,77fa3161a89df6a2bb8688b1c4a5f1b97a474adf
846,4432e3194bc54dcbfe8fd7267c01bddd26762e3a
1388,c1adfe003ce0f50ecf5b429fcbc38277e3b426a1
1517,5f070b4312060a04e857386fbaea9a189a5a3727
1575,99fd9ba4f9673b2b2d30c2b403aaa294503cc2a2
350,477a95f84dac37242156a9a46c2a3e7088143916
521,10d666390968cba134b31b78d6c3c99b0b6164cd
167,964db4a8ae51fb0d896dcd03836c6056ff317898
1504,28fe00310d0f74a8e5c2350dc7c17bdbcb388fa1
1312,25efc4357261656d5edcbe0e2ae3852d5ebe6100
72,80161e65042a6444f521a2deb54106826385babc
922,5a2250c6e82880eb68b6f0a3953403c476486dfe
251,1b91a877acbd48141da6b1ec0f55039d0b9e7988
197,4a888f0ffca6e97571f36ab423099f074a3bd86f
755,183fa8faea7b4011ab93025a2696aa1a380f1bf5
847,dbf9bd37c7917dbfe4c594d6ea46179386d13141
494,913d44d9a87032b24b33b29d443ff0d26ab4adf0
1300,3032e7b893d56adc630134652c2377ab65920ee0
1611,379863d8f9dff8c0a42c341c68044c9c52b597e0
41,3f683ad8318cae4c7a4297a663761a85077811f8
6,ceb992ee1784703338c2c51273fc3e25a07939fa
1097,c4714d8fe38a5d44d8cdd2385942bdb773e83754
1272,81f7dfa09091102911e1707082a30b9962a60034
431,74735db0c1b9f01eb7fc39376e9de26278b3d5b6
479,8049eff6dd48dc2621219c51e1eef97dd62165c8
65,c5f77f735ec22905339dd731d1b935c743b800ba
1576,0844e69d6cbdc7bbfd54ba01dc9c829764eaeb6d
1261,6d8fbe246b46a1a935767bb4d2c8be7e27ec15a3
180,506d84d80dbcd4eb703ec6fb0370fad06fc9d13f
1213,a6f16219a25291db451a3ff20d0a604089c5991b
540,58d9bf0fdb63bfc40f13a651814e46024544b502
941,740a9c958330d665987808a6f04813c217322c55
907,3292d07fa38bd482a27eb757f3cfad5fd4e2ba1d
782,21cdb526fae3897af5fb74f5d1af2b2af5ca3be2
492,c96fa1426e231d48b8e45cc84a862920f9173784
951,3f2d65a4708c3d457cbdd9c4974afb90c2f2abbf
835,8ca83b1fd2fb101f21e5af7d471ba334420e84cd
291,42ae840390ea2453e6ee53ff466cf631bbf2edb7
1011,4aa9091ce6f5e06b4a9c21af682ab82579d203b2
401,7097e25f0f864e6e708243191e2d5b78203ecbab
849,93c7800834e57506bcfb5372a50764ff846cbb1c
270,3a70a1066390b3e10c75799d915630f29a3e4126
492,d457f73f1b2fd165c574213523b0e323ee54795a
324,cd19bd1d31acdd27b7a8de9c81d484c00999b93d
167,db4c0c4a57f87671bdaccf9756cf97bf7378d209
571,3c7136379aa22f900c7111175479be3c1d60b95b
848,bd7f364c9ad10bdec910aff5c8bb7865e45c3676
974,bbd2b7ea35a36804a2f813cebfdd66061adaabcc
981,2cfaf19221b07b57b0b42d9e843a2e464c0ead21
983,ba81a9322c8006217df919e89e212e7723cbb9a2
981,ba81a9322c8006217df919e89e212e7723cbb9a2
163,ae92fd670708da5dfab8068e4c766c4dba668cf3
1093,e7a90d186e1940ce817413eff04a6946db0238d1
498,b60177d7e2ef6a15a23ab301d4c2ff6516baf963
521,af0434f0518d9bbf53d0e22581d4591d05c9f590
1157,1d3131815cb929a7f1e580bce825c29a6848b41c
404,0497f91ce4e03a7855d500cfad0dccddd2f61d21
191,cb030aa49c7bd866727ff471615f7a697fa1065f
137,85de9d46518d60d657cc4acfe0fc44f41412b0ae
754,91ff58708329ef6112e218458a7a36746fa91cdf
1167,1e898e791b0df150485a715542793623e01e860d
92,307994c2d364e009c1432e7c34ba971131fc6ece
457,3fb713293baa218477bda020daa9f867f70dd4fb
1124,f96f852a9c77b72c2a521fa89801b202df41624a
1254,16e1e41ef34631e96d911b4a2081da6525204e5a
1364,2e5449f24d06c2e9f1006ae82c86b883d4cdf7ef
137,917cca0f238b6c33fbe7527a17cb619ae4451858
1250,727ddf6a52b5341d79f364ef6a4fed9772b67fbf
130,cc1ac9178d30a86c89336ef7ea46f9ecdf276d5c
710,a8df4a23aa6eaefea26d72a822b4710da991ea94
183,c4072b06d611145eb6a60b674e9df0db59bc3c7f
1410,ab6216f1e57a95454e39233f406ffbd7c7fe7cfb
158,a66f1a87253050d54ff081efb59fa32a1fa489fd
1672,8a1978a753192a82f602f3d791ed9946cc7bcf08
528,9b7802a753deb776492d1370a821fc50829ae6f6
150,9768420548fdcd149e5e663f37207a5b6024712d
1371,304fb0f05af390ae3e34778f42aeedf84de270f8
648,e23728debd770f4710d9455c5bb6117b3d864ff9
385,e9aaf30b941e696f7c0c5bf3c0b89007c4b02914
3,1c0d31d54050dce298524a5197acab5552694a14
1263,4cd0064939fb84bf343e3cff9401f37d8870df9f
291,d581a9e5a482283a0019bb5667dec4594c124b3b
1059,a07bfc3abfca6b81b4de537d921828e8728a3a77
178,89607ffb61c19068b1f06ea4804ebfed835acc92
1611,6530e8144f9638932092d65bbdc72faf0fc840cd
761,7c72dc4fe3d80a30d6daa9dc8b20973a176580b4
212,5a58194a49120e6c39bd7a8a762102eeeda68a86
519,cf76c3f875b935b68db345ccefc1636224487905
1148,86d269b3104c940ed8ff0d065332e0af347ac523
59,27a00869158170f1dbe1e11393b0d1f7a402bc06
203,bc440feeeef9ffe7e85ef432981db1f2e8e1fedf
545,02f8694d044b85938a56f48444743f367987ad37
1649,a551b15e2b88b32e12860f8c01e59a8999700d14
1254,6b6b8a0211bb1cf6ba201e05e687ac8c1f97666f
146,3f0e5bbbf11a0b2c16c5199a8f68825cba18e476
66,18e90285f9b79c1ccbcee9fa9493fa4c99188da3
910,7bfa45c6e870935af96622d96d622be242bb4c96
1161,8ba23091ee0eafe5f303058621cb7b86758b1629
1045,ba4bd06db2d753d75b00613ade842f5c90f543e1
1063,0fe5282a038e5e5c960912fb32569cd77c77bd75
191,26bca69231fa8be2b3e4dc4d1bd1e085196ad7a3
407,6ce1a40c38c7ed565093913fc64dad27af19cccd
184,8547de7acdd06df851a3445f59279ad30543822c
703,b4c54009ee19014149b18941b4341297ccdab562
1104,418f643b2ace74ce0cadc0e5e2d7808cd65674e3
452,c09306664f27c222f21c1528bb65848cc676dcd3
667,84f17ae48ddeaf6de637d839e4625aa32484fd00
1504,94b08db7c444d5a00929e8a52e4359cc029bf237
981,73ff886ec2fdb7598d69a930f1308ed5321e6ce5
890,33592c1a38c48efd2b9cbb042a31f94236e0b89b
920,33592c1a38c48efd2b9cbb042a31f94236e0b89b
927,33592c1a38c48efd2b9cbb042a31f94236e0b89b
921,33592c1a38c48efd2b9cbb042a31f94236e0b89b
982,d364748c74d1dda33c413cc7f3f3f86943d77696
1504,fa2972607a4ba589a4db42cfafd5293b350f671a
451,833c65998e3cf6ac33cc7068f3d689eb99e10566
296,9bcb6affd525cb9a971091e5d33c5bc549629d73
705,9d93d27e94fe0a4753a35d27c9acd1429c1f45f8
798,05cf6342b2699ecba05a44abfc5e47e680a425fe
1001,9d08db8b658fef04eadf3eae6669d9b45269640b
137,be42fe00ae95b3d750f1f95f451db445d4a47f6e
790,1593176db998dc5c62017c61c4d5c8f86de24cd3
204,fcbc54a719bdc7446d0150bbc69383e7aca25d52
1390,d15537b19c6b6d221c20567dcaefddeb39eed7f5
1463,f95fda217838bae7d40eb7be62cb20b35db64a0d
1505,e0751eaaca4bb06adcf80108d85ad0dc6cc67074
299,0083108dea189e391496e21571c3cbce225a8755
182,b119249f379db1045cfaf738ac920d319851e4bc
1258,8b194c80a6645b9dc7f0851fb33e224b553a6a37
859,d491f69bc2a6e2d0d369d84c03b46338fe886b42
1368,3186b37fb0e8a711bf07029db45fe9fc940f0079
495,22726e80d48f13e5f46ba3a0f9576e407bb7c466
362,4d434adfdc9c8742ce73ceee66c55b26920be4ad
174,5df646ece7ffe0cdb922a04eb8485aa1d7340fa3
500,8ce9787b69ef4cba6409502b71496acd4ee838d6
449,1d47b6f7b71812bba4ef8dd2ba09410dade0d063
360,03b916413c94c7e97e4176a278341b7b634ea554
1364,8552cff1d923d91c479bf0ce40fdc96543655529
749,032d3ac2a35c77b5eb29e76a3cbbde6d85cc1707
155,baa3a8c60a51a8d41ab20ebf04f3cc86636a0be7
1379,24c4921f1a3c305656229bea2ee8f21521f2a9b8
1064,f862e2b821ffc202008cb5359350194368d5ac35
539,bb54d455599d0ccd320673380e6186bed67e8f6a
1172,d95bddae46e6b9210a4c4b89d71202e7881a08db
155,807ad49c4b3fa4a4f558283cd4fa2d7d3cd9117d
1500,03a5bb61ed56daccd207d7a255956e21612cf995
1214,cb9a9eab9ff7dacd3efc7df149f2d1db6ba6dbeb
1063,7dc7e095943c1e916da88b3f5d58e8b99d3d187a
1533,524fc62e706bc71230860ff52688b2a15f01949b
1500,c96498680df551f2cbd2a4735d9408044a0c7bc3
846,45a3cc11f74c55367151878f702cda504d9794e1
632,ce3ca5ec278fc55b79491e3e3805957707e16b5d
323,5cef385e23a72350880c0d72d8f4cb2b9de5c20d
1302,31f58654d63d42bbda1d7e912b6f95efb6120627
616,f5bb6b7eadaf63e07a79e5c13a1cbbe59576538d
492,a8b77cbd6b9676ed3ec21957e4c901654e54bd02
204,7627de6a15c3e7bd9b674dca521e6d99ac6392ed
167,b64eb1cc7459f94a0140304e658e6faf97191b7f
427,b64eb1cc7459f94a0140304e658e6faf97191b7f
291,297bef58c48087d8ee321cf457f155cfd1b5a260
323,ad32b57995762e36a26edb4ab43ef10d3df841a8
374,1ec084c1bff93440ce33bd1460260b36373399a9
524,347aaedee6f7ec1e7f7f115d08d060f1d436d1e1
1676,53e5adac2f24da4ff9f3276c73e89c2b14e03916
236,2cea87aae8731be7b061c4030810b4032c491b2c
339,c9c9b5be0b3e24f31ba0ff950bd2746e4b65050b
411,7c1f5dfc55524542aebbd9958793f36585f7380f
891,4fbab15638e53ce494796260f6c291bb2926ad19
1219,cb80ec66ec9e2b4acbc94182a3c64c9c429ae043
421,2462a10ee707940b10a7fc602ffa2dfa958d0d7c
816,7be37c082b016c9477955e14462ac4c335f50d2b
1012,0a80b544349320c89b495fc2f78588297359d929
542,bd5d2f30a93f7accbf019c34e88ed47cfea0fa64
513,1bb9546ee479ee23138ccb29d5a452ade4199a07
380,2f55c85f23c6ef8829db225740f9d5f935cf500a
135,c4efb9f45815bf28b3286f4e7593767e88753f35
539,5ea5a26a5da1fcd4436ff2cfa4d634602114269e
649,281156e2c3a5a768f5fe70db3dd1e6bcd9edf152
495,0bff67012bf4fcb83a5c47d1cc07a953d512a9f3
991,51f58b8b5a066d0afabc850c19fae21b9f24ca95
1047,67d149037c651cbe2a341e2548bde70fb5fdb4dc
157,288156fb37e851730047230ab8a040193981b17a
1059,aebdfaf6f87a8b89449ba0eb5020a60ee92ab22a
664,4e75f777e8ecebf0fc36cdebc5b62e1ca9d68413
69,26034ec5a19caab64c0621c9bdd5b6e5b08b0440
1467,52d824f3ea1f1de9e371b3d7db89ae1c7f688ae2
1649,864ba1aea23ece6491acff38adab0cd1b0d29354
230,b5b5d40367d6236e415058bcc6f4dc53003541b0
761,f580dbfeaab498faad78ac0314089d511caf9b28
1500,f870a630291bd9d623b32c21f087ba19e69eb1fc
929,1371326369e3ca9b019251a19a1e91a97dcb5411
931,1371326369e3ca9b019251a19a1e91a97dcb5411
275,ebf9a4d9c26c182c26d5fdb3ea4b1f12ed19a7bb
294,dd2619f81b656b741a13f3d627044d3a4356fb8d
584,0d4cb371d24fe83f3d52f5ea60269938c4d0ab70
1139,ac0abc69d9bcbab4e7e3c2b8afddfeb2fbb2fbe6
861,215570df00da2a682f2109d85c5eab12b78b485e
165,f49424ede69e469aed8f9822e76c22142ef73852
204,f49424ede69e469aed8f9822e76c22142ef73852
738,f9af45c30cbdac92f95e62b06d53334beef1b4e2
1184,bdb1c48561578dc496d05c263b28b68d0c97e2d2
287,515a414a4ee0bc872621fd0af360d7669e6806a1
1151,c3154b86dce55f8ca318c35f97751d3aeee415aa
774,3894b57af0239b00c82284d9d268acefa81c0461
516,de48f9f96207215bf0f7962d04d2a88da2717a14
22,73ce7a109aaa05a1ccb3816f1953301d22334bd2
1113,e7011776a60d81073f21306158f3e9ed8cfc1582
947,03a94924b8c788f1b3e97114fa4d5b1167157bae
589,f3723040d134b5a8d2739f1d7c9ffb6245679e79
686,a4778a48c6f21ab6a65189c737530c5e41ec75c8
741,a2c5df682f143a82fb726c1a556cfca35f0b1b47
217,ea6519794d19f11cd2540b6e46f56f765cec74c8
1006,d94eb39fa85641da388646a5d9e8d340910f7b8d
504,981b4431e6ad7f4194687ae8b758d2b1a164c101
1498,5b0b559cb9985a10f3a206f4dc557d817bd0d085
833,d711ac12007394a990e0dbc7c5cb8426a20eacdd
1174,67e09b3ee3ada13ae709c18d010f56bfa4555d74
925,7942746edc830e88cd4ee8f55ea1a2b54d0169ea
121,40aa3e89f5ef0e82844c602615f5c54184574b9d
138,18d1a48178dee6d930c29e444c5352b6e9a548f2
444,f41456bf87a9852ad18a3a97d1494fe3336f31c5
175,9416447d0aeb84b2c4c08833d2914c377fe26700
294,a69d7b38727078309a3d630def4ee2f87337a19e
671,fad58fee36a45d473c6f919c9476f9f17e9c471c
208,3db2d4cda8c6047539fa1aceea145b15d69d6446
808,adab9e7a3f8267410330c1e9f43d6606fdcb8c07
796,ffc7fabb57ecb08220e53ceaafc6ac8b4d665860
1006,2ab5e922cf165b77a8304d9c86feb16a32baa9ac
877,3631151aa02e5df237b4f20be673d6fc5d299cef
777,318a0e8861b658726e4a4dba114a84e7a26a41c6
115,6b1176dc2e26a7c64fdfd72c7708bfdb97eccc84
355,56a7423020a6f258afefbca5fb5cdbcbd2768ae1
489,1259c968fc6f0f222b5d385c44fd8104608b10d4
513,ebc739324e931b150a73dc53f60e43105378c2ed
138,5ba24cb62939b35f5336ad3aa24119c0a74313f2
65,3172bd1bb1bf533b614e0311c3e5375205cc6037
561,cfec62fa98be0545c3a01c8fd34b2744385e1786
99,c247fa9357edf68c4d9932f1dc4110eace208483
1440,0c7c65e673848f856aefb22336af8605120c5ae7
1519,9a5bab5ef9328ec5e527f8dcfe08439d11971058
1649,670a7d219e4eab8c7735083d52cefa13e81197fb
756,856f9dfc4804fde5aaccd125e82cd3bb596a3380
1285,f2eb7e1b759bada8130cfc00b1d72d8f3b83febb
297,4097e10dcf621bcc12c69d209006a2add83fcd81
294,4097e10dcf621bcc12c69d209006a2add83fcd81
739,b4f8b6b0a85ce825ba29a83539dbfc1f5b761d43
204,86b25164d41a708e6bd852172e19f46ef762861b
1263,8460c0cbcf029beaa64f082e73d2a45f0b05f342
192,7bcfb13f086d6764f980e95c4cdb7a60de607c10
833,0c9478ece1a4161c8c0ef0a75ad42cec5c560e2c
619,75ea223e804ad6936976ef9ffd7947f45a690c75
1352,9e6098a25b1968d239502651d634f92836eed1bb
389,cdb8e6d9c9e049ff9b16ee93e745d20f59ec3b00
625,baa399cd2361dd4c6b5ca5a0357f9b18376d35af
706,d3ccbe045f29d260ad27bf364047b59b939b1805
34,e82af530b0dc26f4cdc1ce178319b4a79a7bad4a
479,41acc3f8ba9fae40948dfb7687dad80bea36a607
1205,97f6db225444438e51cbd132b572168ecd8a01e8
533,b588af39baa033efac8eba809cc899d71b5a9280
801,89720ce9c41fa68367826b482832cec7570579bc
1038,a793d3a64edc544ffe5edcf3f7c164814c4f9a22
300,9a9f6eb7574babe36103c4f743c14f0ba2d18fa4
250,c184e663bfb63164ff8217f5fbdf2c0d220ab206
1310,3a284f5eb89cf09b61b73cf6ff2711741bbacc7a
1015,0d7555556bcc4a9a5aef16340e09df54bd1e8658
546,ac28cf4841459c785e4beee061cc350ce97c9838
840,e9cc3238826c6c248b6ba69eceba6807ac9defeb
722,e7b1934536bb9dc014a744406a7122e088f2a435
1262,4aed7cce0f7ff2c34348ac8d101e706838199598
763,b59e46855e589f31a5a6e831a90beeed34e03c89
1696,1f9188d0789640a6514e1120bf4b44061a886165
509,38c0cb46cc4f0cf551325fec5def4de1e187bd33
167,0971a5397dd848f5ca34e9e65e6addefd2b7fd3f
773,c3496d1b4a5a3012d546e73079a07a137788a5c6
237,67fbb78b3ea4845b54050d9c5eac487b6df0bb8b
798,5389d76eed9ce58aefd9b08e0827ce48ca6fea39
480,69ba194af61508da5e286b5690d171e01ab1635e
1630,be5a05d126e5bf275c4bd1766962493f1c8ac342
513,28a69a00105a7f1001d4ff3f803eedbbcb8a6c2c
410,9d5bf2d5e6bcfb4cea7eb259fbe73ca740584e31
944,d49d4c8a2d8f19c84f5f7b5543d2aa427390f0c6
1493,310534319ae8df4cd95c3ff044afb6afdaee2605
1169,df39ce464b8383c05f70d46e11e6adfb2adc1ded
367,22e5cce8c07082a3b1ef039bdd445edf5c508632
138,1970d8829a0290533db5d03c75c40e5c84c0d269
1264,9152a13729be2c43f6d275c5cc7f2c845777e14b
896,846ef86fa1e40ccdec01445c5c29703107d564d3
857,6c86257f784d8e142039d5d8ff3da260c739b662
79,ff9f2f12802e1394e42934e434a28d3946a3908c
236,c8270dc4e72930ae4f1e993fbcfe44ddaf61e3b8
591,495f736df90968b6f03ae2b050cd05ea8602fd5f
882,4b2c5d37e9c6fb4636d3c931da168b6e143c88d8
881,4b2c5d37e9c6fb4636d3c931da168b6e143c88d8
1033,2cd3ea39e3dc70f1ffcffae92cb0901894bed63b
1622,9b6b2361ec0a4eacfb3700d123e02ccb6291f796
807,4a8d35ee89f9ead3854fd2c79af7b299b57cf2d4
1219,5b29d0367ff99d215d30a45355f9257df36f24d8
251,93443ba1fb1718ddf5cd82751e14fd6732a3b896
1313,841b783a043a5b122d5eb72d9b8c3195e6331001
1222,9899396f574ec686b4cd12e9d786ef98a7414775
291,233d93d401d813ae7e5de852fe7a2b7cce14e305
1306,b717cfc0d9720607517e0380eb6cb8e8ee13bde4
42,6502d605ff60847d91fc1bd7d6dd488d31d1a37f
963,da7c5b68f0777b70ed305df3f8adb0ad107dfe76
239,cfe7f01fbccc1e6aee4ccdc5ae2b435f1a6efff9
585,711ab6074b5e4ccf8092e9204abe640901ea0411
495,1bc1c14590ba8cac8eb7d2f92a46f5f400e04f73
806,7fa228fcaa75178c75c819436abd6e4c1dd55a1a
731,507af7a6975bb795b7e3d60f67a7e75e4e247352
746,e3fb0c4f3162fda964b6ad8658fb09702bc279d2
881,efb7b638eb4329ba86a8bdfb6a1b73b5d1ebeb14
504,f900e2a6e1a5a60a76757c5a61a9024a6545bcd6
1612,4de8c58624556983a6745a8841c50fb2a380e0b5
491,d84e4c0afad28a72a4d5505b8d3dc12e0454bab0
497,7be2356a7b44ff6a67ffa158525b41addd02a626
1349,95c68de3eb275c9333bd067b1ed1cf00e7fcb40a
176,90fe0a203290e1ceded177d7b354e68e9637fc2a
294,4a734131d3b064b1821a3bb25c0346e0bc30d145
792,faf0b6e325b52e0f25f7e8b657981441ac6f8608
166,758cc1bb5abdfb11484d0f3397886a4e7ef80d5c
1031,750a1a0243456b25f259dd55cd71c4a827875ab4
1166,63c81f15995fa6dfcd1c11cdd97c9b0d791ee13a
1343,abbf629a5d31dc5151bb3c394284f4773c816560
138,5820585d1fbef5cf715236ef62a988bdcf49dc39
1125,69653557a82d62ce18ac2b2f3292ee422ed939f8
1649,db624ef35c8174e9bd5a9f63f9e2957e8bd594b8
1076,a1e5c7bfc0e48f289e7de4f062a901d625f3e00c
204,e50fbd587f11650518aa304f595b20e410e8cb5a
1091,1b50c196538a1cc9223f67ac4e41927790b98638
1237,f09ea540f2e8fc0d87d110018194745c030fb482
770,ce3ac7947f5425437f449ee57205c124391cbded
937,eae542027e78732bff9a553e238683dcca08f94c
588,c36923f525ef9be0f6e11e71bc892c52734b7b99
145,287b72b3d6358a24cb725627461aa06c1fa3f0ff
1101,5a76df996586396ac28c54474668b207c9274900
320,e6569c6f9e11e2f4cdf2e12c44d1d4e6bc7b1b6e
1429,f6fd0ce109f425fd56237b92a21dec09cd0388f0
1427,9f036af1028a8456ef50102222765efabad69f01
195,ae78fc3ded0f6bea3e98218fdf94b6435f81ce1d
560,614fc76a6c650a617662f06450b52c2de30d35f0
1164,d0bed6dbb08a76ff018e0b248e2be60bccf2431c
1067,478cad97b77c6bee4c9a53685a8d7a41b5d99f3c
1217,4edc814197dcae1c4c085b326aba5c4ba5c73600
300,43a96876a6ba242db43090fec3bbdad1ba6e5bef
1574,0f4f5dec7f3a7de7161d1fabf3e02418099f4446
290,905bee382ef7039f278df955fdb89db4af23f625
1156,8649ac2655c4b6dbd0a6065e3a42cea6d6e741b5
743,b185cd5b34e9bddf5f7deac7c6af2032a1b37eb4
1023,03fca8714727e38b8efa2ea8e5320c170e11bfcf
1096,308d034c4fb0ca62239c1dd63335ebc981f8e981
294,f7dd64cedc905f6941bdb3bd794140d070d6d893
690,6634dc9a3f6e9962457d4aa7843689d7ab218bc7
148,d50182061f416656b763abcda8fb0a2e01a22bda
496,ebaa95d2ab70eab6a9587afabe554e4fe7b84426
1315,e70534f7a4ec2b54ec768ac7ab901471c449283f
1416,678525a86e75741ee6426efdd8b163b6004efee7
469,2b14be2eb134d16be0cf20704af38122a3f68232
762,ccafd1a85c81a7fda05582f7149fda5d67c653ba
251,66174ac4f0ca1882d1c6ba2538ea32de859c25e8
569,76da194b25659aab6bc5ac1ae0787376132c950e
1010,39b8c2d006a2df6c1e919d883a4d220148908cec
700,f5e773225fffa34ee6f1040c283fd81ef54b557e
159,2835555933a8bbaa78b85589471b8040bdcd981a
1343,211edf2178cd44d027ab1ec9def58d0895725c88
49,d907cbfd82e3c95f5c4871b8e36190582d2f2ea1
902,ce91968a54263986f45f74dac55f8987ec6941ed
636,f29a874f803f76c090c55db9ef02a85113773964
479,9b2c7aa28ed4e3afe1e8b74ce3f8266dc7927915
1014,d8d721acc0b4616b688bbe56b5fe5ae96dda407d
44,6a401e9da696494e2e3a2d8cce82dba326d9e8d7
278,595157bc194375fbc2f72a4279bfb9bc3ea34ef5
481,0c98400219fa906e1daf9e49fc35fc8d080df1e3
729,74f849b10c4d76281f31741a9cef48ceddcde123
155,6fc9667f092addd03c9e5a98b5eabb6561e1c395
236,d41b3609f226d921a53b69ce834a5c0a8eb1409e
47,bca581ef8a39e41b7ddba8322dc05f9d40d6e3cf
347,95b26428b0deb9e58991cc5efbf26b5275799706
678,cc8070905f4a9556fdd54cb7e9cf9ecc2c898d95
1059,be028c7a1ba0e9af8c4a761ad9d89075efbad814
1492,d8ceebe302ccaafa877d092e5d125e4bdb59b966
107,8604a31b33e343931e1eebbd0e0d4e66c58d70c3
1201,4ce12cc008e64d4c301123c13c8ce1fe007497a0
228,bd927c9fa965fcdca99cc0f525b3f3e439fbbe66
134,b530d4dc9204d42beb2197055db461b22a48d80c
65,3e7c67bd6121919ca4d19f746b07d6575ff413c3
1346,13b793cccf3662c7f5289bc383dccbede0e12aed
734,d0dbdfb7bb33326e6157cc69c0292a40dee1d10a
1181,1d6dc496f13d049caf6b2b5fab50cc9a3561bffd
65,8eb6d1df1e4420365a63dd6bb2d28c4fcd1b5cb5
992,6d9179e1497f89a3fb1703c31918f9cdf46b60a2
244,6214879061a9dd71cf9ff6027c712edcb4c45874
646,2d2e58631ae92e4e989f3114c3e37a033c003983
1427,1a9d87432110ab40723e3e21691a2f8d66a776bf
37,9aaf641bb0eb632f8c07ceff2adf2e75537c40e2
240,41f1c0445cdee15b437b94742c8dbdaa7b5ecdea
85,41f1c0445cdee15b437b94742c8dbdaa7b5ecdea
855,ac89aa3c0417e92e0e970141fee14e3d2113ee18
418,639f2dee3e127c737f3e47c821b6238bcec9fd34
1638,5197ac9e8393763dd4ed58f5f1e9f167e75d3078
1493,5197ac9e8393763dd4ed58f5f1e9f167e75d3078
221,1be812e19977fe5410bd39ea2a1561006c4e260f
88,45e0c3e4c3190bc3c708b853641d82f0e3e9db3c
661,80366ee59bc003a5cf18910340bd3d2a08d87de5
300,5b965dfcfd697faa04175f312da8bf516d5e5f0f
139,11a21dcf5e2968829930cc0810f72e77dd423bba
137,11a21dcf5e2968829930cc0810f72e77dd423bba
167,69ee3e552f9319f5fb6a8475ab55e80534146d8e
362,69f7b592116354a30de7db4fb9f979deafdfef4c
957,356bfd15aeee5e14010f0af8436f261e12f1f907
644,d023fad1ab0f9443a4d67f8924a42907d1616940
702,1f672cb7befb8f6bf553fde8c87c7e6238c2ddd7
1105,034f21a11b57b65945d017d1c6d74c3589a1f469
1415,3e9cd90fa55c6300d60b36d1d02bc9f632625412
166,fab8d87d14361db02e37ea756e9b1640b2f74ba0
835,ac83cf3753a1948364de2d1639aa8aeb2c5c76dc
792,f5cce9b0b12dbfaae57dd753e8ffe2729d300dc4
11,a73bdd42ab31a989e041f0ffe057b8bd3cfacacf
1447,62b94a582e9c2c52b6ba512304dd36df9897da6a
1242,a851ddc46955ae1fb35c621edbaed4daae7bdbd8
551,af8ebde30992f66d7978a8f5278f9e895d39451a
127,e9a5145d2277ad1f365870d60dfb081ce08fa986
566,a9234ce16d6ba605747fc641302ce68aba303495
103,c00a70c1f63ee46c9680bd9253096f241dc2a6f5
1314,0c1b4a1e07fa6be269615c08a3813af04a71d46e
790,21779d890a7c11002493849f62760e73287b5c9e
675,a3b93795bb530d9be3f7b3c2dfac8e89a6a980e2
164,172ffcdad38045580e8859c4daacefad230cf186
1074,21a9c51552b0f7ef94882effa90b072de3ff6a54
1189,e5ee197bb70a5d0458f45dc93a1f4c8366690109
1259,33af892642740f01291ea88ed30bebe2626270d6
391,01ce805e5c923e4bfd04f5e7c41c7728d5848aab
445,622a9045889e73beaaad1d23d7e7dc63fefe7780
362,a16ed788407400b1863dc5c9d9b707293a4ff133
559,5bde30b43928038e36386f77e39acb63b9005b2b
1419,d4e58278d0f406049d156c730cda6683c3529f93
1232,aeb8c72aec0ad5be73d94eb21ad4b90517e7b00b
479,555cc737089c6d6be5d390a0928464d28bee4cef
1098,03e68753602be563af8d19c9e62659ecc9cca67f
602,672b6f9cf5e46175c78b277d8c07ac88de7308d8
255,d7351ccd19765f564a4155937024c83a99e3d23b
922,ebeade909b952e203f30416486ee45b7848d1741
86,d38260349531d2bd0a9846885cc1fb3248696611
1527,d3c09ba44bdaba2fe63a3bf8badd2ea4b9f567b8
1046,1029bc039fa6b13e000efe9dbdff7800e04be2fc
790,15a7014e889513e9c4e6470a227b97dfc90559d5
1086,1e3f7aedc67c6c7c7e55afc282447387c7952f91
541,2f4ac68921f348abbebbb9e6434c9531972539a8
1006,a344c6be5962fae2f762b6a487065fbd06673e25
1059,0e847ae12d1bc62c9f8bdd16aa3a7ba942c622ac
558,49aca6b9fe5c1c4ee8005cd8e1370b9d1817dec5
839,760aec883d24d08f633ba4d2c5525372290c6fc6
65,ca7f6d9a13535e619394ec04588e143f602a8b8d
889,b285e2d2b39b64b7f5e4c43a919ffad398af0b29
1052,89a2ba02042fa9aa4eced6801bbd566a25e3c392
1199,d54c59b406def0d478e2c005e49fcfaa803f6b2d
666,ce284d8f2cd8e9ad9901c8ee9f8e277e2dc17858
842,763c94cac94ada5120cee0cd76fae21ebbff0a14
101,ed38552e1bf451dd65e14117f276ae02bda35811
1005,2fd2aed8702c9bd4490978f9c0eee2f27ba66958
718,96024a77ce7b2d271e4c84e185912189ec53bd4e
492,f02c4bc7ed3b8dbff4864949b3370abf54f34428
1287,c3e0b8c5bee2314e3c4799f7fac411f6f38a3f70
838,ca18680aa892900773be3440a58f2cd63aaf7b44
1151,8a8e10dec709e9869ab8fe411c7fc07c7a7b265c
696,a515335bbe063f612c9c09b1e0360cc5848ad396
206,b3f68574c107dffea09362cabc84e4432778f60d
764,68f00b01edd76acb20a8bb0fbb1e43070c1bfab4
701,5e191d93a23eb403d7bdee731d51be352957a6d9
1310,84059288d0fc2b645c449e04fb030872137091eb
1103,4da4468986b9dd2b4837ac1fa6796681a4c37392
528,42f7417ab4bc5ec9914b044dae2c35cbc29f4330
285,951224a86989e4c75b92d6ff21607a50caa8e433
1343,e56c7ff17a2385076e8a05f36d9a63adf4f078ec
137,781d81bf74b066208e45eadfd40e48757a9ed2cd
1394,f88d7dc297f7b72127105605cf46ecc6334620e5
1039,09ab62452c81d0423e957bc9e8ac9acb10651ac7
1131,a3baa242603d82f1cc34aec3d08562f76b9ecb03
851,8a2c0f3e24424e533b253b7110615c2ce75b043e
134,cfbf06228de52ca2f12d16238b2c2ce46a97d9ce
133,9a23b72c87ae9b41aa99f3a9e177026ed585d29b
790,9bdd41d9bdc60ad1f6d48671b1a341c33f02b8a7
1325,e8cd2306709625bd0f2ed3e4e768f510a4343b96
1318,f868a68b7eb416a6eab16c1bc5111a9304abda78
167,f7a66839cbf2b2531699d326a855a4d84564a233
427,f7a66839cbf2b2531699d326a855a4d84564a233
679,a4fc290a53eb512487388ff87d52569aa8adacc7
495,b840d2f12b7cc46c891ecbb85a7e9ca8b69f5774
1503,678957e64fb937be688c471622877103edb8592a
1292,b96e7ba8fab03745257d5feb6ab97247d6abcee8
320,40d13893127859367b9be568af7a2e444f3114eb
479,fed7d6133df15b27c2d210a784f4a0cbea7c9dda
1013,9bbc7a0c10f43a77e0b7459f1c15c4ce7addc184
1343,770b5af25e1fbeaf5b273f1c74433dacddd0104a
1173,6d16230d5548b1acd9762dee1f76b98f2727e2a2
406,3a1cc8a7de554d108f0fa5c61fcb9eeb43308d8d
1655,b988c493b562ceeaa5f82027f108c67d06c1fc19
95,794c3aea496ccf2b6a48467d0fce7d9c97608f11
902,2e2ef2cadb6d5c047e3f45356d689e8977a99dcc
138,42f986b32a3b8b65e79bcbfe345903a5708f538b
163,c21e773c0c8c3b6aa46415fb8a7bcbef6c4885f3
973,d6b1b5f518b55c045258e36bfbeeaeaf079eb456
924,3a14a77f222e7a276d3719eb9af005926bd61e39
1425,f789bd0de54514e614334b7766f07d4ab5d21129
784,22dc9fe1e12db6e672e00fc885fae24309938423
386,6dd87dbab4623a4fa35f52c13ec979c791044e38
1130,8511167483774c09fd6620b749991b5493b2213d
1310,4d4efb0cb3ce1ba12009179b38a848460cb076a8
1385,4f668dba945e2d61d62d37276a1d4a03f3b14276
1427,7afd9f4cf51c6ebde450d57ad756d7fd7e13b326
699,50fd693770212294b1c14eb9ec10324c7d99a303
895,e75074d1349574cc6c19579aadf826d831866995
1214,b35e54fb71bfcbd5563d06eea5145fab5ec9ad1d
1187,67a531e942f10611477f9ffd4424f957d41cbb7c
1345,c88c240fc6bb33a8206ede54d4bb81c25e67066c
126,98a79f4765cb4a905c38872a617df17a90195f5e
435,237ace3aa6113adcfa4e8a8049157da4818611f4
1251,7678af4d27230234c07767c40fb9ff2bf3e8e203
1488,e58f704e276f6dd736a16a2db74a8fe6a80db1c4
688,d8e91f904e3306651743e1ad2a2c48e4f3745248
1238,6d87badaaf89bdf2e76ea87aed0b1c549576ace8
1030,44bf39a9f02ac39589f4cdf542117336da43b03d
1141,553252f9dd3b744006a1fe755f9ab1785ab47e62
1014,5257bc9d294a28c83e6b50e70d1ef2026976e43f
1239,77cbd83e5504480667a57d06354421e2ed29cd65
417,644abbf6daecf009704964ac85c1bfa79f96331a
167,644abbf6daecf009704964ac85c1bfa79f96331a
872,81d64c0977a896c40e582d80724501bfd9c694dc
939,f4d9a5b22e7fac290b74717a1f78c908f211d0c4
912,07f8c0afbcdda2839164919857406066e2cdfe12
933,1ac30a4af120f511c04461f5fbef6984d4cfa806
548,747dfa4eda826821c2df5c99cd1d587ccb4011b4
262,96e6ed2248fdcdbfa263dfd55af7ee0785b2264e
879,08e65f66279f03caaa46f789f20d17d1db36c78f
1578,a8e09cd3aa1c9d6fdda2eaf84f86a06a33963658
1202,f95d551355130df5fd3d147caa6f978ca98c1de4
291,53de8dcfa25980a395af03309cfed029798efb99
495,1ead75a2ca54aae059619e9b0c033533fdda4ef2
102,a036bf518f7eeff363cb35b45208a2b2415ef195
270,2c005ed09a80889b83bbcf09972804a6c4278302
1191,812d0ba2ae098ad86fa66c92f30eb264be78debb
1574,5083f58359dd103ac6d8e72a50c53bb20a5df14e
1343,5c9a671d5f511bc01eae6f950023583f3be90182
163,73e17cfc4e178c81e47b689426aaa87aebac2985
584,41b0a8bc33964f7a1e5e186fd125cc53f1de2b52
999,9ebd317942cdfd90395785a3cad7b2f571f9bf63
65,50629d68e03c26080cbe1800f6f7a07f39b3489a
1020,e69bcbd022f59e1ec0fb6cec5fea0a742c761cf3
859,52ce4129a013933836b4bc6ba1bde282810f1959
398,aa861a5018495d48ddd16f95b4e715747db06fe4
257,7a61938f2c90c0876f6d0075adf316b246c76424
167,b7ef42cb0afc1ecc8ca280e10c6d84be4e1d42f3
427,b7ef42cb0afc1ecc8ca280e10c6d84be4e1d42f3
944,54a66572dfce70f67851b672da0662d7b1916442
204,eba097da79dfc33502becdbd84a8070666ae0bd4
790,b35c86bf5ee4b773e7cfb5a57de449fa4a828660
744,a8689591e32c8c27d74f3b0caad34e42eea1af70
1211,31cb292293bd539e29458896e78bad5d72b2b895
790,528ffcd080419a6fd5edcaa49490bb5c2260a1aa
742,69e3a649a0580f0c02536fdb9a6a79a82821475f
1056,74f9303eeaaf278c507bbabc306c6341af5fc03a
1269,3ea5a17fb5218699ae361c52a67318480d1d12be
138,4dd7df6be7d1f459b58885f7041e4cc073b2d975
901,2ead329cb23df8561510b4e3ca191cc77a6605cf
790,33414e645ee7135176fd2dd66af19b90f0df8716
1396,0fbb722b80251907a7842ee84e7e2e368dbeb4eb
502,61b5385aa74f5dc813129599bcf7e50f5a234169
1253,fab9d376a2b17d4487a75250bdf1c96908cfadf6
479,03424784c070b28b3e6ec3fcc1fab1163d1decf3
1030,c20d04cde96a1c09fa9819c870d22acb8918d906
497,d61aa504fbc7dafef58048b007d30cb081592b7d
276,520918395bcc10bdcdbe05e25708b353ffe21716
1353,072f1ae98e47b54aa751499832f60961ebe9677a
359,100fc63108740d576f3fd68687955f1a422f45c2
1332,131c84c923edbb949e2066761c88e8ea79763e99
277,7eac96d5dd658a7168d0548747fbd205d3c918ca
1390,6b1be46477855d652fef9a18b7eec86e50b9cf6f
638,b0ac9f5178fe52ed4b7e82feb610ffcb1417da48
126,26cb05dd177009b4c41a50ec8427ca4d62e20890
1289,e90d90134e9b2d32ab61a6ab31a05f84d0b816d7
899,b7b432c7f958b3feed1fd181f9bda08aa6c1865d
1511,1a42d852daa75cf9b6a78013544647be2ec2a8e3
985,c9a79471aa9b1c9ff8ce5f8695357e6dab91cd5b
158,accdbdbd5c33500cce48d3c72707d5f8ff9ce837
1464,c1ca30872c622e513e49fc1bb111bc4b8a527d3b
747,b722041e31c83db3935256bec94ed4c8120e7f1a
833,53fe357aba3194ae1cf3a28e056e948a629d640f
1202,a8d3dbd11adf6bb1255cc8c949ef004a78bddee2
1317,cd167f96b31eec1c4e7affc0f188d06c753cd39c
400,e970c0bf3293730da363416e9251930a8bae88eb
987,e64dd36ec79d1c22a6161078f5363cfb5f89ff91
395,ac6f7580a59d9a44ac8f919ffd75d1c98621aef3
1410,e93f05d642aa759cbc0a69c9e275d39167e34f8f
1662,2ff34a0ed3a1d35d5fdeef6cdc1f576931104b8a
353,bad696f525d524170087a01dadcdee0ff829d411
82,42d0bd0dc2dd67ba3bb415b8d9a1562905ea67ae
919,05f9475a731cbbd00ef871263436410e7998b1de
833,74078b68af6456a19db6ae8f7c49f52adffeae2d
460,f13030431a0c1ab2a9ce434a932a96104108000e
165,bd5593f8d027fff0c8d0e4d879d35c9876dd649f
138,8a86b759b428f0f111a589814812088f23409521
1100,b20785fc9d11868bc1c9551ce1db71ef795f9b8e
189,7f0d7748f209281a6446b85e90b55e3f2345bed6
1020,73c5336bc755373b6edc51d41abd2b6453b3da11
1281,bc8eafdd518b121fc79377b67537f7b0b08d38c7
992,4a6453cdefac463d15c02371b0042c0b3be7e556
553,07d604f2c4fdcd67dd0463e5867d01abaf420090
10,6dd23719d845436af4759fe8669154ff8074e1a3
414,c4a0cb9426b7792d4365f0e419917cf85d6e5b63
180,5a32a902bad5b56bd39193bc7dfd2b86ef11e769
223,07515446dd3ef8fe5f98e4fe3e5a430c4c5bfb23
818,bd654ca4fa9311d3a4b9db83642cbb11318c7c1e
1504,28a9e82edfe31cce0300f8ff7be4dd96262ef0a9
570,0ac86361e072ce60b5294f73f2825fca8b313752
1243,dd56a290f592281f80f0146139a2c954b98aa352
1192,0a0fddf469f3f58f74c12dc2fe47ba8d8141c161
1265,6413575104c174922ccbaa4a63f3e815c8bb90f5
1062,2b8b2a7d5b9cc726e436e28ad6ff8a5555a36a50
251,2badc2d4df05a8f4409a23ab3e48f770ccab6941
167,4f0ddbda9efb1b3e9dfbea9f2103cebd828e685d
428,0acff21d032d4e12545b84cf2d0aa92b16500fb9
651,0681eb11afbe12e512e0c475ef3e76018500c6a9
1427,c383f0b6308d5d11e297eb64be1eb0fc875bea23
323,12d0d2bee2f78680ff685415d0c1f5e4a13537ba
273,f89fd9a53ba114de0582c9a2e1b3667137273633
1042,c395a3b7e68748f88068e8c86ed81d71f77a650a
767,845cbcdd860ee1aa8817259b9b6a5415a5196275
401,22d7d31c58adfc711986028ed0e03a07f740483f
737,e1b128959e1109a067399cc5670d75393f858ecc
572,7892be34c11990b514b3e24237b04b5116efc2d3
377,68a241f6dab3971c7c00b114307b2ffe5d3f97e3
822,90987ff6c7efd130938266d8beb8fed7c61cdc6b
291,67b36047481fd9dcf85fbbd5ec15bc39c5f8c6b0
575,85ec3a32bfd7b337c8cd45aecac7494c429c462f
915,522dfbb7699cecc24babcad3394935cfb21f3a15
675,a581a13a5f3dc5688e231392dad652af1bcd6376
167,a7f82c97696625a5f0add0d2b22540141987ef29
247,7fd0c4110ee2f415041367bfde1bcf0fb5388412
757,7da117daf6873ce275cf9b6bba58e45ecc33733b
138,4020e68ad11893642913dcdf44cf824970d867bc
1155,c233f90323d2aa6413035c694154c67faf4848c2
1202,c233f90323d2aa6413035c694154c67faf4848c2
74,b4cfbe1e180e58e8cd3471c1a3372d93aa811b2e
479,933e22a2afa9bfe6a38f1f33d6adb0cee6cc38aa
1574,63b765abb305cca6d726f54549a92018754a6348
225,a435efb1a63b8530bdf120ba9965f33fda9db92f
1610,91f15ecfe5d26de36d8e9bcd6cf109b307882a32
302,60c12f9e0fbe40e9dce58a6fa5e7c6c98d402957
1409,bef1e8e81b69c968afaebd747efe07a956e2211d
1030,82534918c3cdebf610c8c49c4c4ad3112703eb64
1188,c36dc719028351db110d0acaf1fe65b846c5c258
1045,22b0c3d3ca7fb07f5abf34aab6ad3449d5b69c7b
603,9703584d0d86d8576bb02738fa31736d8bf3d8a6
126,2563b6ee1742674a54344f6a9610e88be15121c9
879,5ee07e316a372e81bae135153c1157c2ef276562
495,018a14c838427581ad2126e601c470ead811b984
452,a6f25769c57d27be81ff030704fdff22071790f3
695,ff23ffd05bc364ca91e84a9390a53673775c8299
714,5c9f8fb6e5c8330540c0c424d7fe122daa608c79
181,3af7201cb7478913993507db6cf85e41bc94f05c
143,a28cf138b3c6ff0f4ad5bd4d2f363f3b67241d8b
1109,6413ec447742fbb8a86030a7ce9cccdcc9e32ef2
388,e55e36da81c26e625ba64463d79f10a125182c8f
617,07bfa59e5a3a359136e0c565564dfe769f3f84db
237,48989a4e0740ef1a25c40e37b7716e0b505a9aea
463,bfa4da7277221d064cb00ba3af370171fef72caa
161,f5062921d65ae46431c4595d56f27b44058d2f41
310,c035a02d11ade06996f21f4d6f6231e324336ebb
26,d085b9410dd196cb65976fd984d3ca5c40063434
523,4a31f91b01b79b741611a300262e2eeb2fd12378
511,d4b792442e4be3da8acd009f90c55b761437906e
167,fae0f2d40cbbf027c303bb130fc8b48596946890
552,328a543e60954f3e7c83a58af55d15d76804991d
180,ecb08e8dd4c79d51ea8a7fcf065ce2a5f978fd5a
211,ecb08e8dd4c79d51ea8a7fcf065ce2a5f978fd5a
118,96bd5a3b13d939a82ba1aaaf2607378129bef3b4
983,dfbcfb18efe7f9371bb754dfcc12917f191e88b7
981,dfbcfb18efe7f9371bb754dfcc12917f191e88b7
495,d32f30aa0ca389f31b48067381061636e27cb5ea
250,e3fd6a4d1459d7a4893945d8cdf405d97d5a4663
1276,f75ea67e61cfbd25c2bf1dc094ae6c739831bb43
1008,d994ab807a6a08965be959d17b9ae3157fb75971
393,ae7df11dd9aaeccefcf0987a5bda711a89bcd972
138,e89736f921bd11ff0128f1d58c516b3ca312ab9e
705,e2620d31bab2ef08518d0fa0963de6ee87f6506e
897,131eb4a1f8d2865e62c97779ac59dedc365d2988
1523,92fbb7149134b685891965fb5cc5982505d1457e
222,7369cd51b31a9601c434af773ebab458e0b3463d
526,6cc884c4c6fbf0921424d4f895556d5d8957a337
412,d99b6780a5c58ee7fd4c54b2a1caa763f76c28e1
792,86352e3decdf7b1caffdbb03e11cbb3c640db8fe
402,f9406683539f5a3ecefa132ae7cb7c83e700d94f
409,69e9aa7bede6877cd792793c72c6a9b6b240eb20
1112,6a4942cd0fb2dfce2766ce070341242ea8cb9086
1211,87d4b2e03012ca44f5c0f6629b0546785d9058ee
1268,7ee9154fa43f2550ce64bb81f3e2bcbaec04feda
988,1b7d47acd8392ca5ac632a8ff6d331ac27301160
989,1b7d47acd8392ca5ac632a8ff6d331ac27301160
513,3c9538a43c1c02567f6018cf3bafbeadb49b7b65
1168,10740e3b38433f9e0be0f3edba605cbfd50f8972
294,808ea0425edd408293700054706052ecb6865985
477,b0d9fb594cc3619a4644709e91baf95d569c229d
275,fa9b2b1b24568176255b9406ac17ef0708d9dd42
535,e8b1acf8dc45ba764d6cd91c8b5e5d0a714faa1c
285,1c2d22d06acbd0a975311b36ceb8bd24bf28d952
423,f77d59d3d850cd43be4b5257378bd9cda747c767
1148,0afb32c6d15435f37711655b3099569ee4673774
1225,f5b2ef2651945b120c301bbcaea773f75ef3c3fe
886,bea695ddeee7f54b7128bc916442385bb02f0a5e
1285,7016ff63856c8deffcf11b8f932b845e04160147
488,20fbf4d2216b0c0dc8abd4ae7df4e4cacb3e2c25
556,da457338777808ee9c5b09d893f6bc76c79b6906
1410,08da3686124f67a529bfc8b00a829b7dc72a9a4e
228,d17537375235e0124eeb5ce7de5d3818c39113a3
1555,0be2ea46aa3a700e9e863d0c5f75f256ff56641b
1088,a8f16b8bf83b1bb049f5bd7a83c2d4e0c8b04925
946,c94a7d005e938476736f96e652be2b536fa61e5f
1096,ca9b6d0c814bffc8551debcf2317a60c0ab58df3
434,ecc4cc76e84a3ea80b28cbeba58e05f6e637bdab
944,b5c8c04927b8b59e64e065ff5e1422d27c2d8f71
1296,b60c9090cf6823b04b8608b4b21b003e3d5367d6
236,3aec9dc08ec9aa779de2c7058079f1c67021cb70
362,1ac13fa7f87f6c81816b53f29d048df48a55bd25
1073,0ab9b15356197e7387714484da9c1cd39a555c84
231,00dc9346a4cbb936e0a6a564d5cd556e931cf4da
294,d01c26a4b7e2845668bc0873aa9f95137cdd5c95
301,8ccc7fda37c8b75066a545e52e6b92b30cfcb929
49,70123b4fe00f19b99c098f012b77439ffe5d8356
123,995c003e124bf6351606f444a7f533806063aa02
948,2343aee681db7e70e5b7568dc809eaf39e820889
981,68826d977fb5bd94cd93382019c149030e696360
809,434b9936259ff00ac6772cbd0970e7dd1e24e24f
101,f09228b2be7fc67484220fbc260996846b38942e
675,6ad3e135004f695f0a795cadf09d39f4a1b74bbb
554,a12e609eb50890998d0ecc48e57916d7fdb92ed6
1144,f2eccdccf8066a8d140949afbaf7162e898140a3
406,7d55afa1222190ce01b893c3355e355e51b6840d
840,e107bfa88bca9b7a39e440b59382ab0396b4f368
1150,7b10d65ade075c00a5930437542aa87692c42c15
138,11e92a3c2fba0ba9fe1ac3a8b61020a4f04567e1
167,44dbc4f2acb9c5ae6fc7ae481c18bddf187dc19e
373,abb9151ccecf844fd9976158f68e2dfe89fe2f9d
1427,657803cdb7e8361bf02208ee435d8fbf900b2903
473,f443e7f5dc9263766ae2202334437e5ef82a7d4a
606,37d9cca5df12c5d6104038179f20e6d34aa58a74
593,13bd3085ad83d08efe45ab4cb20f296ee9f8c7a5
679,691bf8e65a6fe348019acc637a648b1976ceef99
247,b19e36aaac7648c3e1a932f4ad7330317301e5ae
539,86b3d6161c14fb63724323a1ee6802308bc6751d
494,a704e1731bd11c63cc4de416073a97b54ccb9fa2
1598,1f17d23f6095e67a2f8d188f4817e286cf916e98
977,dd2b1986a41c8d4423bba93064c47739be1f96b5
929,98f66f4f1c2e2b994613177fe05fa130a09423aa
931,98f66f4f1c2e2b994613177fe05fa130a09423aa
186,cad7b5ad6baf9fbbc51e7ee32cec3c4b87dfd269
1411,a2339d02b15c2e56b74ededc143e74f2606b880d
894,220e11992cc33c088c360be948c0ee5aa365e4f3
1571,907781bb856b47cb7b180484c6d4b9f55a6df038
1087,a89b08167ae581eb2907f19224ab265856cef8e9
509,2ede1c0d067dca290150c3a9be28b62743dc9130
1428,d141c8e887904122a2b3cb4bf94851e7401d807d
313,235b944133bc4c44ff168bd8659d62ba652a47f1
312,235b944133bc4c44ff168bd8659d62ba652a47f1
314,235b944133bc4c44ff168bd8659d62ba652a47f1
486,f13833ee202321d2121f2f26cd27e7f3289046f1
420,93a672ca0d1d7e0cb1cf53fcba9999c167830f50
1030,9d083f17b6a4fa099dac6783c5de500539ccaa85
12,b028bd35924aa5843e4913852c63b11e683cb27f
1554,299fe6cc217f3d62057a55140a44ada0ce6ea145
904,e6a308bebe5ee5b4c45fed6c08cc7aa83bce85f6
1292,3cc95f4fc8e167417e12def3948b13bd7e1f57f6
1298,f494f8f34cf589fe6dff8d48f5a5886452297727
708,9101588c917614dc5ff9c589a7bb935042236d0b
211,4f91f4458bef5854c6af5a051c0ef788c0e0f774
209,4f91f4458bef5854c6af5a051c0ef788c0e0f774
208,4f91f4458bef5854c6af5a051c0ef788c0e0f774
263,4f91f4458bef5854c6af5a051c0ef788c0e0f774
267,4f91f4458bef5854c6af5a051c0ef788c0e0f774
265,4f91f4458bef5854c6af5a051c0ef788c0e0f774
269,4f91f4458bef5854c6af5a051c0ef788c0e0f774
268,4f91f4458bef5854c6af5a051c0ef788c0e0f774
1508,0fe6a49d76c237bd831a27f8526c62cf1c7f5cc8
147,57139241cd217b6e910ffefd5743e8103086262c
986,bb10835b8e092fbf709ccd8c55edbd078cbd5491
167,5a06fc07904e6770abc315e7640d284598f18307
427,5a06fc07904e6770abc315e7640d284598f18307
25,c1095f4ccc9422669a97403090c20a70ae36b18a
802,80cfd1c4a99eaa250d52655daed9dd856f139e1e
184,acafdc0f0fe155b3063e65fca4f935304822b437
778,b0ccf74e0596e678c5d13cb065b3169d206edb36
634,763433cd756da7fda62e1fe6ee60a52f2c8d5221
938,15925a5bb0bed57dde21c071997d79c411068162
1693,6a3f93e6f695d12f63ef48c5e33f0d24658bd596
155,ee4a2614f4644ff8571ae32de59908d37428e5fe
790,5212d25bd0b371bd2fab261d8bcf722b3eb0b50e
370,892fb11ea0ae7ef0bea23dd782410aacd59ba8f8
875,8bc64151162118158ebc4b362be7d0f9709a065c
414,48840c1fe40e8f66ecc0b23a2ed51e4f162b1915
677,afc8abbd70f2a3c5df25ef06d4b7e52572eee280
564,5a5765179fb8e97990f6a5b04bc018b7a9cee389
1639,ec8a5a006385c0ecf25f1d982ace83bb3c41e052
289,933e150126a6935bccb45da403e21c990fa0cd46
903,c1d2cd13539c1e4c58cb013da6c63ed362720386
362,dd8ed02c858a2195d89268addc225636426c7698
819,c06c89ae80b6279ffe78156ddc650e329bcb6441
362,992f6b80321467d5114ff752b5aa31820a2d0d66
1308,2e7c3198e4d9e5e3fce876da83c3ef0d2ce6423a
926,8642b98ebd1de6e1b2286ef80d44adf959b34140
1028,d521b72eec4964d547922e357ad77f2b4fc1f06e
641,be09d7347223baab6bc217502661e4caa69de3a4
1114,acda70bccad1a506f13053e216a22c9ecfc5997c
944,42b4d33be64a2d00d2a1665697d6d2d0efee19fe
1574,dd78ed9479559cd222f24fa0be57655cf2e3075b
155,20faad6330614d077d5a567aa7b6ebdd6bad5d60
844,f56404ad6131bd06e10b57064a1795bedce39ee0
933,dc637e81642ddf1171bfaa171c15c28bc0594565
846,dc637e81642ddf1171bfaa171c15c28bc0594565
539,697a8d7493be7f6f7d2dc670ce66a1a3db641900
1240,fa5336eba62537b237df358338bc723c1398a7ea
1319,c87196e4e24a758d652b5ba36e26701c35726654
216,d63012f869c355b014b4fd9bb0866621e89b3baf
541,3bfdd3a08ea71973c5f475ceec147079b8430890
1284,125d2e386b7fc07e1b34c3d79670767f6c129fb1
1190,be945338d4cb09ecd3e165f6b322cf132fc027c0
718,d608a88d95b4a7bfd5f32a24f0c0a5d5cf6f25cf
236,fb7be38a0a27d5f0dfac48cbe150f1f479d1dc11
417,d701a675ff403aeca46f1268c7d12414ae49da92
167,d701a675ff403aeca46f1268c7d12414ae49da92
944,f656195b54f0ebddbd4c1aa65c8db22ce30a0f49
140,a8f9f8875ecb1fc61738cbd35357b1daf6bfc15b
1612,eeca175c3a838a8aaa821cbbcd8d0376bd17939d
294,b3ba49c381d8fb155b887d4eb89c828b8c0bd722
455,0a8908e73d282173a713fd2d1f81e80fe0edfc05
295,8abc960f2830891bf43a706d1dc19ab60626a382
304,8abc960f2830891bf43a706d1dc19ab60626a382
307,8abc960f2830891bf43a706d1dc19ab60626a382
593,151de0d737501af5dcfee8a21bc7d18ff6edddc8
376,151de0d737501af5dcfee8a21bc7d18ff6edddc8
871,1c9c61798fc66195dbd015df2244f90c92a1094a
430,f63257710f2caeb697f47522abe70b67296d4b2d
461,52bbdd2d32ee2440f7884b95a10a85ee5c9172ac
242,a276c6ddc72ce12b8a78b9a50f80e36a4e1267fc
202,7a01e245feaa8eb1f9cf6f2d7897b7153f829a1d
963,118c25493d2073057b0617a9efb8aa42d52da97d
792,95f836bfb22663dee1ee109512fb202b7932ecbd
790,95f836bfb22663dee1ee109512fb202b7932ecbd
521,5a7067b89828b28feeb5df964edca3d02746a15f
204,7a9ecf45a7ea742cab56c2bd87f29e096fb8bb9f
696,23722bcc7103b2253c1216aed934fa78271d3c64
792,11763fb82ee9f90de3a8114333a9ecf405add48b
12,6dbd767dac486c6c8d435eb8dda2cf55cfe90bc0
1302,fcc3260b5a1e83ef05302f2eb6b7d4fd40fad1ef
126,db362c22307a9cdb51bdb81fe7db6e380a7b12bc
47,119a39d4f35126ffd2921175e6a96367ef5adc46
1635,88520fb1b54953967f4d7e299cfd772f4357c768
513,1ce47b660e9d4605f36e8ac41681c0991a65d78f
992,25d59aa146c7edc802832cbcd5ef076ba4d92bd2
442,f30de5ca80829958171b3102f678ed831eaa46fe
1014,1526c5b9e465aaae38b90eae7e208cf41e5bd2b4
271,52f677a87a11a5d84389ad34955082776b1dcf7d
840,083eb988e4bd6426e6aedc5b60d11a199300c715
982,a93745846d1fb5b41af5f1e33810cefb9f0806f7
1301,0833411f3286b20ce1d6c936d16ab43cfa711aee
623,c4550a1812cbb5a8f6db8250c604635527bfd538
138,c7ed48699d97618399044cea050ecb4405469194
1196,ee8e393ee7a4f245861b1648966ca05adef5096f
884,b5d68c5a09af34dc79f54f81a32a36302885f127
687,a26d3b136f0c8b24904f062bfbc1d2b14448eac1
492,669b7ed603312b6bfafa3c7372f7c8c378f06f15
788,ec1110272a81664a92cdd3d7916551a2565e3b43
843,9d448811aa05a14758390f1c4f19f67b4f267559
1003,c6df97ba6352e56bb1d5a431c1eafb64366ed634
121,9e9182dca02ec2b83f25c07f5d834ea7ab818534
1106,d51e8b7358ae605e0770f6cf8ba8323503964585
1358,40907b1f5cbf02a6eb64cce11e1fcaa27f6c4f18
833,efe408bafef6edd3076d35ea85117a032d136879
723,793a170399de40ec7da6bffa15e8aeb9368fbead
1197,fc209b78248d6ee12189763df5e8a22118f06e3b
638,3e276bb4a8855734fa440845e75c9376b7a5cdcb
109,4c0f0e04f6d0b10c52c7dc4e9651ce591d1e386e
379,b4d9cc8be1c7440bbfba8473ec1dd7feaf207daa
1521,1fb3f6aeed780f0362d63bed0b52a44efcb320bb
59,9bc5b4066c95154ba5bce43559c2078a054f9cf9
1339,1cdd0956f8e82c9ffea5058b3b017bfe3fde55cc
763,e55ec3c0157b794e9d9058b974db50b19c8843e0
510,35032b8b4e08e8873ac02d96cb2a63f5b19daae3
945,d5b6b74306fac6cbcab2498e0e14b3c53b4f7a23
510,4641c87ebc5e8cd9d2764b6a17445d6ce7dc3997
39,dab28f8483ef5079b24af337fc76a1fb66cdbb26
163,f4596a6a9a6ec9839b99c747d00e16c26ef814bd
1513,497ac820ac0652031ae62b1ddef3e85f30972072
1351,e1bb0027ba261e3822d379914ab3ab4bcf7b8aeb
91,6c76f3c12a26774bee72723bc60a5188e8127e38
408,db1208973c21061f2af548ec3407ff11656d9e37
237,44127950c4c50cd2e73050856373bb33f66b4b17
405,625ea72a7aea8e20f8f82665567a7b4d12672e4b
767,4e64e04a1c742f9499710e5877218b79cb5194ba
137,abcb7f5bea440c59ae9d3e194d5323d847d62101
167,7455cab2a8cc433836f800c25d0bc3628f87fccd
270,611c3a7753cdacef3f168a8dddd4786226445bfa
1652,4ef9d31ff253aeed9795379d440f8f1439651acc
607,8efcdac10686a5776a920a9d3cc3e184f847f147
124,9125a01281b9e90412e362da9758f6b361eabb91
956,f9a9f39b05ba380e56901b78234a801b86c6e719
1151,e200147652165bb457f4b14de4ce96e96f98866d
1340,5592426ee15d7b81dcc3d8213704be47fe113227
1075,7071580d31460d854b5f1d7148c37c0c8c42c3f7
1089,9e1ffa407672020df5485c1373a7adcc2d03c1d1
1652,87c15bea46081baab98db9a0dbd480c5dac5ceb4
1364,fab3d2f6ae5aa92cdbefcf3ba5e110e7a71fd991
252,7ea6efce2294c55869d4b0441158cb5c35a855c1
1180,802464db19ab8ea041ba35f26335ba376d61c51d
665,fb7dd583e70de55c491b5582ea843faa0e89dfdb
150,0a949d84fff3d1592b27676e04ca6bb889c0920a
149,0a949d84fff3d1592b27676e04ca6bb889c0920a
643,a116dc7085f78ae025a7d13c0ff078a1c71f3f4e
104,e3f80a1ee2c6aa94be0eb183856bf1c1271a67e3
437,6fa7225686f34c8f77e843e115e2bda08f70996b
576,234b35200c18e8a143a8f4005fc3ccfe66a48e30
131,0df97e3106743bbdc8ae913b3027e7c0360e0c0f
165,7550a10b3725cf97dcfb9206499e854473520510
1200,e3ec9d80c23269e3160494575dfa283459da5e02
294,6510938993147374125229bf833dc676a5aeae84
34,5b40e01dd203d3e84bb27c6ab649e82ead952120
1389,ede812b2b7c6519cd2a4eebfca0538a65b7d7a8d
1622,cd366d17e1d9b4c001b0ffa08864e1ad5d21034d
838,f23eb85caa05801f978f54799abfffc0047a385a
1282,cd829a2c43a6866179abe58ce12a4133b932c65c
319,522ee0b5dbf30156745e9d66abb70149c4ec4cfb
256,20dd0a1bcc17d08089ef132114034345796b5925
235,cebf8bfe53fddd78e80ae24b38e468a16f576c2a
1690,a3f78bde9bf87d3d37931f878015b490761e75ce
462,8a4161be2d63acc80cacf990aadface9134a84f0
440,4799a594388ac2fd70c417b736f0f8542ee32409
1224,a3306645e446d00237e41d722e0ee74f89dcec84
403,2e4d30660950bea4610036917d108079c0bcb887
1165,c5edfe9ac7f34203ed2f26ab266e5331bc3efa8e
1072,0bce4cd90a7b8fca3da894e4abff30edd78b1804
387,cba4ea758c612ebe9b4b056e82c89bb9de6091b4
1227,dc62944247cc3dbc212aad50fd9d7243ce3fd446
1005,9c7a9e7488555d27bd7f6a0bebb4021671b1842f
138,b11989c85e8afe871e0c2b595968f2e319f44cde
441,a3f65c88044dd3d8bbb94e84cf32ca44562d2469
407,641a6993653e3f920724761ae504bd4428c9a06d
1061,1250c232a8ae93c76b28b0fa8b5267362e692d1b
580,c0f3d944047ad6c32a129b02a28822e34cc781a4
549,ae8259169fc77e5a04c38935e2ae2a9561f77de4
236,2951ca4f74fcb3636baf57d5b3599f3aa1bdea61
694,fb171d41f9e36856285a0e8bde7c683a2c899a4f
392,c92666f3a7c0ea647fb94606f45ce9b108440a44
1491,ebec1e32185bdcc10f48972f791487fe376d4c7b
60,0391850affd7975616f57601c4250764d831a42b
1292,209714387177f289273d64d48ed6141b9d5aa1e2
958,72c68828a0018a736caa596dd7fa1f92e19d7335
944,72c68828a0018a736caa596dd7fa1f92e19d7335
1595,c9d978a460203736732af546f8b88120795c5d33
729,346c98c319c0fd978f8a0959d85452848e0e0bda
99,b2a36644582be4918493f1821fd9593b1f92995a
802,3a38fb9d8c58bb5be7e2a9899788085812441b8e
1240,26e532fd792ed08203c94ef02c480708a9e92d33
587,d2915a0b38562de5b27f06e7a6ec5f6c35c9c06f
1401,700224140ffb5cda4517f2d32261612b3d29bace
721,c3fe242df3a9bd14a12014671cac30aad7c39dfe
503,013d0eb78b795ced6f6b4efe63c36f5df5a35e2a
922,5214b1d7a44e3f82d7011fadbfc748520c8c07de
361,9de8cc75b731823945df61201cf80b6387badfb6
944,554bcb9a2d7dfe1bc7c4ef2e2e9a562437c62082
557,c31a625a813efe311f4c345f364db91db365daae
536,ca920b35069f7433cc67353415de2b3780da15d1
1230,b04eba0733e756fb367109613e61cd18a3a62d81
100,1e67bf5c6abea58341d4ee3a899c6bb7cacf48ae
387,28f38a05b24156652183f01ff9bcac5510291629
879,aad970c9d687fe802709380583b76cf9bf1d19d9
204,a90e57e6faa40a74edacf8ab078174e8641c06b9
846,08734219ddb27516e4cefcf79f213d66e86dd046
290,2939520a476e10369e035f61f0bc251aefac18a1
867,bee7405746e85665cabb64201d6bb3547f633189
1028,f467a7b4e23c950e1f60a10eb122bce170c44aec
323,a1c2a058867a3fb1ae9cf0591471227f0219050d
1590,c7241d5875a933a0b58cab0ceecb8962625040b7
302,ae7e1a0040667767163631d012f24e986435f3fb
1417,4e1b7a6ebf54a444e01ffa613fe44a1f11f06e31
513,237bcbdcd40b27c1bae2d191d8b7c60bd20da72e
56,281b5f0981c1ee4ffac6bff64b8a9011e18c2034
1243,e6370c079379b5640dadb7e8f3a62068bfeac432
609,44f8d0adc2c4b3d7b4b5ce6b2eefedada51e6b9a
929,6a3f566d3d7661d6a78e92996d0d58f45d12eda6
75,4a8639d8bb0218796d7fa0b433a323c5827f4579
645,2feae277d324ec985d93624a4f34f66813e53007
41,e63dd05d6d37e241bd55346aaef5ddf6e2d9bb1f
986,cfd85f859c73b3c7899a9337bd4aeab5e1281eb7
798,3b9f63579a691838d8e8eec7af33f6f255f4dbdf
249,f518dba33d7c6116a5e65be9160fc48f61b989a4
369,3d4e6f287302a1d1e6371688829a2c007f971592
141,c7d3f6da3c4fcedd001a6587c8194cac356aff46
265,089dbf2633a6427852354881f75acecd8aa7cb54
1119,6a8de49a78333bbafddc9877685065d911604942
190,fc74924ecccd7cccb19f4f68961e1be55f22c41e
264,e244bcaa2ff6ddf4aced9f7645abaa88400a197a
160,d7b9ef38320b6b2e44e287fff4c4ad9f3cd31fc9
913,4fbfbc694a956c6e4923af27fbd42eb26467bb9f
300,ef044f501e5629fe0ac46f29b82ee4cc65b35c5b
370,ca33bc32551eb20d6480cfb544092f5acd5b33cd
814,a8be9be983ec747145ca34aa094dd4594c8ab6b7
672,3ffddc56c4d954ae8c03fb41f8cf8290467266b0
1302,09127f56c636ee637eb1f07d0eba3440b6712f10
251,1d47c52246dce73f900bb91de3dacee23cb54712
1059,0b8db82fb99bdd664a1aabed17dc338e8bc3ebc6
1005,f514c8294e6a61d8b1a345738d3870919f888e78
236,1ad2373fc111098b95ea9d2717f9380628aed007
294,a14c9cb094b7b5745ecd82110fc759c6466d41c0
878,d317c1cbd78b0d0b06464010f52a057f29eff554
1367,09b4ef12001f21f55089baf36a8a4281641cdd27
914,c586b3e013fa57feebea59b6e1cf4aab615b9b04
910,c586b3e013fa57feebea59b6e1cf4aab615b9b04
1059,5fc1b502dfd649c4c4112252309ef68f453c397a
285,fd7975f809dd543c633db145e1fde3377f867f46
812,94f64e6128ae3ba6bf3a76987b43e48e738141f7
85,2b19ed54115a1d6184eab860e5af24712fd14a0d
866,90d175e5a930b0081332ea1d2f079815fe846112
259,27632def50fc555e351c7c9d2efa3fcdf8c87337
1356,f689fadc747825d0ffa6d77350cd31e4fe74dd53
1448,2ace5ccff9ee43ab8c23665cf7d713afc3ab9331
121,298eee07f074a7a56f3232ba73bd7a450c1c6338
542,af775ba7dd35ba27f836de39a2610c1c1e82afde
246,6e3509bb26e2bbc7a5b3b2a78cf4ba0dfe1e921b
65,83637d70dd569b4cdf7d32616728ec9b7a5b8760
1232,8c539d2b051ce7f9ac6a9b13256708935b6ad44a
142,089d1329cff0a8412470b897cdc6bcd09f7a9793
863,b2e119a79c3a8ce26de523982e9a0b168fc88bc7
933,a28cf1dc0d4191ccd4b4798a2cdb27348a3d96dd
946,7c2b66444177812e26572e6d66a70e29a2855fa9
1693,8be44ab3bb5e92c664203d0974bbfc2379496281
102,25217da1dbdba7e722db741aa11f98e86e41784d
1513,d6a08331597861de59819b0f5b10e68c6dd57113
597,0de31cb5d92f79abdf1f82b4b0a0847b5f8e757f
188,f3a3d400fe8d049a4dced93bcfbb0598028c802e
243,a9cf7d817aa327399ecd3f08d6174248c3807bf5
226,fdd8ca2a2afc84395abaaaeeea16515b58e52f5c
287,4b8c8d4ae0b18e25683342d41a4950388c8bd091
590,466f319cead11e9733dbfd0d25a343627e102aad
294,96d5647f79c723715fc1f276346a56b487268a81
398,96d5647f79c723715fc1f276346a56b487268a81
397,96d5647f79c723715fc1f276346a56b487268a81
177,90ba2a1ce84581b03b04678bcc0019a87b6f4bf0
228,91456bb2aab251b8512b41b48726fe0550d25cfa
