536,07412222289affbf68941c4a23a1002d4b1d9669
135,55c5d9c5314f30f09e0b367193e59afe3c66da8b
241,4641b7e47786c153180a029c9f960d11ea912680
614,43c64b45d7c752ad1c3e5ab9cfb037063beed1ab
1779,ccb760230af23243e25a34a384285d01485d8a96
1179,be53defa9b56881097715030a5f9e0a176ffa713
1036,2651b797caf6c64710ecfb30cb81433166eed387
621,e80fe02e8c26bf07a97f51b00d186e145d4a37d4
539,2a308cb5f8b157d3ebce48c3200552ac7e647b17
478,5ac9f2f83cc2f7571966ff23a8eaacb7a8080791
102,0989f62f55ddcc7936cdcada86037e3bc33b1d97
225,0989f62f55ddcc7936cdcada86037e3bc33b1d97
598,cdd3036e6255584431b5ba5b2879ced7485bf5b7
334,13b4a39878821fddcb123211211b8114cabaff5b
1017,a011ad56c0637ea07fa3fe4a22a04f9b589b1abe
885,aaeea098d2f9b8a6860fc76790c12213507c9dad
212,e24e057585c536d1143f766d1da9112c56d45bd1
911,0cf7823f8eef3734c6e67ae9946dc8738559e5f4
330,c86f7cb6b4d6867e2ad71e7805073ce4b1edc392
1515,3624b9b4e79919919427edbb875cc4a18d3f269d
782,9d60a9ef4ae78aa3e477da7c347598f8c2d2ddc4
913,90900928869827dbd35ec2003f29bd8704a73754
948,8f927e0b7e415765f20523510fd8371b032d0391
964,8094c611721bdf50f3160ffc7d045c2cebbedded
1131,3a24a1cbde5988e4fcdc1b22108bc4060ac45d61
1099,556ff597ff431ad31d73cf9964d225c7e94b7b19
651,e3d2922263b5d5ee2a30c7472ea5f9130918e7d0
645,7ddcfe818caaf9a67136afc08ba88fb6d20f2585
1284,aa0358215114837dbccace44c81c2c38e9160646
1667,e02d94e7b4b56c1748ab4243a098262bbbe37e3b
1131,4f60796a9ed46d3c8afcd3e93c73a4663c6899f9
1339,8f06d35e4d45f4e04ed8d7beabdbd140656fd0de
932,b5615cedc98ee7023b4c6958fded26b7cc48906f
609,e45ca7b9e419b7e9f2a7cc49f00e6bea4eb09139
269,16e39a1f1aed14db9899bc13a150ffae86e5ba13
1024,1ec5b2470b7f24e7fca2aa0232e0bc67816ed0c5
215,756ac2e56c8c99ae3bed3069f96eb7ef6c55f72c
443,3f8e2d286a7a503dfe228551b5ae27b1cd982457
785,389cedc7c40f024fcf053a95c8ca807193d8a68d
1797,1dfe902885e6f01cca13cb556504e819048ea1b9
652,acc8bcf98a8522c9d0591824c22b1bd87473d2fc
891,47693c5087b8d11c7dd92753552452772201a043
278,05242040cfbc8a193734a39af88d96c6b14d7350
533,da678372e86799a91ea8d7f713e7063584a7ba35
1497,a5428fd803c1ad0f2349980cf317dc1bd0a1ae4f
1111,e5776f4db6ac1583e9144560464eb876a2b8f954
977,8f0b9342c48c0625e697105d791118cb3c8328ac
1380,444860ab6e55604621c2372a4fc3f8e5310541f7
225,a3493bad059b89fb019fbc244e1dff699bda7c3b
846,e6620455e0658538179bc70fb9004a2599ede765
916,8db57ec2ff82c4d39877fe4aef5deb59395a527c
940,17ccbaeb3cca8e45b9f81ef421e3e392dd2da804
943,de195378fa2bbb0b0420e9fa20857c76023def86
1120,d157bd9f88ab38a7592b43e3cc10e2bcda5b5a8c
1246,bfe164967193ec1d3023032691866b428f296ac8
877,483c4d93633803ccc9b28f709e156ab3ae85c538
196,a768a1a6c2a2c9bcaee444f444fc549b656eaa3f
619,74a0c350238cc92cf183f3207a9f6f89aaefb394
587,a7d37be0d122b9a74b2b777540e08b982bfb980b
1111,65504990ea6af80c67260182f43f99b2fbc52415
1779,1ab2036c56ef110b7ea0abf3b45507aed4aedaf7
1096,c06df3db4394adb1885a925ca23c97275bc14957
782,6df993a4cdbf3ede1c6c703443362786543c2d13
557,b4f5ec22294bd56de62c48f3d58eb588eb3acc64
1041,07e509b54a61bb34350509c96cbbc61f4bc1397f
1066,df6a4dc18dbbd2350481a1dfa6c5cae236c71d2a
1394,d87e07d0816a892ba7ef08d04cf2db543d82baf8
1167,cdad9e812511c7679ccec6aedf6fbf438a90a34f
868,92157522de2a5474dcced260cb5c68306afe1947
284,03db3d93b04905d3be9bd13b1d8faea962fd7d1b
877,4d39dd7c8c8da876940394103d9d9c9d745cd387
1580,ef6ea80e6814857289a5d21f7d2f49ac33a34753
91,c7202ad50504623c4fa806e5537fa279c1412728
11,2d71e28c0432673d87c24475ec9a7196ec9e64fe
867,07982fb0bb86ad8eca657ac23ea8010b89134369
769,223c07e071e1c1b230a039a4a43ab31516f871f4
1083,74b08c6f55a0a3b03669f00a2bbdbc04682b2c77
1131,431a879247ca5e9e8d041d79e520af24964cb338
486,f70be20b94d0ce0ee9fb498a44fc2f188df4f4cb
1643,dd5d7eb7a082504cf2398e94f759cb9f8770dedb
482,9315edc38232cfaa15dd631e7cf6ae7e896f4f41
1268,ad92452e960da021deabc954195297af5ccc0780
1234,d399d1335e0e6605a814982cd88edf12cfc48489
1266,6dc45e89272bcd6b6c5a69f06dbfdf6d812dfed4
742,e75ae1359f993eadf0c8f6178e78bfa4ecd1393b
334,9db4d6b783fbd1e482d51321b1b8570e5f29d19d
1823,e89fffa724b7118175424f435ca7baad34aa2c21
1198,947dd28d886f575d0f14b8adc209027feb946789
1458,be6cadf48284cab0a4601319c9c1ed18abd5dfd7
1117,af9c7899f8910e1812472966a90dde5c865df070
1340,c6711b6ad2c0788580b3cf8f31356a7088fa3d7a
667,8226cac5a16a24773be691bf2e520045da4617bb
1459,fb83831d89db608f613481650f480b47a838a3a2
930,a002eb16de60aedc8fd6a1f5d600c515b923cb24
1292,b5de501ee00ea4545149160f42626c24ca00d4f2
1274,c200a67a6e12e4c27d635e0b499c4d8c7fe42c91
1621,217be7df036c77bd2f46d613ee8649ef45699e4f
1637,217be7df036c77bd2f46d613ee8649ef45699e4f
988,64c51ab7e81ef39a3e2dbec42d5b6b77cfa8097e
991,9ea22e9eeceab5f3b2aeacae79cdc8a216677664
1529,65891e92308303cbe60a2aaf472861665d076500
795,c65ac559153e13845546c7b530a3fdf4d1df860f
1776,501035019b55ddbf4d621d1d5a7d140a28360c6d
204,d95ec2f4ec1fcd6aa79d3d48d064334992d47110
87,061c8cff4d7ea4d44d94dea41519c657de6d9692
494,424e4b80d7295c0b382c5d512b370786c8a04d3b
769,ff30fee6c76edb234b3305a40b0b633199ed68cc
929,bee26a3feb46647f5829e16d992c45dbf7461ceb
877,a2976c75fe088a60102898d1970f8e383a275ad4
908,a3de2f941cae599c79bccf4896ad4fb0d46fae03
1129,07122003e67ca926be667ab96704bf1553fbb1f9
1009,dd4fc1f55b68e34f04ba4ad50d5f77d5a0594fde
1371,0c012c8ad1493926e646659621f9920a6b43e6d5
184,ec69365c4ad9b014d442b36e9de615a489b65356
667,b9b55b61d44e1c1099a597dffc49d64c2e55c318
41,226c6693f1671d27b687d30e783922052a6c15c4
1567,0a2749d3e4a52602dc911eefda9286a91e8fd59b
1638,4de986b1f62eb84085cf0839f9caca93aefd84a0
1695,da9815d45db7b832c6e8985c93170f4d1afa7628
1516,958e4fd75507ea194f3b7ba1cd047be8824d0f6e
1447,37417fa973d91e7fdeaa852e67b4e6b57433210f
850,58202257c2732ab9c74e91134b002c097e645bd3
1268,3050c652d3d029b2b8d4582dac9accd703044c4d
1310,4f5f70b6ee362e10ce87770e7038a422dac4c051
1131,fb9c1b2784fbce4d29b1bb6221c8494b0eeb99ed
818,7e016279522dae065401dca4ccc703cf81125740
1131,faa1db0d9a70f48f47002c0cee6a502e3fa47b9e
843,cdb03eacaa31c4592a8dcfeb903f12c8a8d053db
249,1e462dca92db17d6c9341fc54ed3d0df96eb813c
32,f854a40f56d34921a7614b34752e15f692163729
474,0f19edd02675142a9505ae5d467aa31bfa58c5d9
1222,66282269a45cc1d4babac5b11540eae5ead136f0
1427,86dcf6594c1a7233b735cecf5ad7601a64ee6f42
1092,702a0e2f34ebf385dc78522fddb331cc9251f9aa
16,bee9869a58a3573a8fff656ef59652608b0dc556
793,7fe2a335950d8dcdb0d3eb734c937543d5054b6a
1198,752bb299aa1416db12d42d8f8c4bc4153f268de4
1096,de4f1b4b54d183e71a0d4b08c397a2fecc30de7f
1016,c5587d6fdc4f9bb1ef0f869de665d97904cadbd0
52,a660d7e67e18dcab8ef1510d39fbae835d5f4ab8
319,e2cd740c9cdccda120a1c53b61853b348b4c8267
427,7dcf98b6098d932b0fc4044cc93ded651b5d4818
1046,b3ed639b4ab18eab25056611c30a358d57a8725c
350,34d2ad0ab85bd64efde9ea86f8f7b5a518c42bda
952,1f3bb2e05c81f07071cc8d8401e1cba8f1b78f87
628,ad8af48bce6a8dfd06a798e554ee7c67cad38110
1411,5491b8fe6431a903b9c9f67c2209e39d3af75ab4
435,2c52e07d0c648f8472005cd65ce9a5fc4783dc5c
1128,8bb8a643e0e4b94f5b64b370c3aa7e2ee28160d9
657,82f2ac85a271612200c9206f1db5c8415bc094a2
215,4baad44d2c58c1169921e28023ebd0dfddd7c03f
783,5d1a8f97edb1b90f6e1eaeb7f87ee26a1c8e5375
1115,1c25939bc6d10b7bcb0e204f051a99a4b810ba30
704,a4c854d8f4cd64a6e4cc809e174e90e8afb9cc50
1061,e12a8681f485b9d77bd27a1debfb832fa5464206
724,439b4e02fbc3f998c3498b5e5b0e7d06457438f7
1221,b8b1b31ef4fa0e891d40a1a48c741c11dbfccfc5
127,7b8f22e4b4f745419085961cd766eab0cec4f3ab
1001,0780c67b156c9828138251d99fca56bc882596d3
1233,af6636664d4b9238c4750db3db9d6faf37607b63
1065,a3f3361d62ed2fe320a95553abaa43fb1448e0fe
885,0bbf91009681b6cec18b8cde13387f47f77dc1c1
940,0c3ad773da0512a42f0638c6dc25ad57eabab724
303,67ad0c2ad14af338de181908d6423206256557ea
1076,25577e43c03316434b9a8e357ae2d051807864ec
356,5922132b2dae6d8720c1baa8f3bae5badbad3546
1335,0316fce0a6c3e3ff956af2beb6a613634d0ece9e
716,a7b7f3ff09b9eb20a19c5f96bf2185262a025718
654,436f07d222b0aa43bea875bc7d771e507692977d
1106,d99edfb778a32425ab3ab333220df5cf1e7ba2fb
470,6445883ae8c84c7a82426dd88b6c2bf3e1e9a7f5
544,6445883ae8c84c7a82426dd88b6c2bf3e1e9a7f5
552,6445883ae8c84c7a82426dd88b6c2bf3e1e9a7f5
1103,7bd35cd45af260f1a8241dcb7bcd9f8398bf1163
1221,41365b9b3d463b3f3f453bddc9bed4fc924cd1cc
1679,d4fd5b48587c2e82c25637a2f679d32e7229a8d1
1355,8c39c1865c4c7d54797219bb209fe34c2dc62891
1060,f281cc2fc5cb8e66af5543fd3d2c54d61dc67490
224,27b64f742003f77d76c10c5cf1b0696a3355abeb
1432,c266068dd583102fe586d994c17fe81407788ff8
1352,0ce840314fee6abd364c1918c0f3ff945d364fbf
1473,016a95441571a4ceaf54ce9790057305da5499cd
203,7ab3de4a148e7468378340a30c1db7deabcbb665
89,c0267923906077bb8e95e5b1d2fa9c862c1d9cd8
1643,feba651b1abf6c45b36aaa8e51863c88c3f611da
486,37294881210b51d5b81dea122b7c18e0276c6ff5
820,bcd5649889d241dfc3b2399ae56dcdfa5abe5695
1108,8e09f7c69449ac14aa5ae5807a285355c2a4bb5a
1586,8e537ff80dddfeab34a1e85f5293a67c91967001
356,c0ca0fe37ce7346962ee724c3557d28672fa41e8
1323,dfb867f551390b2ecd9a7d997eda9c898e3971f9
958,f1e2d99d5f1a54a392332a239f977688d524814d
541,b6b170b61a503670b86c96a3c5bf91ca9891ea0f
1598,a6023766529cc7572c7a8083e4e1b7f1493168df
700,850c5eb53a22a255711108f8e68ce8d3f6a0a3aa
377,7f649a5c9c2faa7e1688282a3243ff6a36b85f95
592,f63b08fafd55b55096744b3c84c85030e4a066e9
655,63478551e0e01325f68305399cc0d0b339cc9089
1038,7e4e88526bc8b2b4bc7eca012574a9bd3a4cfce1
1121,b8bc122379ecea50c4123f62690027107543c03a
1078,3c552a1a5b1701804c778693226bbcb61689a260
331,53a2d00723cb1fe56cd3a6cce59924eeb39eb121
1338,f591aa395168a7c532629a3bcf12d49eefbdf136
581,f6cb9188c451e7c06042738b41f4d44b174314b7
1322,ff60a979684fe2e34aec5891b94c1779aa4e07a2
1328,ff60a979684fe2e34aec5891b94c1779aa4e07a2
1291,ff60a979684fe2e34aec5891b94c1779aa4e07a2
1325,ff60a979684fe2e34aec5891b94c1779aa4e07a2
1059,c7054c54096a5b5aba39cc55eb50eb9576eb6fed
1590,adce68bad360705e311e69b72320bb68389ecbbe
1478,15d6fed9410c83a95376b850054fb809cff6749f
1686,c0f72a4e98ba33066a973bff48dc9af8d8ed7988
435,426a26f940b7bbee5afbe7a83a1c2466023817e5
1711,260db49824513ea6d0e1420de4fa1bba9d7bce11
269,d307a98ae389c09def06a1b38fe54278615cd7c8
1222,3f4ceda674374254ed482b81216fb8dc8e4a0018
1577,1a5ebb279bbc3969651120e9360b75f6c9ac8b08
737,57a304ff22efae28633d7034cdc610b1617face5
939,b0dd9f5399b9eee6240672416a001bddd75ae9f7
1198,26162945331ee634c5f4bd2c659bd842951f18aa
822,799e39dd1c1f403ecd5557f1c1c3e36dbb99b356
182,d968dac7062a7fef9067cfd63ba7917f6fed4a5e
1263,ff9d25bb6cf895811cee1989066e776047dbeeb2
1234,ff9d25bb6cf895811cee1989066e776047dbeeb2
821,2515850d6296c58a0d1bd20659dac946536f1ef0
1759,b4feedcfa932a32f84444b64e32f151cba242581
436,ba9a8ed642a13ea60cbc1199734d1dd0403ec2fb
42,05f6d7baa96621dc35d92fdac318a4de82869e48
1299,153ea86cb25a002d0d502cf8859a1ebb3d0dc1de
832,fe264b8af504dc0a7287aa5acec36a3201568cd3
1255,bf39ef1e46e5aa5d68961f472609589a94c4f2a3
457,78c7e6e7809484bff917fef10c20d26fd20e13e7
1420,8a0362251f43838d3436616fd27aaae4d835c8d8
1175,cf161e7fb7bdf5dd8af09c4826f76122621ea585
1058,a3f135ce3ae40bbb39f8a92749a2957b913acd71
1253,a3ff1f4196fbc7288dbd99658ead80a790737899
174,243ffe54ea328252887ea359efbd9095ed6a0c7f
1779,cc88df0cc654cbf3c369b055dac09a1d332358e8
696,f8452f7a9066e4078cc88366f3b261d9df5abdec
1423,2cb6b9f93059cd86f54934baf1db27f89e16ce06
1398,cdadac8b77a081ccfc9b04cd98cdfa6e421a66cc
1136,9ab3a401b893fd11694c4e69c3abb1683b4599c6
864,d6fc751321c36a8f7639434d7dece295421527fc
1139,fc9db260b3bdcb84f27be740f9eef7643e386927
167,49bc320e7af49a8f49e85eadc2613fd582cf929b
465,1698f98dc011be0efae1f858f6bc0ae8763732cd
1421,f38e97e0397dd2dda8330a237d2ca8b37e050599
212,2c92033ea9dc10f67bf3a284569b12b006d5901e
1407,d4bf20fcd92c2832d8ec4e4e86f02b670e04b256
231,af2845141c43432b7e0b7dee697afb4b4f54452c
858,e973042ffcce70e95bf9d60381ebd6a78e9a955d
736,eea6efe758f4e9d11d2884a5c11efe3f472c824a
27,ed7dffa3ac2833b99de30a91baacef21117dfab2
3,a0cb736e89eb3e31d148efac4db4ed984bc34d52
114,12cc5b68c6b421c9b6c32a2745c71dadd9fd4119
1792,0a338d9040803b34be43248cdcaeafca2244956c
536,d60e0e63543648259abdb0002346bc46a49637cc
619,0460adc58fab13ee8e89bc686449baf36d692b89
1268,e1f7ab39065f39555082c05405661ea6bedba890
971,2de09b74f406021b64a52d1cd893ac29cc4710cf
350,fd2c952aaf81108684ddab45b5f5e655f8b376a0
1276,ff273a9026f7341cc4c7e11028f36c207e6517f0
1214,220b0fc7ed1f45ff2272d8d73835888680e38dd9
42,cbb4b59d00ddb86016b3d1cb3babd109760eaa20
1106,3eacf18d2b6bb3cf1092da3cb389f3faf8935409
1131,a2ea46f7d5af809b72440c81a06adebed2e1ad71
1639,775a01f85ea78076ce8158fdb2a77a6a0a517760
914,12de8af66ed1391fc1cf7677c93e56d7dff0f2cd
394,68bccfaf15e67ea1226f4db1996dd6779e1f9780
957,d5f3e7da8215dcd7d06a5a54c02fa1dd14e76a20
78,79af8be90933a68e5889180b1f4a3ca355834d8a
902,e495373abb986d2a533d11cf346c59a201dab848
286,9b0ef75023b1fef94ca2ffda7bc06d74e4964cd2
1049,5dfa92f0fae4353684731296694d2b5bdab62526
1326,cd8cd04a30f42770abcdf6deb5019b0ddb452cba
303,c5bd04a940d61f27a990820b482df270d501d91d
877,94e92db199c7d4799b46d0a7df2c0c723cd6c776
771,747286d79c0b14f79e475c8bfa92234abca7897c
369,2e90f6693ed0ab99d845a3f060e656ffe855a16f
194,59fdcd60be66209823bd7d8eca3435bf201ef1e4
1182,7fced0240e69ae9f62d71a0ece8d95b662c3871e
986,5fb423ecc67eb4727d51800811c306c54c3c4b88
667,32797b7e98e7334af2a7c6c4deee9bbf8d1217c8
1234,4ce1c1ff7069d533069808d07b9e80d0396a52d7
561,2bd63e385853a8e9bc9c5506fda4f5ecd2b8f597
1040,5d0b793fbde33e20a8404c53ac8a346e4658ad43
244,8fb5c8234caf69598118a3edc5b307ff28f1872e
20,8fb5c8234caf69598118a3edc5b307ff28f1872e
414,28321314d59a73a94c7f78eecdae822df797908b
1081,bf94741974824110e5a98581c85e0bd39ddb6116
973,00332ef8d5d8797b026fb024d109a757081bfe78
1080,645c81ae72e731f207fc2e5e26a4e4f577fb4222
1385,ca17cad720ba3952d6a8a51110348391a2b6e5b2
1051,5aae5a7c310cb51aaf9b00f4f46e2c66ae9a9ae5
102,404017ec885780b8e234bf4453a7b2c230b907b0
350,edfe32d650942c771aa4f9d3275c9ddb698cbe33
695,58ff77af3282d3ae1e99a06d238b97656560d021
1213,4ddc03a48daba57d5a271a59d3dcba75d48bdb36
1094,86409f444d2d9bbac08acbaa1c0d47d825e6c7e4
1602,4b318f801b0f4654751d381e20a670c46c4dbb3b
977,134bfb13f53ca58b64e702e7dc3bae9c717f3082
1186,3a608f9f0f68b332b00515d45d8796cd5fdbe8eb
1516,6c422d87a9d5ea76bae23df4109234ac0c9f7944
1275,fe0ea0d07d529b3b3cc824e7a792ac7fc6657b77
21,22df90615a80146dce3c7cb148bac9ef083a51b3
1435,a10d7e3e3a80874dafd4b5f057a7bf1d3b873770
1111,e31bf7c4ff9c8362e112e373cba3ad4554fb3965
465,2fad16a0bb6909a36157a007379b8b06bddab27f
517,fadc33019fae3f6c229b217eb0995d5abf392234
1342,4c82af034a348b8fc79656ad886e18587aa9acbc
1099,7c3eb75bde84619391c46ca0d6d1d07a3e9058a6
81,8d3886ea55837aa1902f6735e4319c3338f776c7
1198,a93f1196f29bfcc7f7d2ee99ac1d873085e502b7
125,964c22f6735f0e49f60e80274e59cc75486cebb3
1653,d7bbe15513787ead18a629f66be5e8ca107cb3c9
24,d29c82772bc61f95d322659e277f15329209a8ed
666,56615c01747a3f417a0b5520c1990853f9b62d8e
561,2659d1c414ada66730a2de63cd753b8b0c612a35
196,dd272c68e377cfb7c554a7bf3901f4b1f2522eeb
1248,ab4c30fa1cb8b55fa5c3aa3b483a10e8bd80a933
43,e276b718a56709809893a35b1843ab82f11be4ee
1468,6ab931b8f43513e721829440905c19ca9c934a9e
1500,ba34aedb52b00f862111111d2704cd27a169682c
745,647e3639c961de8927da1d0b720d5a44fc0d244f
838,ace05583e2701296982616aeceb247fb263c6997
1235,6cae5ce863e85af6b2f06105f86f33fbe466c181
350,a0f1abd8581e7479697c6592454b8d32fb97fb08
962,e266e73a8240b1b6039f155654b6b05fb9379974
1160,05c2e7e8cf1611ded1ff85971fbbe17396124d6c
133,97ff623fc143a16483ca363a5742a78878af7d67
437,97ff623fc143a16483ca363a5742a78878af7d67
755,62202c6934f97086f5f5919a5d577d763cb48289
1432,3dec51027dc1cf10804a2cab7c16b634a417e639
185,2e9830448e4cc42c874030abe136a393c8765d4f
648,dd03aa48c1e8c4d8d04173a1bb0bc0bb168abe2c
1798,f99a504f3c21576064a92580e54fa1a58efa9f14
20,110773d45f740e56b6075a7ba8070e3375b9418d
170,5385b58a0a2a3ca2be0f8f2f858f6c195deb768c
847,f5bb14a60d4655065ebb6f1a3e4030e0cb8a5b4f
605,ecb32860ac95a64e9ef53fc44e10f359c7509ca5
1440,be7d537c4808a9fe04a89c8956edbcc9617455df
28,e50899efd0975abf0a5be77e025586058d633c9e
182,f9e932322a17a2319eb257b677a04ac0b697b74d
886,dccf631b2967d49d3c91a98ea31853b9bc2bbed0
1000,924e7a1d27f227d1b2c19e0ca1f9c78fe398fe49
789,8b95e82906c5c52790549221d29556d6b3f12895
324,1bb9e798812cb132a52bcdc868a3dcb093f435e4
508,1b00e834f1de06655aaeb3b576042465075f77f3
1111,ff8c224f3c3cd16463df7d0e9b75507d65cff794
1722,185eb8bfee8d20bec7137b940f33b9bf1b281726
1624,1be6397d0ff40b96293b84b0d257ddc975bf300c
923,c3f8c8f6567bd997112aac7a0f26877c666f20fd
883,827da9ce256fd43113acab044ba691bb96343121
943,827da9ce256fd43113acab044ba691bb96343121
46,2caf07492f468b49955f7848a904ff2c7130b52b
536,24e2bf8fe7ee934491813d8e5f643e25780b245f
15,e195ef2914774c656f1126fd21766aeb38cf8941
1076,6963af4e2ea035089273952a5c5530d0c8e19a53
698,0aa52d79138035cfc76a1e9fe66f51a2201c0b00
1582,385a046ed6fb2b5a841dd90b94ca04f037d58e6f
642,10fdee865098e2d21a954f2c1020565699744fbf
158,4a709b36d9abea3f808c2ad7d54eb8a08dc04c25
536,613f2e68486a464510eb1988cb066a1b260b99a2
748,849714c654a310041c096e4d05669b3ac72b015b
472,f3ecb4e010266e34af242ab4ea61f707344599dd
879,7005c1c97908aa0969644d0c281ff902d0a5f15e
638,651ce464be2a1555198f53c54a0709c56d956ce2
215,220860e0d7ce1fc0ef85b968c382481de428adc9
215,013f24bca37e5b7ba8b94f8bbc0fb0e330b7feed
360,3ab63eae7dd76521dcd46aab3b81c5d3542a5f12
1583,8b091acfd7ca760b35785b65e09a37e1afbd3549
1002,3d803b39990d7896708a6ae11aec1a429b93e877
610,ba038276be5fbee22f7991fdff28f133869af4ec
556,ba038276be5fbee22f7991fdff28f133869af4ec
1153,766c26d0cf04b16f5ce8d3dc4fed8514fbacdd54
269,ceed966acdacfb333636a3cba1f5f34241fa7931
1625,f985709dd041445595783121d957da78690c3a0b
521,4ced67ccbcf8e8e6516ef58e1a72f7d1c3d3b1c2
49,e312171aa4b8195ea9cdccbb2a3dbdc80fff0143
786,dc2dbb9e36c96cec9e61afeab4c8a63211242d72
284,685ed6e6e0433261f4783a3db89e201b4cd8dab4
1275,392931a9296fd88d078d8bc76cf5e572bf372e9c
616,b71ed35b6c644acc00971ae8d1eba96bf320da85
42,3fc7f42ca88dd3fb86ce06175019c3e0971d1d91
888,13166526cadd1a692f1e2040e7f339c774e7cbdc
217,01b1b8dc12cd594b99d9a5c4ecb187d34a5fbc67
863,8fc57564cca97eddcd71c4df6a05258e15bdb7ba
1041,55f022deb1c52e2734d0edfb1be033ac57b98090
529,7724834ea3cc607cd76fac9713732e2856d2cf42
833,a04a924f3b0d5df5c2a06021de5e9ee593492a58
1142,21c7cbd3e3768737fc4cfdbc18160baacfb5cadf
1353,12ee060688c15bad840dbffb44b7fa42118ce314
489,acf5878acf34a9056de70704eeb112e74eb2b345
400,218f48b2c27d963579abb31e38ae5f00c2bb9272
228,425c267e6573cb4fc8f7583f7ea9d061f602a840
808,c4459a711bbe57ebc6b3fbcfba6d549bf2a39410
280,dfca449171cb9c377c19cc1c488f5c381d70d8d9
417,3b6522fa92fc0c80784f4bd96f7301aeb844016b
909,7a581cdbe73fc12f7abbc9401ca6e1a934f039d5
1056,12df214a0d8298916ec0909265c75dded5429c19
1012,e91fba924c8b6522525823d6c41d1bba446c3a78
428,ab26fb78253e45bdd61c01b9351e367e90813bed
350,ab26fb78253e45bdd61c01b9351e367e90813bed
679,cf1c77a79615b9a84785bec44435d7661caccebc
1111,bfd382a88c19139c082236373e52f82180d54e17
1302,682f76e4de6e9698e543c60d67f684417ceb51aa
680,b86edbbe95002d008009206fb1138b8fe5c69503
1188,16050605ac55fc449a6c02f555b13cb1e988563d
1131,c74f7308f9fbe10777f9f47d747545f4576c97bf
1296,be6b1e091b9e84484071f46d60c813fb01181dba
260,fdc9b3a31b8a32186331b5a34f7ea38f9b7d98a6
1229,897a1f57fa2732734cfa706a608f61752169f475
465,6d55247402891a882301c4d7a5d2b943a93657d2
1297,1f1aa7d69591452df4807afb32386a9b058e0eab
1367,ad483b24e834387c1f08d66a47b2da81f80d4890
970,1e66f103445afa3dd8d9fa2bae16974a6a59c228
1496,267a214ce85a8a8321802d97b62ca57b44a53aa2
844,1559ae35b31fc362df4173658466ac3fcb49a760
3,62da35c50f9c81c21af8aacd3ee65bf3a9c53688
434,ac0c24a9b743f0dbd535f0296fc6ffc45bd60e59
553,3f0f569154afc739a951c11f4995700c971122bf
651,49fe233e5aeacba6a01e82a25902f10878c9fbba
813,4916ffc7f29e93e5a5cf17a2da14a1c838800ce3
31,69e442d35ace32c7489ed3040061ff6e88a26f5d
1553,01e165e243c03e955c4dd4266c7c537f592da597
1145,aa8e014776550f0d585b3bcc78fc1eea135c0eab
918,0af963874a75a28402b8d19d590d09ce7eafefa6
940,49a77ae4d5bbc77b2b426620428c00aa7ba36ff2
667,921b70e976888c9b0eca27279f0e4f3716d12f04
1149,e01d0fa42052c3f39d9d69685f9a0fcc493d0c81
348,4175457d100892b5596e47fa170eb4c9a665fe7a
350,735170d7318d95d7f1a6abd33c58eb44eaf8ebfa
536,7e2111ce5100f589c9f5fcc4f6b1d855d420fa5f
969,4b3412e00822fe5217be76be28eed3321b4508af
1362,906e80e0cf0f1c0c529655018d5a125eeb7637e2
996,f51337bd7da3110a3025e1860a897216e5d5adb8
687,3b02864d2f47174d2334c4c3d20dbf4f1645dcca
606,3f3038f9a57f661d1748772ea936f8917dc4d6a1
335,c56273421be275a09360fc08abca3485eab7f503
135,bb9acd23f7d2950c49e9c08fba73f63537dd31a8
268,5fa29257ef6c0f27d23201394f47d7190e4af915
1722,bba5888800353f5c71250e7aad44b0b1105686c4
1767,09e4905b78d772e39761ba1250ef48b93b237d1b
768,5ab23635b90105127c4f893faa19fdf9a2fdf8a0
670,790db534ff07119be2de5bd5b1bca413240f4489
35,ce0c85ad2193263220ed2608c47749cf6034958c
901,1ae81736aa91ce7de4f40bcc7c471b335730f7ec
258,76e5773e88e94363228ab0ff2f4b25f6e885e3c7
605,415a5c419667780c22ad9d48cdac0e96de1db99a
269,3186136106887d236ee58f8e9b1cd67120057b73
503,7ed5c8f8fb75c3d9886f02676934636a8e1a0f0a
764,6140c1437138798b390f483e2bc0867c7196e36c
350,1b44633e047500d5bad1cf4dbd701f274cd60e42
1721,6396c35cd8ecb7415a1d77d50876c73b71e89e3d
1145,de9f92f51c2368fa5bd98e52fa0f70c2b0258b4a
953,f1b5f54d3700e9e054e9777a4fae0f826c83da22
595,23577a2bf9b364b64784d09de6b34fcfe7d77811
1410,5bdb676e1c0f4a2468e62a2d198bae783cae8edd
1220,e25b5ad4e3016b9bba298acea64a88edf8fd19c6
1237,f3a3114b79e13d5dc8adb15d44501dcdd23cac39
714,03ecd3d7a05b1d886f2bb2ea029927481755843a
1185,2ef45467956c8330ac9c0c97eeab3bb48b26a183
267,4bf769468ca9145f25d3d9bc3e3ff4862eea54b3
352,3440019b93641839744b85fbef542e1b1e88b5bc
39,f7f307fff8793c7b5442a43a040ad2c3b7bd288e
1695,12148d5f81befb9d2d364351673294f3cda62179
1095,ae8701eac22179fd5c74724711fe54b454e4d598
886,422c278dc9a70db3a75bc18fc48120abfcbff3b7
1465,df97a84f47288436e924a9c4baf3a8669dc7f5b0
887,a284d9ad0cd2b72250a252fb549e7aca6e1bb69b
1198,96a30fdea92111152fdd8d0c557bf03b989e2d57
1067,08bf7d6e2445f221697b0b548802bdc15b03e2b2
528,18a69806c9c7b80cae7cc345e2acd66ff677fd9c
475,30e90ffd7e368a80c2bc09e6041867d5bd496460
276,aaedcd29c29753a6c8bb948545cf5d570703b688
360,ac0db42bdd128f178350d5ddf0c326b072a19116
452,f3483bb4ceb8fe8170cc42220c1055869bb30ad4
707,7c3b68e086778014f62c9693ca1f9631da0c9ac9
886,790dd232fd6775fc31225fc1bc0bf90ee1958f05
378,1e881a71bfe4ab44e40bb7bc57dcded236c4ada4
871,175aa3ef7f0f39d7b06106c993fb58c21fa6fc7d
1635,1c4089bde8f234d0c8ca51e03443007c8dcfd9b5
1059,b7881e5c8403e792738b4ca4fa374940eb57c657
382,da6a3eecbaafe1509fe9e0d799cae25d88343ed2
220,7cea5f403012e1bf6872f3915a6604ff9c43902d
1026,adecc946d2a1dad8b029dd8041a4e3f5fc545d3d
1198,58ce8d04c7213658fddab1238e3e2d8e225d7cd1
447,01b3d1abe8eed8c3462f2646abecb9c79a2ebdf4
661,d242dd24a22dcb36731049e3727fbd944edb6f03
303,8330838ef44fc12e129cc7b11c0836647640b1bb
799,7e9644603b026be2c44fdb368907595181880ed4
626,48ab5ca9964d7683d5c52f49e52ca25a26ca73e3
695,c9a7b20b847513901dd38d1d9155a7a6954cb2e8
59,79cc969f1766f2bfbad7cc159b26b6505d120fa9
651,c09c00de53e9554aeddb159d9a097283d9516ee1
458,4230f8401048c8cc04376c0ef763aea0c81829b6
1318,489aff32c68d9f36965f11b9da2b9eb7c3cc2fea
1058,38a08225762b54485cdbaecddf2cfa5e04277402
249,8ae88f54d9bfaeabfe8aef719789bd0e70d91630
1244,23f5bcbe8a54c3c759d2c371bc23cdff9d1e4c05
515,c370c638a77924870704599ec2ae13a495228d4d
1538,c37b44e0d44e9d7bca6596137ec75608ab6443db
203,7a93e3b1534c8f6364e2b63463e28ccff1afc454
1503,73e254e2d52c8a040ba44d54ba03cd0ce221cc31
466,0737754a6263fc615fb78fd5e5faa208e8e17579
414,ada68a7d7004026350ebc2d30ae70dab8beed66e
225,671e4cbcbb54a291adb300a8b2d5f7081e201e95
1326,aa1253389e4cb6fea26bbdbd0e8be7bbc7997250
360,0f01bfa9f1f85c09b63b673625cd028269a75396
240,649bf04fc28fe3ffd41ca3c7b46dff0cd6ff9da7
1131,3991457fbf280b6e6979a8a1bf03b722f343cbdc
489,1daa06018ef3feb5d4093672e1159dcd849264b9
1135,a4d1715815e364f319eb31ab8f18ae9ee9fdfb3f
1075,4e0c983d348936aed621e1c34120c030147337f0
730,9c854d6026808d31ad5cd45ee7f9923072f8e673
172,45b355d9c406d8cf394b36a62f017c629814b2bb
330,4ebaadefd8e69b3243105725f3c5f8099938d9d7
462,3063aac906beb2ba966b52dac3307b069c19527e
942,df69e65182238f88c2e158f8764e7181e9a3d4aa
1583,4111c6af4a3dee8db285e6b1f962076dbb488dd9
446,a6a616161a6697824de9a389bef90723d282eb21
421,29db290be514735bc6000f2bc2158ec91db5fb69
1004,d06c262d0dd05ec7c5516fa4a136dbe058a8ee5e
439,fa7cd1eccd4d68e01b675d5e00be748ca7c7632a
593,769d623433beb124a1c614f3e388c13a7855b548
1516,3933510c165fed22fa547280ac2787cfd438ca92
965,20964108dff113484bf643d54f570f8047c483e7
753,4ec58767cbb0e99a773614dc1d43f45c36c90bd9
133,afd8ce07a2f6b274dc2f3d85c74a50db68d5a250
1777,660bbb96224a676427a8c97bcfecdd43dc4c2584
892,db6fc94781ef714ec05f8f1544c1ce40b355ca65
1653,0ded4820bd361d985cce825234468db55c31d799
1229,8278ce9f2cfb2c9ddfe7817c69701435f1d5689f
653,9c5c872e05cc9e34f611b8ad6a21aa0c90645091
620,a1afd28c44dbee22b8efb05ee7fe491a62327cba
1109,d3f89e2ed8bceed8483b86b2f6ff859e3308c730
1527,bc0b5288713c1665d8ae0903453c4f3915cebfed
179,564b4a6af356bc61e550c7393e4a1daefba85054
476,b2da6547c546471f44ec1c99ae70dfa150989407
181,2bd9b472a5c55ee325d34742bb1b94d7506e2876
1174,d24bc1c116eb0b1eb9e8b399c39fa515cab0596d
1352,e56cfa6dd68b6cb5412a08fb883506f065b80a41
350,ab11b7333a954a2e72d15dd016c0f9ac7c242a51
1458,f6770ad1fdd0bb6d2e59d184e3f11339e7f60c67
1615,0b75052627b3145b961ff6d938eca5b7488d7edc
561,a724789c5b5d0d0a27cfbe479bfe6240b819667f
719,b9f726be4c84c792913953dff4cc5f5a81784d8b
1361,173d94f38bd32d6d25028c641ab8e28ffdb7ab86
225,8fe2028c71c2f95edee1c0eb46a95d198476ad49
135,8fe2028c71c2f95edee1c0eb46a95d198476ad49
1104,95f3f7dac3012c879b3f6c02e22ad199465d55c5
343,2979a7bafb516222967562a56c716a9a45fcdf4c
227,fdae73cae86bc66012f00c46a7bc432d44dbd9f6
135,16626f6edcfa9f87d94ae68d5b3133cd3a0d9d44
1275,3d2e96611131c0c76b9f63cf13927eceaa642630
1116,a6cbbf56978bba502835db47659979b341444b86
1727,c272df4096eadc04737580a6f83f8d0482a6e25e
1033,1068e3450903ed054c86f3dc1fa184ca3af44d3b
198,8946c2003c2c45d362e537b6d627877b24d54840
10,6f496a7b096cfee630bf700bf8daf15118dc55ec
930,af91bed98720358c36d653f40219faa92d03bcfc
740,54da98157a9fe8f977ea89a5d593c3cce1e6af5f
493,54da98157a9fe8f977ea89a5d593c3cce1e6af5f
1779,5878e0f1b39abeb9a205fa7ffd3fffbbf507293c
1539,bade30f2f2415053c80b7375f92de6dfacfc87be
1302,2540dd3da2d4372577613bc51f22db96cf47d0ad
726,b09516f05bd695c72e92a5c7dd6b9492a13fcab4
214,3608c439543b27215071fe3cce91b0a201392a95
20,021eba2a32ad13b449c1d111946d716ea059d428
193,021eba2a32ad13b449c1d111946d716ea059d428
1447,f382433267bd988a4a974e2ac3a68018e46faddc
20,471e56033cd09a5170c8df6c1558d4027f59a756
1150,a0a83bbe5d8c4b3cef777dbb7082e8d66db0b428
1068,04ec468851f5947f9d04d869a586169709fe07e1
70,6fd993e5c19a085bd8c561893bc3d80b6b8ff2f5
1391,efc6b84771d839ee4f2bce869a3839a3cb7f5ae4
185,c583503820f92d5bb31c59211d0635dba5a7d7f6
220,f72e9efbb70140995767372a70cdef8f2f7515dc
1038,f4ed9282ce196925827dd66164e7fe0078ae28ce
974,8f7612c123698651d44fb5bfd519a4c669b4710f
149,77e1e72627d9d0ea8673dac938913055a75bd5f0
257,819cca05f24c45c7012252be2b790443349d9f2d
1479,3de883946464e4c5a23870ae9a5ba5ff161b6d50
1655,c8a3e419b451d3af51c09435761689848dcc45b8
884,2e123d19e3a9900fc121e0d4dfe361b1efa8a2d5
374,51be1d0306d7ae62da0f5f65e3bb9600ed5211d8
1551,a691f5ba42b79abe1703924f66b7c050ca91acd1
603,bc233311f54f96ad44c0b82e00e49b4dcf68f7d9
783,7db7aba6f54234e749a54743be93fe9801ae95c6
486,93c8fbfd4ea98c518275e9740701ab1d3acd56be
421,5a1141e84b22f09269cfeec4a382328b63758bba
1198,771fdee44985fec14bf1c433655be2d2670b34a1
701,e290b83ebb0396ab309eaf885f306d5d7f6255e6
283,fc13a93c828d97e473475c949989ad689e80f2a4
361,6ef38f8aa04e4baa2edbde69355fa7ef137a5786
334,258e360ce64331d63dd1eb890d942ca01ef75729
359,eef4efc52ab9f37a35b0ca08c2bb227d83d8a2c7
1427,04d9f27da320cdd4e733c393607b5e996f1809c0
1322,6f805bfc70f6ba2a1fe440a20c0338c8d67084d3
1328,6f805bfc70f6ba2a1fe440a20c0338c8d67084d3
1291,6f805bfc70f6ba2a1fe440a20c0338c8d67084d3
1325,6f805bfc70f6ba2a1fe440a20c0338c8d67084d3
334,f956d07dd1c65dab9eee89e7a97655c732b02123
335,41d6cae279d0e87889dfd9296a4f2aed526e657f
1516,962283b824ebaffbd7b0181c51a407f780ee2c5d
349,e4899c830a896b4e78093178f5c56dfef194949c
1120,843109e003fc091dd8560bea797a9994b2c1223f
280,2510c5c59f78f90ec605d64e2f459bcc2d28c348
1744,b3854d8a8705407c9e0ed5b9a0e16cc2f3b4f5ee
1745,b3854d8a8705407c9e0ed5b9a0e16cc2f3b4f5ee
1746,b3854d8a8705407c9e0ed5b9a0e16cc2f3b4f5ee
1747,b3854d8a8705407c9e0ed5b9a0e16cc2f3b4f5ee
1748,b3854d8a8705407c9e0ed5b9a0e16cc2f3b4f5ee
930,69e81505b9ef8b168cb9acdd5b4c097a0fe299c5
469,7ba2e65c610946972878a42ba965b3ce37eeb9fd
1015,fa1d1c5b8a3e154de85f760da1a183b9451c20ea
197,e8fad728b75d56e78cf8213457479f43795c900d
920,cb9f894eeef82dd02bf0bc0e839a343268b46004
601,f4b1c257ddd854fd1da2d8bc45c3de12c0da1882
532,11a226069d5078d7fcb0c87a9c208614c63983c0
1068,ef833bcccf9b4d0702f45bf6fb4548249ccaf82d
807,8b4af70fff465f209b4250ce0c10a99c7e71ca1f
1012,9001609e786659cb4fcba622ea4dd3ae0d2a9d88
996,6bc7dbed2dfb2665544090a14ffdf6875cdcf604
163,3a146d5e16d52c652bef15da3bd4916be79cc23e
1628,c121543aa5b15a22d0c5540aa8cac3faa41d40b3
819,c9e08398a5367fbc8f517b6e455513c518183cb0
996,11945bf694e9630c2dfe0459ed4328fcb73028e3
281,1fe9844b192ec18ea3bc576b7800afa535959a7c
659,c4704059ec17870c5a2dc330220b7dc60bbf5806
783,687f0ab1192335f4daeef75062eba8d8801695a2
769,c78636320e06081bb32e4784210cfeb5e396b870
1127,24eb7c833c6053583d54647e806f287da824a40f
721,c29521336b68f593b0dd49d47d52e5321b49e6c2
1446,70bb7c5119713aea3896c9f283a4b39b63e5315b
1600,0f6dfe047feea81de0a7a95d1d47d5d081e46fb1
1595,555455adbfd9f40f58bd25c60f66cf96ae28c98a
951,025ebca6d6e36beb5b73c04aeeeb1bf431281667
796,96511425c948b03b48d4df9b1f88dea57dc6d091
943,d3e53c4f95d59c9a93615a08bc64efb09492c341
430,dd8bb7687284632823fd548c952fa2e5496a44b9
844,0bff7c85da659145031da0bac2276f39437a9f34
1062,16eede3f8ac59fa3e366fb7adbe6907161df042d
1317,41ba2896f61ae5a7ea3045d5c53a5290ca904f46
536,a0859122ef72cd51cf9c4e7df50e67bed486fef9
1674,f29971bf7a6466733a44bcc4e655b3558363c3be
1081,ce8567991cca7c0a814ac152aac99f3644a08d71
572,78ebcad858bb132c118f21aeb29484d1cda23fe4
1466,5fba8586e278404fdd1640beedec8e41059b600c
359,5383bdcaf12b3c5ad55fc01c3f915821a974179b
1038,1c27ce31b154cca8394c78f1ce7c32bf3268904d
441,e9418029467153484fbe8c1c90d2b9c42c715a3d
350,e9418029467153484fbe8c1c90d2b9c42c715a3d
913,2e5a5f315c4b5db7f4f8e6707c090cea19b59de7
680,5530dff64c96df2d59f8f93a0fcb8f295a8d8b41
1492,78f48a3678c74c824903cbbbfef66b17ac130ec6
782,f197ec70804f73dfe43d5f67633667c7a284fb19
1406,7771393c036efb2af15e4a57afffb920d051f4bf
875,9795419af41550c10c3080cff99af946455e5736
1399,3992b47a2448d8b7837065d0855d7f9419df2f61
829,2366d28aa48d538f65f9f8361ffef212e1a788af
1084,698660f023934668b592286933aac04d76d336ff
1318,320fb8a5b3e34f4ad48b6f88016e3fae7120b3ec
800,19e6d20372b123b078b3d5dabedfe6d508ea7e02
794,4221cfbafa3052f5063fb21601ff290e2f071b68
249,2e8006ba6c479124d14565a70b676ae906fe8f01
90,baa22a2f1a834a6fdcfcebc688bbb67ced43916c
408,fb2e2644251b31c890b9823a17b303eeee0f3ea0
612,1c9129911dc91d203685abf21636e47b13152107
1091,dcdfec936e4a5a039e7a6e058efe9c3112814433
1501,de3f961994db9c1493c9d55f54e41f1df4cbb0f3
1198,89aa757bb80f8325f26480ea3c1a084e742e4560
266,fa5c5444d63833200ac96a1da97945d469643881
695,6990c50bbcf8c55ce782cc7eb54494a9f6571056
667,044aafe1a22c84e906b4c9dbedf39cc2855bcac0
811,14d2a4b33f309247c9079791d08f6130415d7b9c
1368,25e29061cca358a5d374b36c9ca22cd76bca413d
847,e7d49c1040e1758ad57fa030a4a7858874adea17
350,eec076ea85c940ce1e7040041a341590f4d56fac
801,65ba21ac0a90c2fa97d23e03237128f28604dee9
133,46134ae21d848e220210faaa85d6e15d5e0a94b5
1602,d9a8ee126e0860d19c13fb538eff6f500fbd8a6b
386,a0cb13187207b01222f4e2c963a4a4afd2f695a1
1821,c7bf0a5c4b3375ad44753362cedfc7173a7aa3cd
554,67d240de0bc8e12db77ea4bb1d3311c7d074473c
469,94abe322bee709b1dfce69ea290dc4fda111fbbf
389,0758079351b8e3829aa2184e0043272c3b302572
920,5c0a86915245954bc2d25986756a6b3905a90200
779,ea4933dc7bc53dda342c0e0e7f2bfab14b262df7
1595,3ee57881fe966ae154b2e172b005573f8c2226c1
424,d01e0d5fe878010a4dd970595ed2adc769dd7719
1051,bc490109e3893e536299b22d38b29df1e4fb91cd
485,7a35d2d71b6c7631b8aff285a45f543143468e1c
199,64d092a6ade6d4f2d6a1191509ccaef0f2bde358
863,f099335db3da35ada33a9c7eeeb4ffeafb75f725
1358,079f2810b873978a4bbbccf5c4a7f827eb6d450d
998,a9ecaa5d804270cc25783e5dc3d3157de0e3551a
1094,e1ae359c94cabec39d419b35b3059ae42c22596f
1080,75eb8989259bedfff26a0a1f00752b2bec2dd0bf
1348,47e839576e62881ebfde776f977d74bd189b8417
924,896853538e4b7d19b430a8c531089f109832bb7c
1286,0f7240f80fcdf190eb127b28ee14506742cf1822
1166,bae0bf2b61279f5982f513eab39178e0b76be8ae
1692,67fd4c7d05228937ce9009595f673aa37d1fa0f0
911,73c898162e7e6e77e226c12d26a3f1b61c378d91
230,d9ad9ec2943ff71878d0edd31d44e48d9b0eaf1f
1651,062b543d1a6d6b6e767ebf66d9aa122eee34ab9e
24,8edec97172b53c9f4fbcf47fd0ec2adbd102ba54
1450,ca9e55adebf0f0c1d288d581e5eb9baef867f503
1087,25f66af9b3d1ed9ceaac0eabefc17420c1c77449
1050,36c2743006b911374096eb5b37aba1c6b85d53e5
898,7d0da80ba003b93e5378c4c57d5d3506b5f20be4
708,16f5722c6d145963ef330b2a3ea61e646ab2f282
44,ea9b25746a64b43de764409ff9f4b6e4de7667c3
104,4d09da4da1c60de76e4955b5d25ab422fc6b6631
20,a4334934ff4c5d6029fb9ae24c757b7eef831068
605,9ed090b9d121fd5044ece358144f4a35d607b240
1260,12e74a920fa27c50073bd1019385cc83e7a66376
746,1226e090384925884ef951876b582386c95d86ee
956,ef208da9f101429e6622f5bf1522e8862ea75927
42,3f423f0d4b55160dd94015cf16474aff6e836df2
303,7ef1d16e26b7f819cc191950cdd2e4f12a5b172e
142,7ef1d16e26b7f819cc191950cdd2e4f12a5b172e
226,aa5ca3173e6ae0df1031194a73e29c9b110a1082
1124,4a32ad5c3410dbd887754557e7506f45088fe40e
68,085dc0fd63f297eb592cf88b492a9c51c76797c7
467,d62e6cfbb5532b975aefd84ec4ec433cf18517b1
940,bb12ce77e8dc4a37fead8f8b380a3ef695dfec43
658,6bd8907a42ed62e3ce5ac79546157301d3e42fe0
292,1412330cb80656ccf6b49f8c2f9a836a0ddbc1ec
720,bbd4623b7a806880ed82cb00eadc75e97b095add
614,33c4f9df1a4c5e03814570967eb289029c547b2f
1601,482290a8d60679a47a8c40d44e931e66bc8e9ca8
82,532360076c882d0ccce5485209d6bbb4ff148f3a
872,52c3ea411ff2367274fc3c310711af52287779e7
243,9a1b88a472f5cba7ce90b4d301f6b84f2e2432d0
1120,cf9ab13f5fc96790e2e4d3f18ed68c10ed2cf4af
413,ab0f8b74f0fc43bd25665d49b1514744cdc671ae
663,b9d085993b2ea27257782ee45969295210f1f202
877,562f41d50f49a0c4bbf58a468f7d7e057300634b
545,7f4c53f177773f1e515d3a1608b24c1fb595be18
37,d44e05380a87f3e8906d0f1041e120db35828e33
823,d9cef59ee2d85223fba6713c5acb5a7b8a43f32d
622,91ee69a1c454a6702801bb6073bcb2c3b3ed4636
925,a5e52791f99bb1ff6b89860739e621fd19e23d6d
133,a9b0fce8284c874364122ca7729e984d51b79bd6
778,8346ce1806a3c83d23d6ec53547bac728f0f4c82
1592,c340df15c584d6b96f90bb2d77c96ddef8206e73
938,caf8f560a92ab697471a3f84bbfa91fe2f733447
215,746c38e7e29f3d50d13ce96067eddcc863c2eac9
202,54f9ef1b6473d35b5e0751f950d88d7964b1a117
667,23a7b2184edfe6b3a3921b333ec44290a6d3e6b6
950,441756b2cd2bbf46188843ed2842aac5038737e7
18,26c4d69e4d23ebdc1b594dcaf09497ef788008e9
135,8ffba28fc8757594d711f67d19493fae1431517c
1275,c88e0e8f9ddab0b656d6c2d3ca24532b0cd7741c
442,0616a32b521ef9123a895920a836fc67ab72666c
904,9d682e13536b7efeb04cb29ea4728531595e9311
291,d2a99601e166f9afa1a9c2355233bda934a6531e
676,5e894fcb4461308b437dfe3a7d3f0dd27ff13ad2
649,cea3e88f6e439327849fceb5ee92785ae95194e9
307,d8ad0494a6cee42e3b0fd0281f3db55164dc9034
106,523bc00a74d886522122a9ff8f566df66c1f4661
813,7fca30d0d2653d2039b2390f09d46971cfc01925
297,dfda4294445de54f7b697c70d4c87e385cb9f5ad
985,0700bfe3fa06f6c15b3cf47a11e82141638837d1
1072,496e8042947d4492aa3c35b6690b4a5bf5ce35a9
1377,786c157732eb4d9804ec9b4a13079710ebf09a38
689,09a0f0bcb743ddd4b1098621fae12d1b0b538e92
1372,606ea54fb105ca508f9c53da70613cad0cc6fe96
670,1fcecaa698563a293d94bc0354bbf92b2c5e5648
767,231e681ba7dee32566ceab1155567f7d27a2667d
1202,5f3669b202d35617b71a776a6b68d2ab80551720
350,1c00bdcdcc0960edf06d4f25890c69c56db07ba9
1259,ebd1e674ce6fb3436da8395203463634efc3f3df
1285,d657baa784905ea1df610c3f7886aac1570e0517
1068,f2ea48b388dd55907a5de6bc9761c38a63ee6210
763,a738916edf054db552bd92c1b909249eb860a7c1
812,5f411ea7d3bc0db405ff973b07f3cb376645deea
1106,59e8c9407dbe7af5dd8f641c793488f5db43df83
1766,139c7b88dcaee16c0be5a030db3d638d4a2694d3
1141,7dbd7136566ebc4ce5d0c0f81ad49f11967bbd91
334,36c2f03e1723136176cebac52d5010fed7c34fbb
1225,df26304eae8dbd236f664177d77a9551c9dad3a2
1662,fc6896e9bcd7e3e5ffa8cbc20d9273f4f249cc44
468,7c422bf762efd7eab38fceb5e62ec51294f0f9a5
1159,870d5e4c82742aaa4aef61db354a289f8435b932
1437,37c743a5190e33681eda1eaaaaf20f8cbdcb042c
359,d94369a0729f50401b6640efc93fba39cedba4e2
585,de0ec14eb1a0ef9a06d49b31379e3b9507dbae46
1132,cbba9e815ccb585f859a2b70bff6436727f8e76f
1284,d4777c3263d3f01ca953c78c71c05fd3c8c62ec0
234,ccb3e134fee2efdaab4e67f317811aabce390fad
1200,943fdac1cc461de8c70d61f9d3c32f12be39b3ea
625,66f4675f71ef6c3841912478d97a3dc835b26339
559,e81831e982fabcf788071187fc73898dfdaf844d
284,0a22c4fb0c13f9d0f0226a19d2c68cca3d766026
1088,b66c244bdec4cb12df3b2a2b12ea592ab37becaa
1265,2cee5a3c5fc0f643a555605ceea535c0c636123e
1593,5341eddd464584f9188e0cc1c609e9be8de332d8
176,67eb89e7afff7f577e8d236aed55065766cd9c89
822,93178797733187e33682ec7ad44c7bae1263129d
1370,9b0cc14c50defb83b69d61dd1f5516c6e02f7d43
351,29546b45ec65fd06af736324f416568968cacbb5
142,d6f3f6b73bd3682d3b7d28c0bb883ae214e96282
1098,0ccd48b2dedcde12ef08c670f8d53dda3ba3c2b4
280,119d14b5883e49fd275289ec416cfd8fd7fc79bb
667,bc509caa2f1825005ed02f8057531c6ede615f25
260,fc4502e2b6328bd2ff52889cce9a869d827da98d
840,d9db0d4997c0820a5ba06b61a42a5b27048b8188
1678,c1d49f67127ece973c9cfdf18e2942b52553c000
33,25f0da22856cd569c583ecd4d8ec1bfdb860e791
395,0fd83be631b3e5c2ed2149a156821c92f565df4b
502,f4e29c4fb26e2f5c85c09f7c7cb28b4d26269523
214,61b30b9b6786905648b7a8337049b2b17030f54c
1198,aab67df1eabd189c08649054366812bcea9ce34c
1256,48cf263c12d2ced29ce3d57da6180659d11a1534
474,fcd3ae595f9e6fe0932602149c92196c094531fd
1110,fa7004d9585cae73b1247bc1291c04f6032f87b6
1569,be580458db76e83507f10b55336cd86ab6e3994e
486,80e91063d7e954de0ac67cba02ba65b97027b575
1750,043369ff5de03f4bb8b46db84f7f7e266d3ec168
978,372af9fd990085b9ec4fafd7526ea95bddb807d2
1570,7796577f93a717d9fef1f7d146a7ac1055475496
99,44dc0e0f825f64dac0cd84f881052f0488ec5d1b
9,44dc0e0f825f64dac0cd84f881052f0488ec5d1b
737,d98f205c6285a8b2c76549ab37a6ab8ecf6f472c
591,28e1c7daa94a4143017f13df0e50caab15736846
360,b0a3df8430ed65a1e108f8c4e74f95241e9f8014
694,60501088ee9f8d548017eb4a8f71171ea6eaa8d0
81,2d1e2ac524722ec53215909503fc0cc49336ad88
960,1b32881938e4091e637948ec1dcc1f5428dc7740
1255,3d83f57bd15e42454993e8d43161174dca780285
66,c7c1803c5bcbd963b120c0d1786815853de99113
1055,26c5f1e9039ed0c40fdc47f4317441e7493eb0e9
1315,fd4ed26c1dc155214808f2ec0048b19e1dc45241
308,eeead94affaf1c1d4d81033fa118ecbf3c31433d
883,97187d7ccd17963361420c762be1d7fb5ff55b49
1449,432aca2dc149e6e30d3f295a9f1e396f9b1db0e6
377,e14b3a443bd8283293b637ea576c3ca9be1e4508
1180,9f758e6955d0a2abb487cb1dd4ac072ff7f0baf1
1099,214c9dee24445aa1e5b23b2e7171d4c4d5f2aa5f
1430,d8163416cb0c7a696a6c74296d9adb1d6b6c1d99
1071,a927b64244fcd655be7982c350ffcaba485d6f4b
1553,63ea673abcce645dfc0d04e498ce6139e640c968
465,7b7ca098ba366c40d6208638134d575e96730c08
538,4e992f32b8df742b9efa429c4952ec491fea1cb4
222,338341ca28c60ce95132120ccc4332fa958ee3c4
20,3a94606abe2f94df9e346c043733d350f5cc045e
560,02e1a8e02393838af271a70361474ccd7932b94a
1516,01fbe17abf87576691dd715fbb84f4ff7ba3d8b5
25,356206b316995808743ccd203a4f831dffc06294
1198,e082edc8efb7a6995f721f6af5568fe582157dba
1125,b5d0000992a0e18358939bbf76110210623ac1ea
183,9af81991ccc13f3544d59533159683801e54781a
1586,96339d80a3f81d3e25bba32bc303b1b08680c360
505,31479737ed93b62511e38b0689bc09e55d1b779f
562,e1c3f453fb64460d8aa173100b06078bab5e9ce2
135,1c14aa6c1dbf3bfb963a2e04cac3dd9a71bc2aa5
301,7c53267088d0275a5be302a4f4362472ee332241
135,7c53267088d0275a5be302a4f4362472ee332241
1343,739763ab13fff3e8b5e29898c63bee7f6bb8f9ae
1131,e77950d54a061f50678da2475893d9e3fa399353
444,9d39f42d07ef168e02937cc710e8626ab333a958
1400,793006ffb468eefa68910ccc5e1776bec87b2882
1753,0517a4507040982882d528a13eb0881a6799f0f5
961,f77af533115db68c7e22ab1e3e51f6b220476644
8,815580992d29913ae7949711aaec83b865bd8b95
3,815580992d29913ae7949711aaec83b865bd8b95
695,8bf0be180e85f213c07064c4abed9d54550f7220
516,0bd173ddd99ea687adc131723e66d9950a788cd1
670,da3b080f800918b40d74e9c35332e491723f499c
921,2ddce0f2691ec16958d1cefeb3248be5b8784561
769,f3261c219bdac59a1b133d255dadc5b5aaebbd4a
728,85338ed8cde4f588c51534bcdeb63f9855ae2bf3
1106,934a2dce1858d9058c8653d6b090357a58029373
1583,ce4627368ae41ee2a77dc0852de682408be357e7
1367,7972d73625a8a11d2a66fdd91866c5aae0346495
749,2bbb8f87f414bdc9ca269cba276920e25aa6535c
1077,b089cbbf2276c0ad5fbc338c2e3d2cf6989a9480
877,e066e082119a0b9c017cf1a3f83a68adb370b015
1563,f638b1c62f4dc9c5c9db0a68d3c3b0224412313a
906,b85fc65f9a1c2fd9200ad4cc0030d2fea776c9dc
822,9f290895d856ecb9f6abd04788012c508abd265c
1380,f9fd08b94b599058af3d3392d10d92162806d5bf
1407,55c16dfe4e9d0de6b245546f40379149a66e5003
320,7db396e84598b6519ca1b3c33b9c2404706e293f
935,2dd3f6801787a057d7418047cabfe89fa3671198
423,68122d2646c9274fd9005d2bb5c07c39bc2bc1bb
781,6b34de88a07c9f50bc7496963f66dc8773bb6d5c
947,0526b93f926e38ceccdf7fefe3ae6afc48467bd8
1756,612a06148fc9da6b2bdbd5e2ebb8d17c9bc535be
963,869ba430ea280bfbc1a598828fc028d300c680c0
837,cdc783b030d7638e45e52d77a0818166a74f0f0c
1608,4ee17e063a0f14158ec3135d58f3c6cf4b33e515
1235,724b5c9087f420c41fe1d3fc00bd922522aee812
1003,a6550a5326c22d08df5b49a7cf49f1ac6005c8ff
1330,30df839a88677106b6a8afe27b9d13fe13d1cb71
204,f7ad02199aed145423c3b61b4317b2fcc79d7969
126,b293b1a637e43cc3c10970fc89d15a7cd427e7d0
139,9c12ee93a825979a5c9b3287abe4c2224edd5415
841,833cfb3f6cbfc7e1904dbda99772e514ce41c833
1762,cc1ec9ea661633d5e5d12f1e963e7a3e4abc36b4
1314,0ca051fd8cbe96898793e87b4375bac0c6d953f1
43,28d004734f140000fe847f970ec05011000f7a19
1475,4e9e49aa9a5d703ce58590a757dfb7aeb87eb88f
1302,f974274ca5773108a635c4d9205a4a6d6e8578dc
1177,1ec2a2c51cdb6a7f2695e025d4e3f5d00c22f4c4
999,a1019476f89ffd29f264596ef30d001c71204474
917,617564f63c3366e986684f28c7a53398fe865208
152,6c72a6f0ac29efc6681e4e6512fa7e6b63ff4ec1
1059,f658c6323ea3a6695c955b22ee68d84c503b8315
145,d34f62b3cb1385ae9c72dbd199caca4a20f4b306
350,2c597fce77b2b37c2ac6c63a907d3fd74fa617fa
980,720c7409cdfc1700a72328b0d65dd0cc902d07b4
69,9f8f3a65e3e0fe845254586278fee899199e1f2d
1558,a909ef327613d157b427e660fdf764aee622f63c
1034,8c3aa861bb0d3d95ffe897b4dbea84cbc402eaad
140,3713833b059ea3f26c22447dbec43e4f7dbf1b8d
267,c2adaad8d2dffdabf33531380694bf0831c4647b
545,32b41d600fb84cc07223f064831cfda2ebc5f768
932,382974273a8dece830f024633a5ceb7f0817cbdc
215,dd4c52dbbbdcc34b7478de9ae139b87809ce04c2
1035,76bc81423366fed03eb4357c650199ffefecefc1
1229,8b77e2810fa646f6e6495a8882af3f1614536ae4
157,cfbf778f62bfd94090e22c1a2ded8bb2fce8466d
1076,60c79a8e7ea5b46fc2d36d4e46b8c113346b06bd
1005,756577efcf60ed6725dc499db802bca89b09c006
1446,5c240a3be5638e6e94104b8e4a0918abbe5467bf
262,fbf642d335126a7fb1fe25c3dbe2c116e3c0568b
844,058df2b035a9d988d28cb6878bd337aa6d4fdc4a
1571,5e097e8612e97bdcf4cdf5baaeb47fd43fbec9dd
852,b870b74b465cb768675a48423714e77352f62961
1281,b74404248f095cf8a0e7dfd2686e3beea7a03f19
1602,473ee22e7ce65a65766c3bb8a286aa0602368424
284,3a7e28d93f8f9530dcf84b942d1c17de1e988994
769,062fe1dffef7e4c5e821924d1fe73f12ee77d4a1
1620,9dc0afaf41c6ea74c858535e321edc3b858a4c5f
1126,66c061c034c7ceff38205b9479ebc5da91e1663f
1660,e6241930bee7cad01fe607c6e17baf4d7ddefbec
1471,7f3515763e2c8fdc7ed5732ac72a6429f946edf4
1189,d45adb813a169d349bbaf5518ea1182b4b5cfb35
885,9480f45b1fb23351171c8f1e85519cd3ab6fcdf1
751,21e7864c0b5f7c79d712b28a7950fcbdc76c598b
1302,c18f4ce44c1cff08ac548549f6a291f8422eec5c
842,827d0a9c1b9700948af8970b9a6e79c2fb140641
135,6df1ea8140d530d04d41d90b3283d1ac18bf8fa1
530,c3d148673ef3bf95f2e33d936f94c975f57faf80
1696,1ba472b517b54550cda23e806714c628753d4b6f
1349,a64c5043ad08ad2ef84db9fdf26f28fc4f65c1b3
876,cc5d3bf10c4db670384009176602a7f02bb4665a
540,93d0c362c48932113a60ffbd467e5ab5591569ad
1051,0ec598299d7742ed1661ed5ee9fd47d98813f6d6
1184,ace159e4cf9e7515fc954ec204613cb62fa87d3d
1394,961b6926ac1a3f5a2455f5975a6e3a878bf1d369
1165,166493f36ee4de3f63f5d5f9d1c404ed69164961
641,d4e61fea81eb7f6aa48f5cc2e15a9ab31de4a093
873,8a09aaf9f36d5dc72bb42381b947711493b72494
801,604c504d01e45c7194ffeeec5ec8831d52d21cd1
133,250dbec16d240a3dc16cc75c7995f55467c8711f
927,5010f0ac5408bd778de957bf8bb503cde93a2fd8
475,866dd44c6933acf739708ec77364f692749640a4
1608,20789ff48d22464408f55aa2b7aea48a4a430607
918,50fb9f28c5552019607dc281ab806bbb57de58aa
326,ef113cbef68e2ebc5cf8dd7f27ae7ed179dbaaa2
1198,fb2c4f566e0bf44d93e75e715263ef8c609df165
215,40ee855580141f159a0389113e296f1982d9505d
350,40ee855580141f159a0389113e296f1982d9505d
1027,d0465daf9f943251bea487fcd9e545fef4ef7d9d
604,72286cfc11de65142212e9c44e0ab3b656a0bf9f
1717,d8893b0726e7efb4ecbf7099e0bbb54b0f4c8cf3
45,a6e45a677bf441db278a04022ae09e5b88640dab
1610,6a3591709124f4f5fb744f280de6323fe80e9f35
1302,8584ddee8b62e18a895da0593ccb90305ef13245
1302,c289941e5620b2df172dabcac24116216f042df1
446,8fde57047072c25fced32d7c494d63efe0fec8da
1442,1017f006b7a4f89781584d1d5eec9db2e1595e6e
284,491639791e1d0c34d77d94e7fba2d07a7bc81fae
1757,8d6e73306d34fc4dd95b1fbf19b6fc3b89b462ef
1111,c34263f03dfe53978e8760736ffd21b646be69c9
868,17ae861d1e75a0d038d78fd1dca4d1fe9500581d
166,fc22a8cadc1fdb07906ee7361a07fbdd8eaa5d0c
494,093fc77edfa7e608bcbc6ffad075a72f87b1496c
1001,b05a6919f7360df4e9c0fd059fb7a4e7b16c2942
1447,871d9bc7b688370ac641d42d2fd5da64e5106a86
1478,15f4f755bb8c69765a62a4160fb79c27df938b25
1042,cb355646849b6efe182113b21a7b089ae181cbf8
310,edf95821e2c0b1eb12585fe1a3ae1212106d67ac
1297,4aba4d83cc0f517823b397839f0bc0a8e2bf8683
127,85401b84faf418185429c5fe55edaebfdce581db
967,70f4d5505eacb525107d17ca411ed60890eb66ff
183,95a8665249be66410e167ac2043a9e77aa21168c
572,0420aafee341ec53659e70886862fd808c8c734b
844,bdeb082c2bfad0f351ccf140506bd00ed1f376e3
1500,a704ea92ac3f3f69d7f385894dbc5be86fde0dfa
877,0144bdf1c8e84e9163a82d4b4169b884bfb48e2f
1029,d3a1b653a400f46d7cca5cb75aa806a5848c5496
20,a5b3d62fb50ddd7be753d4a5a8753f7d114c4d45
865,35fdbe2ada7fc124057c7301a4f6109313972183
620,5689274e53a1fbc9436f18b9ad91733c5d6147de
71,4325699191136817597295dd066234e6bcf2afb3
1302,1f718dd612b0dada2319e966a7c3b31564c1c5d2
1661,90b293cb0d8bf4989de3c772472ff450a50fecea
891,479965aa8f51df58f65fa15f928ef00d922b8b04
940,7a938c346be262b53bbfedff0c1f8f6df59a7dda
940,2e2048777329fb2c86397e436effb886136469f7
1079,2e2048777329fb2c86397e436effb886136469f7
1006,8fa9b8d5597c37e28a9a1373a007d1ad383e1bd0
1602,bb15e67b0130ccad26a154b08e9a7ed3e636118f
1322,ec7850031220fe86368c6c7c47c4f5cb6d2d7ce2
215,1e846ac712be502cd33b6f93343b3eb2a14aa13c
1543,72b7e698645d39eadc49407af8b7397ab2c20176
84,4b7056b26f06166f5188bd0daef1f618aea2921f
794,8918f8bc3e3b04385ea0f12c3057008a4ab74816
844,d5717336c507d69e8c874ba960e16d7b8441c3aa
1574,f7396d33270c0d9f39ad2ad2d841d82d9044dc61
34,c953679a51327692259c969c58209316db036f2d
1771,cb7836220a971fc39cbc2488a97a22dc7ea6b520
264,64d02e7f2d5fc87cb24767077a7ea1cec354a5eb
1414,c7b059a76d62b21794860285c4c7daeadb761703
264,797ad242d35fac98bdf8de7b54946ee7f1dfa159
301,4d6d354431be0e841dafa10441bd4c4054722454
869,8cb827cdaccc0889bfe3ac397b26e4bd1fb0af7c
1216,63718fb3433435195ea33cc2fe61f3504db6c2e2
296,ef4697838962682dd58ccd03f1fd059641197fa5
284,ce9521aa84f7acb61259e02ff4ce095a4754566c
718,e1e565b6f7108daf5a5b03d1fef6ffe7a1c58fa9
173,f9f1c266a21d8ab92aea00bc52b2f8e916913166
539,1db6597455819f375f05ea0f72369024c884be8e
1674,f51073d25b431f9818be8ac1d8ca50fc3a174d9c
260,8ce46d67d5555f54d82305ed8d9168f98c41c078
450,23bd7ea5b9ac5c11ddbe63e32cbd27dec2fc262e
955,2f3681cf147e1f81b4708f9951667522600a0e09
409,596c68651bd0d454bd58438185cbf15a2fd649d9
350,596c68651bd0d454bd58438185cbf15a2fd649d9
390,a3798e46f451f12df1407ca2698f02e6c8b74003
1302,b6be0bdba10ef434389f69804cfe76c5ff4af036
1297,6548bfb15f4503f1c94663768c4596f18b31a75a
609,d29f10bf86147bf8539ff502629c4b51240be7d6
80,8d2d6bd33526554300f1d3ce274cb33ebe58f0f1
597,d3c677f3a332c1215c51d363ff78d62f32247ac3
1811,f0ac329638c22af3ec51137ccdd42360d662aaf5
722,e4b3b5588e7d88e3bbde2314942cd07d2c28289c
1584,7bfbf98f4222e48c105df1a8d26b0616b44a8d8b
246,45435f9031a592b996e50767063803988885fb78
1092,821006aee3290653bb4196aa943556d5ad48951d
1600,6d6b066c1a7c000ce41cb8b0c21383b95321c25d
917,a23e603b4a5db791a30d1d2827df5b80aef8ca4e
65,4e9426b94eeb8a4bc96bcb1c88885c8f9c99731b
350,4a8e717f2b117940adfca7bdcf278c1d92962605
908,189a2c769a8a4e8963035563402252d4db7b7316
596,6b243d49cbf5cdece422fd63706597f790740969
1214,ed3b92490ac22c87ab937440749877afc49fccbf
1695,0d46de483aa643723a3af70ad0c73f3806ec545a
509,7d6b92fdaaff183dd994e10833dd8f22226312f2
1152,328b1d551b37b661bb5ee2130c1b3a766a3291d7
497,0a71dceb3c0010a57813963b2a32521a100c6a8b
273,5f0d1402734782d1a8eda7654c4eb4b43e6b2570
221,34e36f139810403687ab6f879d3dc1250a0b9118
511,16e4f6aaba186dc25218effcf5f0d44473a29f50
212,044bf0527447a5912024ee3fd97a43932e7335ac
1459,395e2950dcf6174a2f07dc7dde8fa8efee0dd962
1216,5292e4bab90c641b037a3c5c6d9fd84ed1c99f39
248,d5f7279239b9d38af4a6592ee7dc0606cacc2b73
133,eb4129a2a2c035f5923556708cbce56d3a89b587
801,abe421a1468bea9ec5311994dd582d0703a6c1c5
1292,70235f3b3e479cccaa4d7563844977d33ab74062
1302,4e776dcf8de6fb0387683b88979f6ea8432402f5
1587,cd12414452b1527726963b8b16a9f659b3a0174e
1737,8bc4a0cc9b54284e1c1ce506a40f2ca518c53793
1437,fee379aa329be472b64d50cfa02d85f1dfffe383
1452,7e428fc9a2e7d1a6edefd6501f81af7527bff7ad
1612,d65e5c687346238b9319ef8c5a2181e401ac17a2
1228,b86f3a2f0eaec52529d83ba263faa6afdefd58b0
1204,a1aa2a40618909859bf1702bc07e08afcf09f80f
1498,d1260090dc2493b27088e31f4da2fd79d9d0b8eb
617,758b86c989f9728acf383f189acd3e6703885b16
281,4bc5bbd4f499437d400a1bdfc3d2b018b351f0c5
1090,52f280618322483f59941e35413ed72d788754fa
1181,02e6449060fa5f7f249b19f571d34720a93601c6
647,61ea427a06ae3f709bfe4c6d186812e57ae0a583
1072,b4472865013ce3df517aa5ab396e3862e5a39fe5
1269,bbcb0006ca5fd5698bad3e0e51f4ab788b3d5d4c
1091,aee2c8a9521729232cb1c300d0c63147421927ff
640,7927acda30bde8887943400ed369287562bb40d9
1470,897fc11cdafb936880a7fdb2af575ff30c0aceb8
1018,10e5275c5ea7e2c218d3a09df553b70f993d7ea0
1245,0be2b65004436f939cf2cc473e53db040a4454fe
1736,ee3a28fc2718a9cf9722cdfe42e245c57c08cae1
225,c9834830963b3c8e87d7c6482b333ba0ecaaa037
260,c9834830963b3c8e87d7c6482b333ba0ecaaa037
177,e7164854cfde790ca16b5a250775bf3a052bbfe5
1381,7d27f3620fb709162c67c601d9ec3aaa346a7b9e
1427,dfaa81117c5e431a21499e98f886036b4cf3a993
822,cf82f3ca6e94a498fe69faafd854b210631bbb32
342,c7a67231a1ae4ed32a443e1239fedb14740cfb10
920,db5600e29111783f7e0df0d649cd6ac6b6a018f8
1215,be0a5dced2ea5ce2322b8dd27a1b38b96bc9fc80
1525,d4fb19f900f93084a68b8587b823015effbaee2e
506,02ca1de7270deac8f27fb2e362021543b6079a68
966,07152db8a8d68d6e290e7893b3a05da263a650d0
1319,8cdf6660238c075bada7f41f0ebe0dee17929a79
997,6fa65b78e55331efb19e2f6f1dcc51eeb0769c45
509,4dc314d5863ab8b79602d31fe028bf58696383d5
686,d63e0f2edaaebea5d1dc27a1c76946871afd3ad3
254,d7d68d6ba893c1d7135c13c015e31bd33483a074
493,718bf76c24bae741b9dc9d3921dc3c1ed0b24bda
496,d3ba6d73e6c8716c6c1b62f0624b4afc29eda092
906,977485973573b87c65379302261676c865c82129
1474,12bbea0686ae723c306a377bab9cf70c9451f0b8
1146,41b8194fcfa8159dde9454c2091e67ff038631e8
893,307077089b060dbcd77e19dd1234cd9461167897
376,0607e0de81c645e9174d49ad232d0c9964982790
56,3eb22d4dd82b100ab1a027f358408392eed2f879
1242,0280fee91673aee1d54620eaf632ecfb43ad60ff
79,32a539dbb9c5dd5e7f3550920edf9643bc9ff6d5
1264,ed48d2f375a51debb764ff6d7dae91b3dde5cfff
973,b7c9123f305770cfbe11dbb3a09ad40ff5ee6429
1275,2f3740b2d417f3fbb7572cee7cdab376320ce104
377,b814437986d6224ddd49d59d85df582341d631d8
825,3f3069a9ff3891cc6c36ac2a43f0befcaa229b43
449,f84e7cfc57073e4b8264658576c8a15b5e718070
658,123209a832f4bd0deeb88a0eb52a6b73cf5828e0
1344,15ce7a306f0c36392253f5f451862eb687d2e8cc
1504,951f725077b7c48889866fcf48ab2c805731a431
561,8ce7ed4c6617b83b0602446fb36b50c7cd320c9a
940,86890877e6569cdaad69cfda449ea64025ecfece
550,f17a3b148161d306374c5c8d129dcf6fbd10fc68
1481,a37f8c650a0d90f242b4ed85ec3898bab83620aa
1297,2bf2b611498cb9483143ba06ab487b2185a67dda
1138,0a1fac788c52ae0eed862d382dcced5fc7c2fb92
827,a5ced6eb3f003fa809e06d1245ca63f2e0ab116a
1588,ba2ba79ca8e5f82a43ff5927e498e64b430c126e
512,ebf480c3defec6df023fa523e4253726ae65110e
1547,28f2a576a0fdffac95242ec4e389b8bdea3ff89d
215,e239855a7fdd59f05d2dcbfdf2592ab986f1a5b8
350,e239855a7fdd59f05d2dcbfdf2592ab986f1a5b8
973,cfbe6c875fa11479adcf4904ed4f028ce5b69fe9
1360,c630947685941615e55ec0e905b39bb0f49bffac
1053,f345ac51bf4515794cdcf39db3b45e895ba81a73
14,264a5e388821ad93603832fc5f98bcfbdc4c45c3
20,408b2fca1e302db0a5bb6743c0cf8aa474c38ac3
589,000094e8ebc3847f3b2ebb142125f7d437383ca7
1572,9eef5d89d98261b1f82e157bbd20dd97a377e9d9
1207,a9cf69c4aa604d7dc5c9b9cb0f35854ad5d10b6d
1532,3928b0f7fa8f50d6a38c9144882fe30b90d39eee
1743,e6b06abfb9fb02a710b4b245b2f7bb49a8c46ecb
1041,23245c80bfdfd1cc3198349d0a3e55c0cb9476f4
793,025b7cf2edf4ca85a86138afdc3beaa65af2dba7
1198,701ccd81a9def4958bbc8c05df479cac14b195b3
934,96375a8904f19d5f90afdd4576b29ad94780ebd9
1359,25b8b0fae288244336243f87a73b4f328e97be36
1120,dd2ca0a560b1c4e00e2e57748419a0e5fd184ab8
520,2db545de299f71e7bed85227b2474883c0957e05
1170,c54d5310ad096730741253f228507bdf50ee81a1
1198,1e03a06cc269e8a1b4af1afe894dcdca44cd1bbe
1627,727dbbd2f25740a15fb76ae53ad33fb5db4a66b1
1522,0a4cd8077ec58e15e28f4e76264f3d85272263e3
547,b8da91f1270a17ac39fd6e3daa96b2446283d365
1169,1387e003fb5494821db7c2c71b73c899349bc6cc
193,be3c7f356554208ced24bb5b957446a8dabc00fc
1295,337ea17a1b2a0f68d13e37deeac4364416600b00
1321,a38c36ebd84453e60f060d4b8bcdc17ff0fdfd5e
418,77abdf69e5b2aaf47045de957a8405c89eede9dc
900,b002aa23897f1a456c8b4a5eacea1deac4a9c6b3
976,98c132cfb84abf9e2af785c3e441efbd96a59f36
367,5a6d21a3558d8be92ed651ba3788edab2e9ea0f8
92,ad1342b04641fa247843d947f2dcdf6929d9e2d4
742,5a2b01ffc097237f12bf0690360738b281327e98
802,6ef899f6888ee0c99f3116e4bb4f41cdb4454548
602,23aa07537f9cbba704a973103bdef572fe9746ad
553,aa92c32cdf38b2daf9fcb6c40c8865289de42b85
115,6dc35fe5faebfaa10931ea1e5d18ad2d7a47243a
284,a34e4871d62b8b1a8cfd54ec66322f8397cd4de8
729,75dcfe040fa03b7d43de2e37100b20ff3ae8ac65
215,414ddcfc469d1094e43066debc405b3859ebdcc0
1815,cbc23b86e1ab0e22eca6248893164b8cfcf2119b
959,eecab3cedc116927997d9ccf30ae8f8c37d15f33
1516,5df98e2fe866807b2508a46829d381ca188bd1d7
989,f2ac0bd4c7a66aead0457893a43b0cb8828af217
1037,255fb772d626c82903dbf4e9ebcaecbaa3be8c33
86,05064cd639af8236ef757eeed0f86b8ee1193f11
906,153f0e90e9fb916a5b16d389fcf2b237d3e2fbe8
1187,8572be7efc0f26104fd90f45f45ae1badf10f6bc
465,8bc0305956dc5e8713b20197fd5af222acedf4ef
954,0eb16207c68fa504732c16e1ba3f683cc8345e68
259,80c0adc64c79b5910e754bf700fa163bd92a7258
1697,75bb14839e7a2eadbfdeb47c45ef4872949bdaf4
1198,7044bf7ccd85ea150376b09872bc068eb21d5309
1685,610669e61199883a0a0c1247065cc5241678de43
107,4896e357f122373985e94a7cf24adf9bdd4b1326
928,19f3ad302806ead652230cc678783a3997dde638
657,6c7041f4fc831162e61ff17d19c0976cccffc736
561,b88d99db394b9f61b31e2c088c167e5baee6e8cf
23,fae4da8c0497081aaf5a32277d7c46d6a0821a7a
203,ce39cb30494e130bec12105e7930d6e1606c8517
193,30c269d5ba7103c55e839ed8fbe34fd5bf68aafc
1121,f6e5378e48345a8190fd609f8aaad975b7dd69d3
281,3eb0a1271e49ede40b6b228fe9a670ad7360bbf4
264,f0ca8d3b5d15bd17755d4ba53dbd802007384fc3
1302,bbd9c7ae495f84615171ca098653628209a6f0a0
274,d483e88b87ef064e79aa158402f9c5dc316dc765
256,556bff6e272e0ed9324a0c1b2805edaebec896bf
675,07e5e21819dd92d5aa17afc9c9d7d275f48541fd
545,66cd52597f7f71d52a52e31947c11ec22ff56963
820,b3868e7a52173ddce3ec891f452bf75f63bb7e6b
638,c47b5f49254862fc6648af4cc0d4e75a0d0b53d8
913,0612e2670a5ff2089cdbe306cd31f13763b51afa
264,1503b8354ab4a8209f9022e0f6a578cec0441192
1156,a03c7eda7551c0701128056dc070df573cb02531
253,957e5ce25b7a0b8c1d16558faaa52bc1daf69304
844,99093a81a0e16311cd25e2e903216ecb9e887892
660,d92c66779d5bd9e19bfa6f3f1553d3bbb202dc8d
774,79e870a6ee9a41923de172591927ed39f724fa10
611,9c2a4de2a59883e30912afc6af8d446ceda61e1d
803,cbeb67259fa2cd3ff33dd44400e31c3e61bdc51d
1111,c810dbebb98ca13e6a6c99bbfc07e573ec9a53b7
1451,53244b4c9fe892ce9b2808de6ffb2fa5d4a7dd18
1284,1c5634ba1eac0d50a621fb1ea9bc2e6bbf173de4
888,07fec262daa2841e7e09021916483703e2dd526c
477,7402e1322421caa3935dbd7ee477609b18a801a7
1243,382423f5fee97481d16dc7426e6f4975eb9a32ef
934,747b8a6666aea5a711f3d9812fa4a10e9c8a6194
1241,1b5bcc1a7125137b1be18fbdef1143c0541d27ab
1261,1b5bcc1a7125137b1be18fbdef1143c0541d27ab
117,dd12332dc94158fb4227322fa565c9d409bf5d98
81,75bef2d41ee28b12d4bb12a6526682e5b76ef078
396,fa29d8393ca4eb07a79485c3dd304415a767b5f0
1432,8b82fb87f9a3d11eea9692e6cb1588658461fecc
915,7978c4a22e19de6c6cea422ebf576e4535d09720
739,099e4e22a0485e6b3d65ffb725a1632087c642c5
1270,88f3dd7369252ea86a33e4b84ec801e602715e64
